PassengerId;Survived;Pclass;Sex;Age;Fare;SibSp;Parch;Embarked;Name;Cabin;Ticket;oof_probability;oof_prediction;is_correct;prediction_type;confidence;distance_to_threshold
850;1;1;female;;89.1042;1;0;C;Goldenberg, Mrs. Samuel L (Edwiga Grabowska);C92;17453;0.9873972613555327;1;True;true_positive;0.9873972613555327;0.48739726135553274
262;1;3;male;3.0;31.3875;4;2;S;Asplund, Master. Edvin Rojj Felix;;347077;0.06006299197365124;0;False;false_negative;0.9399370080263487;0.4399370080263488
753;0;3;male;33.0;9.5;0;0;S;Vande Velde, Mr. Johannes Joseph;;345780;0.4454608946243148;0;True;true_negative;0.5545391053756852;0.05453910537568518
538;1;1;female;30.0;106.425;0;0;C;LeRoy, Miss. Bertha;;PC 17761;0.9675244505581498;1;True;true_positive;0.9675244505581498;0.46752445055814984
433;1;2;female;42.0;26.0;1;0;S;Louch, Mrs. Charles Alexander (Alice Adelaide Slow);;SC/AH 3085;0.538187722128242;1;True;true_positive;0.538187722128242;0.03818772212824195
289;1;2;male;42.0;13.0;0;0;S;Hosono, Mr. Masabumi;;237798;0.4700056774052002;0;False;false_negative;0.5299943225947998;0.029994322594799783
831;1;3;female;15.0;14.4542;1;0;C;Yasbeck, Mrs. Antoni (Selini Alexander);;2659;0.5163020454328513;1;True;true_positive;0.5163020454328513;0.016302045432851298
776;0;3;male;18.0;7.75;0;0;S;Myhrman, Mr. Pehr Fabian Oliver Malkolm;;347078;0.4426032700397102;0;True;true_negative;0.5573967299602898;0.05739672996028983
522;0;3;male;22.0;7.8958;0;0;S;Vovk, Mr. Janko;;349252;0.12825982885563617;0;True;true_negative;0.8717401711443639;0.37174017114436386
40;1;3;female;14.0;11.2417;1;0;C;Nicola-Yarred, Miss. Jamila;;2651;0.5013966876003887;1;True;true_positive;0.5013966876003887;0.0013966876003886908
177;0;3;male;;25.4667;3;1;S;Lefebre, Master. Henry Forbes;;4133;0.15523011510594528;0;True;true_negative;0.8447698848940547;0.3447698848940547
793;0;3;female;;69.55;8;2;S;Sage, Miss. Stella Anna;;CA. 2343;0.09475157743834245;0;True;true_negative;0.9052484225616575;0.40524842256165755
329;1;3;female;31.0;20.525;1;1;S;Goldsmith, Mrs. Frank John (Emily Alice Brown);;363291;0.5044357944720083;1;True;true_positive;0.5044357944720083;0.004435794472008259
616;1;2;female;24.0;65.0;1;2;S;Herman, Miss. Alice;;220845;0.5960874454694023;1;True;true_positive;0.5960874454694023;0.09608744546940229
370;1;1;female;24.0;69.3;0;0;C;Aubart, Mme. Leontine Pauline;B35;PC 17477;0.5960874454694023;1;True;true_positive;0.5960874454694023;0.09608744546940229
477;0;2;male;34.0;21.0;1;0;S;Renouf, Mr. Peter Henry;;31027;0.14876704473846752;0;True;true_negative;0.8512329552615325;0.3512329552615325
280;1;3;female;35.0;20.25;1;1;S;Abbott, Mrs. Stanton (Rosa Hunt);;C.A. 2673;0.509377720242975;1;True;true_positive;0.509377720242975;0.009377720242975007
5;0;3;male;35.0;8.05;0;0;S;Allen, Mr. William Henry;;373450;0.18010246150415732;0;True;true_negative;0.8198975384958427;0.3198975384958427
798;1;3;female;31.0;8.6833;0;0;S;Osman, Mrs. Mara;;349244;0.509377720242975;1;True;true_positive;0.509377720242975;0.009377720242975007
10;1;2;female;14.0;30.0708;1;0;C;Nasser, Mrs. Nicholas (Adele Achem);;237736;0.8790006703470719;1;True;true_positive;0.8790006703470719;0.37900067034707186
326;1;1;female;36.0;135.6333;0;0;C;Young, Miss. Marie Grice;C32;PC 17760;0.5949803305916761;1;True;true_positive;0.5949803305916761;0.0949803305916761
514;1;1;female;54.0;59.4;1;0;C;Rothschild, Mrs. Martin (Elizabeth L. Barrett);;PC 17603;0.9654199905009996;1;True;true_positive;0.9654199905009996;0.4654199905009996
801;0;2;male;34.0;13.0;0;0;S;Ponesell, Mr. Martin;;250647;0.4341190838001222;0;True;true_negative;0.5658809161998778;0.06588091619987779
474;1;2;female;23.0;13.7917;0;0;C;Jerwan, Mrs. Amin S (Marie Marthe Thuillard);D;SC/AH Basle 541;0.8618090898881425;1;True;true_positive;0.8618090898881425;0.36180908988814253
423;0;3;male;29.0;7.875;0;0;S;Zimmerman, Mr. Leo;;315082;0.19406663077817535;0;True;true_negative;0.8059333692218247;0.3059333692218247
87;0;3;male;16.0;34.375;1;3;S;Ford, Mr. William Neal;;W./C. 6608;0.47039389347996435;0;True;true_negative;0.5296061065200357;0.029606106520035647
629;0;3;male;26.0;7.8958;0;0;S;Bostandyeff, Mr. Guentcho;;349224;0.4426032700397102;0;True;true_negative;0.5573967299602898;0.05739672996028983
43;0;3;male;;7.8958;0;0;C;Kraeff, Mr. Theodor;;349253;0.18081534484545864;0;True;true_negative;0.8191846551545414;0.31918465515454136
743;1;1;female;21.0;262.375;2;2;C;"Ryerson, Miss. Susan Parker ""Suzette""";B57 B59 B63 B66;PC 17608;0.8632608944884596;1;True;true_positive;0.8632608944884596;0.36326089448845955
837;0;3;male;21.0;8.6625;0;0;S;Pasic, Mr. Jakob;;315097;0.4454608946243148;0;True;true_negative;0.5545391053756852;0.05453910537568518
611;0;3;female;39.0;31.275;1;5;S;Andersson, Mrs. Anders Johan (Alfrida Konstantia Brogren);;347082;0.47697048085730137;0;True;true_negative;0.5230295191426986;0.02302951914269863
174;0;3;male;21.0;7.925;0;0;S;Sivola, Mr. Antti Wilhelm;;STON/O 2. 3101280;0.12342722059957137;0;True;true_negative;0.8765727794004287;0.37657277940042866
125;0;1;male;54.0;77.2875;0;1;S;White, Mr. Percival Wayland;D26;35281;0.1976667793165738;0;True;true_negative;0.8023332206834262;0.30233322068342616
747;0;3;male;16.0;20.25;1;1;S;Abbott, Mr. Rossmore Edward;;C.A. 2673;0.09392060248144547;0;True;true_negative;0.9060793975185545;0.40607939751855454
313;0;2;female;26.0;26.0;1;1;S;Lahtinen, Mrs. William (Anna Sylfven);;250651;0.9362540794167454;1;False;false_positive;0.9362540794167454;0.43625407941674543
410;0;3;female;;25.4667;3;1;S;Lefebre, Miss. Ida;;4133;0.14660137927783318;0;True;true_negative;0.8533986207221669;0.3533986207221668
244;0;3;male;22.0;7.125;0;0;S;Maenpaa, Mr. Matti Alexanteri;;STON/O 2. 3101275;0.2661398486154734;0;True;true_negative;0.7338601513845266;0.2338601513845266
560;1;3;female;36.0;17.4;1;0;S;de Messemaeker, Mrs. Guillaume Joseph (Emma);;345572;0.5601267217562079;1;True;true_positive;0.5601267217562079;0.060126721756207924
293;0;2;male;36.0;12.875;0;0;C;Levy, Mr. Rene Jacques;D;SC/Paris 2163;0.2139751226962999;0;True;true_negative;0.7860248773037001;0.2860248773037001
446;1;1;male;4.0;81.8583;0;2;S;Dodge, Master. Washington;A34;33638;0.8363961492397872;1;True;true_positive;0.8363961492397872;0.3363961492397872
413;1;1;female;33.0;90.0;1;0;Q;Minahan, Miss. Daisy E;C78;19928;0.9883076166912304;1;True;true_positive;0.9883076166912304;0.48830761669123035
615;0;3;male;35.0;8.05;0;0;S;Brocklebank, Mr. William Alfred;;364512;0.10624934548247156;0;True;true_negative;0.8937506545175284;0.39375065451752844
651;0;3;male;;7.8958;0;0;S;Mitkoff, Mr. Mito;;349221;0.4700056774052002;0;True;true_negative;0.5299943225947998;0.029994322594799783
46;0;3;male;;8.05;0;0;S;Rogers, Mr. William John;;S.C./A.4. 23567;0.10592023290582364;0;True;true_negative;0.8940797670941764;0.39407976709417636
349;1;3;male;3.0;15.9;1;1;S;"Coutts, Master. William Loch ""William""";;C.A. 37671;0.8247726387826938;1;True;true_positive;0.8247726387826938;0.3247726387826938
107;1;3;female;21.0;7.65;0;0;S;Salkjelsvik, Miss. Anna Kristine;;343120;0.6097753858390872;1;True;true_positive;0.6097753858390872;0.10977538583908719
341;1;2;male;2.0;26.0;1;1;S;Navratil, Master. Edmond Roger;F2;230080;0.5364104894502011;1;True;true_positive;0.5364104894502011;0.03641048945020109
634;0;1;male;;0.0;0;0;S;Parr, Mr. William Henry Marsh;;112052;0.4426032700397102;0;True;true_negative;0.5573967299602898;0.05739672996028983
425;0;3;male;18.0;20.2125;1;1;S;Rosblom, Mr. Viktor Richard;;370129;0.4700056774052002;0;True;true_negative;0.5299943225947998;0.029994322594799783
817;0;3;female;23.0;7.925;0;0;S;Heininen, Miss. Wendla Maria;;STON/O2. 3101290;0.509377720242975;1;False;false_positive;0.509377720242975;0.009377720242975007
357;1;1;female;22.0;55.0;0;1;S;Bowerman, Miss. Elsie Edith;E33;113505;0.5960874454694023;1;True;true_positive;0.5960874454694023;0.09608744546940229
417;1;2;female;34.0;32.5;1;1;S;Drew, Mrs. James Vivian (Lulu Thorne Christian);;28220;0.9469132994784326;1;True;true_positive;0.9469132994784326;0.4469132994784326
150;0;2;male;42.0;13.0;0;0;S;Byles, Rev. Thomas Roussel Davids;;244310;0.19409862432988875;0;True;true_negative;0.8059013756701112;0.3059013756701112
599;0;3;male;;7.225;0;0;C;Boulos, Mr. Hanna;;2664;0.12234823767919933;0;True;true_negative;0.8776517623208007;0.37765176232080067
11;1;3;female;4.0;16.7;1;1;S;Sandstrom, Miss. Marguerite Rut;G6;PP 9549;0.5230295191426986;1;True;true_positive;0.5230295191426986;0.023029519142698573
343;0;2;male;28.0;13.0;0;0;S;Collander, Mr. Erik Gustaf;;248740;0.09003878732058403;0;True;true_negative;0.909961212679416;0.409961212679416
60;0;3;male;11.0;46.9;5;2;S;Goodwin, Master. William Frederick;;CA 2144;0.447736488723955;0;True;true_negative;0.552263511276045;0.052263511276045005
269;1;1;female;58.0;153.4625;0;1;S;Graham, Mrs. William Thompson (Edith Junkins);C125;PC 17582;0.5447534080740233;1;True;true_positive;0.5447534080740233;0.04475340807402328
551;1;1;male;17.0;110.8833;0;2;C;Thayer, Mr. John Borland Jr;C70;17421;0.2485647353438009;0;False;false_negative;0.751435264656199;0.2514352646561991
54;1;2;female;29.0;26.0;1;0;S;Faunthorpe, Mrs. Lizzie (Elizabeth Anne Wilkinson);;2926;0.9326815495215541;1;True;true_positive;0.9326815495215541;0.43268154952155413
401;1;3;male;39.0;7.925;0;0;S;Niskanen, Mr. Juha;;STON/O 2. 3101289;0.4426032700397102;0;False;false_negative;0.5573967299602898;0.05739672996028983
610;1;1;female;40.0;153.4625;0;0;S;Shutes, Miss. Elizabeth W;C125;PC 17582;0.5482226885153654;1;True;true_positive;0.5482226885153654;0.048222688515365375
540;1;1;female;22.0;49.5;0;2;C;Frolicher, Miss. Hedwig Margaritha;B39;13568;0.5960874454694023;1;True;true_positive;0.5960874454694023;0.09608744546940229
524;1;1;female;44.0;57.9792;0;1;C;Hippach, Mrs. Louis Albert (Ida Sophia Fischer);B18;111361;0.9645468569919387;1;True;true_positive;0.9645468569919387;0.46454685699193865
851;0;3;male;4.0;31.275;4;2;S;Andersson, Master. Sigvard Harald Elias;;347082;0.06672992525529972;0;True;true_negative;0.9332700747447003;0.43327007474470025
402;0;3;male;26.0;8.05;0;0;S;Adams, Mr. John;;341826;0.12981719016401086;0;True;true_negative;0.8701828098359892;0.37018280983598917
767;0;1;male;;39.6;0;0;C;Brewe, Dr. Arthur Jackson;;112379;0.36388095962246336;0;True;true_negative;0.6361190403775366;0.13611904037753664
533;0;3;male;17.0;7.2292;1;1;C;Elias, Mr. Joseph Jr;;2690;0.4700056774052002;0;True;true_negative;0.5299943225947998;0.029994322594799783
270;1;1;female;35.0;135.6333;0;0;S;Bissette, Miss. Amelia;C99;PC 17760;0.9637929631030213;1;True;true_positive;0.9637929631030213;0.4637929631030213
166;1;3;male;9.0;20.525;0;2;S;"Goldsmith, Master. Frank John William ""Frankie""";;363291;0.6203320075339667;1;True;true_positive;0.6203320075339667;0.12033200753396667
320;1;1;female;40.0;134.5;1;1;C;Spedden, Mrs. Frederic Oakley (Margaretta Corning Stone);E34;16966;0.980451798292507;1;True;true_positive;0.980451798292507;0.48045179829250695
520;0;3;male;32.0;7.8958;0;0;S;Pavlovic, Mr. Stefo;;349242;0.12256916648350552;0;True;true_negative;0.8774308335164944;0.3774308335164945
108;1;3;male;;7.775;0;0;S;Moss, Mr. Albert Johan;;312991;0.0940590427183814;0;False;false_negative;0.9059409572816186;0.4059409572816186
888;1;1;female;19.0;30.0;0;0;S;Graham, Miss. Margaret Edith;B42;112053;0.9566570952146966;1;True;true_positive;0.9566570952146966;0.45665709521469655
709;1;1;female;22.0;151.55;0;0;S;Cleaver, Miss. Alice;;113781;0.9563602185411533;1;True;true_positive;0.9563602185411533;0.4563602185411533
396;0;3;male;22.0;7.7958;0;0;S;Johansson, Mr. Erik;;350052;0.10633746091160304;0;True;true_negative;0.893662539088397;0.393662539088397
715;0;2;male;52.0;13.0;0;0;S;Greenberg, Mr. Samuel;;250647;0.11281251926242168;0;True;true_negative;0.8871874807375784;0.3871874807375783
771;0;3;male;24.0;9.5;0;0;S;Lievens, Mr. Rene Aime;;345781;0.4454608946243148;0;True;true_negative;0.5545391053756852;0.05453910537568518
731;1;1;female;29.0;211.3375;0;0;S;Allen, Miss. Elisabeth Walton;B5;24160;0.9783661831952928;1;True;true_positive;0.9783661831952928;0.4783661831952928
358;0;2;female;38.0;13.0;0;0;S;Funk, Miss. Annie Clemmer;;237671;0.509377720242975;1;False;false_positive;0.509377720242975;0.009377720242975007
655;0;3;female;18.0;6.75;0;0;Q;"Hegarty, Miss. Hanora ""Nora""";;365226;0.6955530916530249;1;False;false_positive;0.6955530916530249;0.19555309165302492
746;0;1;male;70.0;71.0;1;1;S;Crosby, Capt. Edward Gifford;B22;WE/P 5735;0.35300462080847006;0;True;true_negative;0.6469953791915299;0.14699537919152994
26;1;3;female;38.0;31.3875;1;5;S;Asplund, Mrs. Carl Oscar (Selma Augusta Emilia Johansson);;347077;0.09214787515715206;0;False;false_negative;0.9078521248428479;0.40785212484284794
152;1;1;female;22.0;66.6;1;0;S;Pears, Mrs. Thomas (Edith Wearne);C2;113776;0.969372779034706;1;True;true_positive;0.969372779034706;0.469372779034706
415;1;3;male;44.0;7.925;0;0;S;Sundman, Mr. Johan Julian;;STON/O 2. 3101269;0.4354287460127461;0;False;false_negative;0.5645712539872538;0.06457125398725388
623;1;3;male;20.0;15.7417;1;1;C;Nakid, Mr. Sahid;;2653;0.4700056774052002;0;False;false_negative;0.5299943225947998;0.029994322594799783
476;0;1;male;;52.0;0;0;S;Clifford, Mr. George Quincy;A14;110465;0.4927511414807576;0;True;true_negative;0.5072488585192424;0.007248858519242396
405;0;3;female;20.0;8.6625;0;0;S;Oreskovic, Miss. Marija;;315096;0.3425479360891656;0;True;true_negative;0.6574520639108343;0.15745206391083438
595;0;2;male;37.0;26.0;1;0;S;Chapman, Mr. John Henry;;SC/AH 29037;0.4700056774052002;0;True;true_negative;0.5299943225947998;0.029994322594799783
336;0;3;male;;7.8958;0;0;S;Denkoff, Mr. Mitto;;349225;0.1266484343114186;0;True;true_negative;0.8733515656885814;0.3733515656885814
687;0;3;male;14.0;39.6875;4;1;S;Panula, Mr. Jaako Arnold;;3101295;0.020484227445818955;0;True;true_negative;0.9795157725541811;0.47951577255418104
694;0;3;male;25.0;7.225;0;0;C;Saad, Mr. Khalil;;2672;0.4426032700397102;0;True;true_negative;0.5573967299602898;0.05739672996028983
3;1;3;female;26.0;7.925;0;0;S;Heikkinen, Miss. Laina;;STON/O2. 3101282;0.5261393786709354;1;True;true_positive;0.5261393786709354;0.02613937867093541
805;1;3;male;27.0;6.975;0;0;S;Hedman, Mr. Oskar Arvid;;347089;0.11079793395385333;0;False;false_negative;0.8892020660461467;0.38920206604614666
512;0;3;male;;8.05;0;0;S;Webber, Mr. James;;SOTON/OQ 3101316;0.4700056774052002;0;True;true_negative;0.5299943225947998;0.029994322594799783
822;1;3;male;27.0;8.6625;0;0;S;Lulic, Mr. Nikola;;315098;0.4454608946243148;0;False;false_negative;0.5545391053756852;0.05453910537568518
116;0;3;male;21.0;7.925;0;0;S;Pekoniemi, Mr. Edvard;;STON/O 2. 3101294;0.07617962390283194;0;True;true_negative;0.923820376097168;0.42382037609716805
738;1;1;male;35.0;512.3292;0;0;C;Lesurer, Mr. Gustave J;B101;PC 17755;0.5567618386640629;1;True;true_positive;0.5567618386640629;0.056761838664062925
56;1;1;male;;35.5;0;0;S;Woolner, Mr. Hugh;C52;19947;0.2567526639651207;0;False;false_negative;0.7432473360348792;0.2432473360348793
268;1;3;male;25.0;7.775;1;0;S;Persson, Mr. Ernst Ulrik;;347083;0.4426032700397102;0;False;false_negative;0.5573967299602898;0.05739672996028983
505;1;1;female;16.0;86.5;0;0;S;Maioni, Miss. Roberta;B79;110152;0.5482226885153654;1;True;true_positive;0.5482226885153654;0.048222688515365375
276;1;1;female;63.0;77.9583;1;0;S;Andrews, Miss. Kornelia Theodosia;D7;13502;0.574791994992451;1;True;true_positive;0.574791994992451;0.07479199499245104
849;0;2;male;28.0;33.0;0;1;S;Harper, Rev. John;;248727;0.38998524979284815;0;True;true_negative;0.6100147502071518;0.11001475020715185
800;0;3;female;30.0;24.15;1;1;S;Van Impe, Mrs. Jean Baptiste (Rosalie Paula Govaert);;345773;0.4536941498813107;0;True;true_negative;0.5463058501186893;0.04630585011868932
97;0;1;male;71.0;34.6542;0;0;C;Goldschmidt, Mr. George B;A5;PC 17754;0.40863221793045373;0;True;true_negative;0.5913677820695462;0.09136778206954627
463;0;1;male;47.0;38.5;0;0;S;Gee, Mr. Arthur H;E63;111320;0.2905525186230788;0;True;true_negative;0.7094474813769212;0.2094474813769212
503;0;3;female;;7.6292;0;0;Q;O'Sullivan, Miss. Bridget Mary;;330909;0.8854087716525617;1;False;false_positive;0.8854087716525617;0.3854087716525617
769;0;3;male;;24.15;1;0;Q;Moran, Mr. Daniel J;;371110;0.4344580443453919;0;True;true_negative;0.5655419556546081;0.06554195565460808
332;0;1;male;45.5;28.5;0;0;S;Partner, Mr. Austen;C124;113043;0.48030690270500825;0;True;true_negative;0.5196930972949918;0.019693097294991746
534;1;3;female;;22.3583;0;2;C;Peter, Mrs. Catherine (Catherine Rizk);;2668;0.5570341916575202;1;True;true_positive;0.5570341916575202;0.05703419165752022
804;1;3;male;0.42;8.5167;0;1;C;Thomas, Master. Assad Alexander;;2625;0.5376385076304968;1;True;true_positive;0.5376385076304968;0.03763850763049681
679;0;3;female;43.0;46.9;1;6;S;Goodwin, Mrs. Frederick (Augusta Tyler);;CA 2144;0.21490505582949532;0;True;true_negative;0.7850949441705046;0.2850949441705047
420;0;3;female;10.0;24.15;0;2;S;Van Impe, Miss. Catharina;;345773;0.5230295191426986;1;False;false_positive;0.5230295191426986;0.023029519142698573
458;1;1;female;;51.8625;1;0;S;Kenyon, Mrs. Frederick R (Marion);D21;17464;0.5482226885153654;1;True;true_positive;0.5482226885153654;0.048222688515365375
444;1;2;female;28.0;13.0;0;0;S;Reynaldo, Ms. Encarnacion;;230434;0.8214988312062719;1;True;true_positive;0.8214988312062719;0.3214988312062719
223;0;3;male;51.0;8.05;0;0;S;Green, Mr. George Henry;;21440;0.23844557707733924;0;True;true_negative;0.7615544229226607;0.26155442292266073
41;0;3;female;40.0;9.475;1;0;S;Ahlin, Mrs. Johan (Johanna Persdotter Larsson);;7546;0.5291745497737005;1;False;false_positive;0.5291745497737005;0.029174549773700487
640;0;3;male;;16.1;1;0;S;Thorneycroft, Mr. Percival;;376564;0.4341190838001222;0;True;true_negative;0.5658809161998778;0.06588091619987779
216;1;1;female;31.0;113.275;1;0;C;Newell, Miss. Madeleine;D36;35273;0.9793938853758443;1;True;true_positive;0.9793938853758443;0.47939388537584426
650;1;3;female;23.0;7.55;0;0;S;Stanley, Miss. Amy Zillah Elsie;;CA. 2314;0.8525248972648949;1;True;true_positive;0.8525248972648949;0.3525248972648949
527;1;2;female;50.0;10.5;0;0;S;Ridsdale, Miss. Lucy;;W./C. 14258;0.7634737863691479;1;True;true_positive;0.7634737863691479;0.26347378636914787
44;1;2;female;3.0;41.5792;1;2;C;Laroche, Miss. Simonne Marie Anne Andree;;SC/Paris 2123;0.7609690128927857;1;True;true_positive;0.7609690128927857;0.26096901289278573
442;0;3;male;20.0;9.5;0;0;S;Hampe, Mr. Leon;;345769;0.4700056774052002;0;True;true_negative;0.5299943225947998;0.029994322594799783
24;1;1;male;28.0;35.5;0;0;S;Sloper, Mr. William Thompson;A6;113788;0.38339317577038345;0;False;false_negative;0.6166068242296165;0.11660682422961655
713;1;1;male;48.0;52.0;1;0;S;Taylor, Mr. Elmer Zebley;C126;19996;0.1935787598321514;0;False;false_negative;0.8064212401678486;0.3064212401678486
465;0;3;male;;8.05;0;0;S;Maisner, Mr. Simon;;A/S 2816;0.10592023290582364;0;True;true_negative;0.8940797670941764;0.39407976709417636
565;0;3;female;;8.05;0;0;S;Meanwell, Miss. (Marion Ogden);;SOTON/O.Q. 392087;0.4933823866577386;0;True;true_negative;0.5066176133422614;0.006617613342261408
584;0;1;male;36.0;40.125;0;0;C;Ross, Mr. John Hugo;A10;13049;0.379483364202561;0;True;true_negative;0.620516635797439;0.12051663579743899
845;0;3;male;17.0;8.6625;0;0;S;Culumovic, Mr. Jeso;;315090;0.11306801311857098;0;True;true_negative;0.886931986881429;0.38693198688142905
865;0;2;male;24.0;13.0;0;0;S;Gill, Mr. John William;;233866;0.07319046633143333;0;True;true_negative;0.9268095336685667;0.42680953366856667
235;0;2;male;24.0;10.5;0;0;S;Leyson, Mr. Robert William Norman;;C.A. 29566;0.07202669279808255;0;True;true_negative;0.9279733072019174;0.42797330720191745
656;0;2;male;24.0;73.5;2;0;S;Hickman, Mr. Leonard Mark;;S.O.C. 14879;0.4927511414807576;0;True;true_negative;0.5072488585192424;0.007248858519242396
389;0;3;male;;7.7292;0;0;Q;Sadlier, Mr. Matthew;;367655;0.08179030221717123;0;True;true_negative;0.9182096977828288;0.4182096977828288
391;1;1;male;36.0;120.0;1;2;S;Carter, Mr. William Ernest;B96 B98;113760;0.18717854848962165;0;False;false_negative;0.8128214515103783;0.3128214515103783
727;1;2;female;30.0;21.0;3;0;S;Renouf, Mrs. Peter Henry (Lillian Jefferys);;31027;0.7548628021484405;1;True;true_positive;0.7548628021484405;0.2548628021484405
478;0;3;male;29.0;7.0458;1;0;S;Braund, Mr. Lewis Richard;;3460;0.4700056774052002;0;True;true_negative;0.5299943225947998;0.029994322594799783
203;0;3;male;34.0;6.4958;0;0;S;Johanson, Mr. Jakob Alfred;;3101264;0.4426032700397102;0;True;true_negative;0.5573967299602898;0.05739672996028983
754;0;3;male;23.0;7.8958;0;0;S;Jonkoff, Mr. Lalio;;349204;0.08495660328236829;0;True;true_negative;0.9150433967176317;0.4150433967176317
307;1;1;female;;110.8833;0;0;C;Fleming, Miss. Margaret;;17421;0.9689316886193171;1;True;true_positive;0.9689316886193171;0.4689316886193171
373;0;3;male;19.0;8.05;0;0;S;Beavan, Mr. William Thomas;;323951;0.4454608946243148;0;True;true_negative;0.5545391053756852;0.05453910537568518
509;0;3;male;28.0;22.525;0;0;S;Olsen, Mr. Henry Margido;;C 4001;0.10049443487122284;0;True;true_negative;0.8995055651287771;0.39950556512877716
574;1;3;female;;7.75;0;0;Q;Kelly, Miss. Mary;;14312;0.6885126122717832;1;True;true_positive;0.6885126122717832;0.18851261227178318
706;0;2;male;39.0;26.0;0;0;S;"Morley, Mr. Henry Samuel (""Mr Henry Marshall"")";;250655;0.4700056774052002;0;True;true_negative;0.5299943225947998;0.029994322594799783
32;1;1;female;;146.5208;1;0;C;Spencer, Mrs. William Augustus (Marie Eugenie);B78;PC 17569;0.5949803305916761;1;True;true_positive;0.5949803305916761;0.0949803305916761
748;1;2;female;30.0;13.0;0;0;S;Sinkkonen, Miss. Anna;;250648;0.8465907539824722;1;True;true_positive;0.8465907539824722;0.3465907539824722
807;0;1;male;39.0;0.0;0;0;S;Andrews, Mr. Thomas Jr;A36;112050;0.09126248864519343;0;True;true_negative;0.9087375113548066;0.40873751135480657
765;0;3;male;16.0;7.775;0;0;S;Eklund, Mr. Hans Linus;;347074;0.4700056774052002;0;True;true_negative;0.5299943225947998;0.029994322594799783
100;0;2;male;34.0;26.0;1;0;S;Kantor, Mr. Sinai;;244367;0.22173740339939355;0;True;true_negative;0.7782625966006065;0.2782625966006065
328;1;2;female;36.0;13.0;0;0;S;Ball, Mrs. (Ada E Hall);D;28551;0.5196382280199537;1;True;true_positive;0.5196382280199537;0.01963822801995374
725;1;1;male;27.0;53.1;1;0;S;Chambers, Mr. Norman Campbell;E8;113806;0.4927511414807576;0;False;false_negative;0.5072488585192424;0.007248858519242396
9;1;3;female;27.0;11.1333;0;2;S;Johnson, Mrs. Oscar W (Elisabeth Vilhelmina Berg);;347742;0.42393637912260046;0;False;false_negative;0.5760636208773995;0.07606362087739954
633;1;1;male;32.0;30.5;0;0;C;Stahelin-Maeglin, Dr. Max;B50;13214;0.5743042504589625;1;True;true_positive;0.5743042504589625;0.0743042504589625
459;1;2;female;50.0;10.5;0;0;S;Toomey, Miss. Ellen;;F.C.C. 13531;0.509377720242975;1;True;true_positive;0.509377720242975;0.009377720242975007
698;1;3;female;;7.7333;0;0;Q;"Mullens, Miss. Katherine ""Katie""";;35852;0.6755789101826873;1;True;true_positive;0.6755789101826873;0.17557891018268734
825;0;3;male;2.0;39.6875;4;1;S;Panula, Master. Urho Abraham;;3101295;0.13475489665306406;0;True;true_negative;0.8652451033469359;0.36524510334693594
327;0;3;male;61.0;6.2375;0;0;S;Nysveen, Mr. Johan Hansen;;345364;0.44203343224030184;0;True;true_negative;0.5579665677596981;0.05796656775969816
115;0;3;female;17.0;14.4583;0;0;C;Attalah, Miss. Malake;;2627;0.509377720242975;1;False;false_positive;0.509377720242975;0.009377720242975007
492;0;3;male;21.0;7.25;0;0;S;Windelov, Mr. Einar;;SOTON/OQ 3101317;0.4700056774052002;0;True;true_negative;0.5299943225947998;0.029994322594799783
172;0;3;male;4.0;29.125;4;1;Q;Rice, Master. Arthur;;382652;0.1304760894763247;0;True;true_negative;0.8695239105236753;0.3695239105236753
603;0;1;male;;42.4;0;0;S;Harrington, Mr. Charles H;;113796;0.24897943903037098;0;True;true_negative;0.751020560969629;0.251020560969629
303;0;3;male;19.0;0.0;0;0;S;Johnson, Mr. William Cahoone Jr;;LINE;0.11920264140531865;0;True;true_negative;0.8807973585946813;0.38079735859468133
426;0;3;male;;7.25;0;0;S;Wiseman, Mr. Phillippe;;A/4. 34244;0.11387664171943565;0;True;true_negative;0.8861233582805643;0.3861233582805643
440;0;2;male;31.0;10.5;0;0;S;Kvillner, Mr. Johan Henrik Johannesson;;C.A. 18723;0.12537938107427354;0;True;true_negative;0.8746206189257264;0.37462061892572646
677;0;3;male;24.5;8.05;0;0;S;Sawyer, Mr. Frederick Charles;;342826;0.08526680498773219;0;True;true_negative;0.9147331950122678;0.4147331950122678
795;0;3;male;25.0;7.8958;0;0;S;Dantcheff, Mr. Ristiu;;349203;0.12669699865156062;0;True;true_negative;0.8733030013484394;0.3733030013484394
658;0;3;female;32.0;15.5;1;1;Q;Bourke, Mrs. John (Catherine);;364849;0.7140374680880008;1;False;false_positive;0.7140374680880008;0.21403746808800084
547;1;2;female;19.0;26.0;1;0;S;Beane, Mrs. Edward (Ethel Clarke);;2908;0.934098962726937;1;True;true_positive;0.934098962726937;0.43409896272693704
838;0;3;male;;8.05;0;0;S;Sirota, Mr. Maurice;;392092;0.12976760753942218;0;True;true_negative;0.8702323924605778;0.3702323924605778
597;1;2;female;;33.0;0;0;S;Leitch, Miss. Jessie Wills;;248727;0.9327850477102444;1;True;true_positive;0.9327850477102444;0.4327850477102444
365;0;3;male;;15.5;1;0;Q;O'Brien, Mr. Thomas;;370365;0.07622440700683998;0;True;true_negative;0.92377559299316;0.42377559299316003
792;0;2;male;16.0;26.0;0;0;S;Gaskell, Mr. Alfred;;239865;0.24846734343263507;0;True;true_negative;0.7515326565673649;0.2515326565673649
712;0;1;male;;26.55;0;0;S;Klaber, Mr. Herman;C124;113028;0.5364104894502011;1;False;false_positive;0.5364104894502011;0.03641048945020109
605;1;1;male;35.0;26.55;0;0;C;"Homer, Mr. Harry (""Mr E Haven"")";;111426;0.2442091826997384;0;False;false_negative;0.7557908173002617;0.2557908173002616
854;1;1;female;16.0;39.4;0;1;S;Lines, Miss. Mary Conover;D28;PC 17592;0.9840349657233146;1;True;true_positive;0.9840349657233146;0.4840349657233146
864;0;3;female;;69.55;8;2;S;"Sage, Miss. Dorothy Edith ""Dolly""";;CA. 2343;0.47697048085730137;0;True;true_negative;0.5230295191426986;0.02302951914269863
141;0;3;female;;15.2458;0;2;C;Boulos, Mrs. Joseph (Sultana);;2678;0.509377720242975;1;False;false_positive;0.509377720242975;0.009377720242975007
13;0;3;male;20.0;8.05;0;0;S;Saundercock, Mr. William Henry;;A/5. 2151;0.4454608946243148;0;True;true_negative;0.5545391053756852;0.05453910537568518
273;1;2;female;41.0;19.5;0;1;S;Mellinger, Mrs. (Elizabeth Anne Maidment);;250644;0.509377720242975;1;True;true_positive;0.509377720242975;0.009377720242975007
210;1;1;male;40.0;31.0;0;0;C;Blank, Mr. Henry;A31;112277;0.4922190081455511;0;False;false_negative;0.5077809918544489;0.007780991854448915
277;0;3;female;45.0;7.75;0;0;S;Lindblom, Miss. Augusta Charlotta;;347073;0.5556790544940808;1;False;false_positive;0.5556790544940808;0.05567905449408084
855;0;2;female;44.0;26.0;1;0;S;Carter, Mrs. Ernest Courtenay (Lilian Hughes);;244252;0.509377720242975;1;False;false_positive;0.509377720242975;0.009377720242975007
38;0;3;male;21.0;8.05;0;0;S;Cann, Mr. Ernest Charles;;A./5. 2152;0.4700056774052002;0;True;true_negative;0.5299943225947998;0.029994322594799783
569;0;3;male;;7.2292;0;0;C;Doharr, Mr. Tannous;;2686;0.4700056774052002;0;True;true_negative;0.5299943225947998;0.029994322594799783
247;0;3;female;25.0;7.775;0;0;S;Lindahl, Miss. Agda Thorilda Viktoria;;347071;0.8102505854816695;1;False;false_positive;0.8102505854816695;0.3102505854816695
513;1;1;male;36.0;26.2875;0;0;S;McGough, Mr. James Robert;E25;PC 17473;0.5223790808377973;1;True;true_positive;0.5223790808377973;0.02237908083779727
545;0;1;male;50.0;106.425;1;0;C;Douglas, Mr. Walter Donald;C86;PC 17761;0.2098184721574971;0;True;true_negative;0.7901815278425028;0.2901815278425029
207;0;3;male;32.0;15.85;1;0;S;Backstrom, Mr. Karl Alfred;;3101278;0.4341190838001222;0;True;true_negative;0.5658809161998778;0.06588091619987779
400;1;2;female;28.0;12.65;0;0;S;Trout, Mrs. William H (Jessie L);;240929;0.8655028976145275;1;True;true_positive;0.8655028976145275;0.3655028976145275
238;1;2;female;8.0;26.25;0;2;S;"Collyer, Miss. Marjorie ""Lottie""";;C.A. 31921;0.556476325052131;1;True;true_positive;0.556476325052131;0.05647632505213096
788;0;3;male;8.0;29.125;4;1;Q;Rice, Master. George Hugh;;382652;0.447736488723955;0;True;true_negative;0.552263511276045;0.052263511276045005
566;0;3;male;24.0;24.15;2;0;S;Davies, Mr. Alfred J;;A/4 48871;0.08300103960735963;0;True;true_negative;0.9169989603926404;0.4169989603926404
808;0;3;female;18.0;7.775;0;0;S;Pettersson, Miss. Ellen Natalia;;347087;0.5261393786709354;1;False;false_positive;0.5261393786709354;0.02613937867093541
197;0;3;male;;7.75;0;0;Q;Mernagh, Mr. Robert;;368703;0.09365352183916692;0;True;true_negative;0.906346478160833;0.4063464781608331
237;0;2;male;44.0;26.0;1;0;S;Hold, Mr. Stephen;;26707;0.473937346062455;0;True;true_negative;0.526062653937545;0.026062653937544977
869;0;3;male;;9.5;0;0;S;van Melkebeke, Mr. Philemon;;345777;0.4454608946243148;0;True;true_negative;0.5545391053756852;0.05453910537568518
718;1;2;female;27.0;10.5;0;0;S;"Troutt, Miss. Edwina Celia ""Winnie""";E101;34218;0.5196382280199537;1;True;true_positive;0.5196382280199537;0.01963822801995374
438;1;2;female;24.0;18.75;2;3;S;Richards, Mrs. Sidney (Emily Hocking);;29106;0.804594793990271;1;True;true_positive;0.804594793990271;0.304594793990271
472;0;3;male;38.0;8.6625;0;0;S;Cacic, Mr. Luka;;315089;0.18511881390170365;0;True;true_negative;0.8148811860982963;0.31488118609829635
151;0;2;male;51.0;12.525;0;0;S;Bateman, Rev. Robert James;;S.O.P. 1166;0.12089227543928778;0;True;true_negative;0.8791077245607122;0.37910772456071223
437;0;3;female;21.0;34.375;2;2;S;"Ford, Miss. Doolina Margaret ""Daisy""";;W./C. 6608;0.13777543949926724;0;True;true_negative;0.8622245605007328;0.36222456050073276
542;0;3;female;9.0;31.275;4;2;S;Andersson, Miss. Ingeborg Constanzia;;347082;0.0904669392774798;0;True;true_negative;0.9095330607225202;0.4095330607225202
761;0;3;male;;14.5;0;0;S;Garfirth, Mr. John;;358585;0.10132173479671068;0;True;true_negative;0.8986782652032893;0.3986782652032893
165;0;3;male;1.0;39.6875;4;1;S;Panula, Master. Eino Viljami;;3101295;0.4692474259463348;0;True;true_negative;0.5307525740536652;0.030752574053665216
481;0;3;male;9.0;46.9;5;2;S;Goodwin, Master. Harold Victor;;CA 2144;0.447736488723955;0;True;true_negative;0.552263511276045;0.052263511276045005
250;0;2;male;54.0;26.0;1;0;S;Carter, Rev. Ernest Courtenay;;244252;0.4811817559487074;0;True;true_negative;0.5188182440512926;0.01881824405129262
814;0;3;female;6.0;31.275;4;2;S;Andersson, Miss. Ebba Iris Alfrida;;347082;0.4633076533433518;0;True;true_negative;0.5366923466566482;0.03669234665664822
690;1;1;female;15.0;211.3375;0;1;S;Madill, Miss. Georgette Alexandra;B5;24160;0.9809275754804461;1;True;true_positive;0.9809275754804461;0.48092757548044607
149;0;2;male;36.5;26.0;0;2;S;"Navratil, Mr. Michel (""Louis M Hoffman"")";F2;230080;0.23653951232277848;0;True;true_negative;0.7634604876772215;0.2634604876772215
868;0;1;male;31.0;50.4958;0;0;S;Roebling, Mr. Washington Augustus II;A24;PC 17590;0.45725009885454887;0;True;true_negative;0.5427499011454511;0.04274990114545113
479;0;3;male;22.0;7.5208;0;0;S;Karlsson, Mr. Nils August;;350060;0.16716264432881106;0;True;true_negative;0.832837355671189;0.33283735567118894
680;1;1;male;36.0;512.3292;0;1;C;Cardeza, Mr. Thomas Drake Martinez;B51 B53 B55;PC 17755;0.5434508691170531;1;True;true_positive;0.5434508691170531;0.04345086911705309
351;0;3;male;23.0;9.225;0;0;S;Odahl, Mr. Nils Martin;;7267;0.07920416118850349;0;True;true_negative;0.9207958388114965;0.4207958388114965
500;0;3;male;24.0;7.7958;0;0;S;Svensson, Mr. Olof;;350035;0.4426032700397102;0;True;true_negative;0.5573967299602898;0.05739672996028983
525;0;3;male;;7.2292;0;0;C;Kassem, Mr. Fared;;2700;0.1344897188008329;0;True;true_negative;0.8655102811991671;0.36551028119916706
346;1;2;female;24.0;13.0;0;0;S;"Brown, Miss. Amelia ""Mildred""";F33;248733;0.509377720242975;1;True;true_positive;0.509377720242975;0.009377720242975007
168;0;3;female;45.0;27.9;1;4;S;Skoog, Mrs. William (Anna Bernhardina Karlsson);;347088;0.44979778032244916;0;True;true_negative;0.5502022196775509;0.05020221967755084
621;0;3;male;27.0;14.4542;1;0;C;Yasbeck, Mr. Antoni;;2659;0.4341190838001222;0;True;true_negative;0.5658809161998778;0.06588091619987779
598;0;3;male;49.0;0.0;0;0;S;Johnson, Mr. Alfred;;LINE;0.4354287460127461;0;True;true_negative;0.5645712539872538;0.06457125398725388
291;1;1;female;26.0;78.85;0;0;S;"Barber, Miss. Ellen ""Nellie""";;19877;0.9586520475074025;1;True;true_positive;0.9586520475074025;0.4586520475074025
233;0;2;male;59.0;13.5;0;0;S;Sjostedt, Mr. Ernst Adolf;;237442;0.4572354607680893;0;True;true_negative;0.5427645392319107;0.0427645392319107
380;0;3;male;19.0;7.775;0;0;S;Gustafsson, Mr. Karl Gideon;;347069;0.4426032700397102;0;True;true_negative;0.5573967299602898;0.05739672996028983
381;1;1;female;42.0;227.525;0;0;C;Bidois, Miss. Rosalie;;PC 17757;0.5482226885153654;1;True;true_positive;0.5482226885153654;0.048222688515365375
624;0;3;male;21.0;7.8542;0;0;S;Hansen, Mr. Henry Damsgaard;;350029;0.1140746734815562;0;True;true_negative;0.8859253265184438;0.3859253265184438
590;0;3;male;;8.05;0;0;S;Murdlin, Mr. Joseph;;A./5. 3235;0.12976760753942218;0;True;true_negative;0.8702323924605778;0.3702323924605778
50;0;3;female;18.0;17.8;1;0;S;Arnold-Franchi, Mrs. Josef (Josefine Franchi);;349237;0.39929949702915096;0;True;true_negative;0.600700502970849;0.10070050297084904
246;0;1;male;44.0;90.0;2;0;Q;Minahan, Dr. William Edward;C78;19928;0.3729096844917567;0;True;true_negative;0.6270903155082432;0.1270903155082433
729;0;2;male;25.0;26.0;1;0;S;Bryhl, Mr. Kurt Arnold Gottfrid;;236853;0.14725946321026073;0;True;true_negative;0.8527405367897393;0.35274053678973927
29;1;3;female;;7.8792;0;0;Q;"O'Dwyer, Miss. Ellen ""Nellie""";;330959;0.651118383631744;1;True;true_positive;0.651118383631744;0.151118383631744
274;0;1;male;37.0;29.7;0;1;C;Natsch, Mr. Charles H;C118;PC 17596;0.475040731530107;0;True;true_negative;0.5249592684698929;0.024959268469892992
490;1;3;male;9.0;15.9;1;1;S;"Coutts, Master. Eden Leslie ""Neville""";;C.A. 37671;0.5364104894502011;1;True;true_positive;0.5364104894502011;0.03641048945020109
591;0;3;male;35.0;7.125;0;0;S;Rintamaki, Mr. Matti;;STON/O 2. 3101273;0.06265382143414093;0;True;true_negative;0.9373461785658591;0.43734617856585906
109;0;3;male;38.0;7.8958;0;0;S;Rekic, Mr. Tido;;349249;0.4426032700397102;0;True;true_negative;0.5573967299602898;0.05739672996028983
361;0;3;male;40.0;27.9;1;4;S;Skoog, Mr. Wilhelm;;347088;0.47039389347996435;0;True;true_negative;0.5296061065200357;0.029606106520035647
218;0;2;male;42.0;27.0;1;0;S;Jacobsohn, Mr. Sidney Samuel;;243847;0.18823088720870151;0;True;true_negative;0.8117691127912985;0.3117691127912985
790;0;1;male;46.0;79.2;0;0;C;Guggenheim, Mr. Benjamin;B82 B84;PC 17593;0.27723129656161005;0;True;true_negative;0.72276870343839;0.22276870343838995
508;1;1;male;;26.55;0;0;S;"Bradley, Mr. George (""George Arthur Brayton"")";;111427;0.2947565621724291;0;False;false_negative;0.7052434378275709;0.20524343782757087
568;0;3;female;29.0;21.075;0;4;S;Palsson, Mrs. Nils (Alma Cornelia Berglund);;349909;0.4767310995004583;0;True;true_negative;0.5232689004995417;0.023268900499541723
7;0;1;male;54.0;51.8625;0;0;S;McCarthy, Mr. Timothy J;E46;17463;0.47697048085730137;0;True;true_negative;0.5230295191426986;0.02302951914269863
304;1;2;female;;12.35;0;0;Q;Keane, Miss. Nora A;E101;226593;0.5196382280199537;1;True;true_positive;0.5196382280199537;0.01963822801995374
85;1;2;female;17.0;10.5;0;0;S;Ilett, Miss. Bertha;;SO/C 14885;0.8716402169643882;1;True;true_positive;0.8716402169643882;0.3716402169643882
681;0;3;female;;8.1375;0;0;Q;Peters, Miss. Katie;;330935;0.4933823866577386;0;True;true_negative;0.5066176133422614;0.006617613342261408
519;1;2;female;36.0;26.0;1;0;S;"Angle, Mrs. William A (Florence ""Mary"" Agnes Hughes)";;226875;0.509377720242975;1;True;true_positive;0.509377720242975;0.009377720242975007
258;1;1;female;30.0;86.5;0;0;S;Cherry, Miss. Gladys;B77;110152;0.5482226885153654;1;True;true_positive;0.5482226885153654;0.048222688515365375
728;1;3;female;;7.7375;0;0;Q;Mannion, Miss. Margareth;;36866;0.5261393786709354;1;True;true_positive;0.5261393786709354;0.02613937867093541
614;0;3;male;;7.75;0;0;Q;Horgan, Mr. John;;370377;0.4426032700397102;0;True;true_negative;0.5573967299602898;0.05739672996028983
138;0;1;male;37.0;53.1;1;0;S;Futrelle, Mr. Jacques Heath;C123;113803;0.4927511414807576;0;True;true_negative;0.5072488585192424;0.007248858519242396
153;0;3;male;55.5;8.05;0;0;S;Meo, Mr. Alfonzo;;A.5. 11206;0.4811817559487074;0;True;true_negative;0.5188182440512926;0.01881824405129262
777;0;3;male;;7.75;0;0;Q;Tobin, Mr. Roger;F38;383121;0.4426032700397102;0;True;true_negative;0.5573967299602898;0.05739672996028983
8;0;3;male;2.0;21.075;3;1;S;Palsson, Master. Gosta Leonard;;349909;0.41195440291492247;0;True;true_negative;0.5880455970850775;0.08804559708507753
884;0;2;male;28.0;10.5;0;0;S;Banfield, Mr. Frederick James;;C.A./SOTON 34068;0.07812510317904633;0;True;true_negative;0.9218748968209537;0.4218748968209537
395;1;3;female;24.0;16.7;0;2;S;Sandstrom, Mrs. Hjalmar (Agnes Charlotta Bengtsson);G6;PP 9549;0.5388957156411825;1;True;true_positive;0.5388957156411825;0.03889571564118255
305;0;3;male;;8.05;0;0;S;"Williams, Mr. Howard Hugh ""Harry""";;A/5 2466;0.12976760753942218;0;True;true_negative;0.8702323924605778;0.3702323924605778
316;1;3;female;26.0;7.8542;0;0;S;Nilsson, Miss. Helmina Josefina;;347470;0.509377720242975;1;True;true_positive;0.509377720242975;0.009377720242975007
581;1;2;female;25.0;30.0;1;1;S;Christy, Miss. Julie Rachel;;237789;0.5960874454694023;1;True;true_positive;0.5960874454694023;0.09608744546940229
272;1;3;male;25.0;0.0;0;0;S;Tornquist, Mr. William Henry;;LINE;0.12252077293615872;0;False;false_negative;0.8774792270638413;0.3774792270638413
833;0;3;male;;7.2292;0;0;C;Saad, Mr. Amin;;2671;0.4700056774052002;0;True;true_negative;0.5299943225947998;0.029994322594799783
670;1;1;female;;52.0;1;0;S;Taylor, Mrs. Elmer Zebley (Juliet Cummins Wright);C126;19996;0.5482226885153654;1;True;true_positive;0.5482226885153654;0.048222688515365375
735;0;2;male;23.0;13.0;0;0;S;Troupiansky, Mr. Moses Aaron;;233639;0.059637495262678815;0;True;true_negative;0.9403625047373212;0.4403625047373212
875;1;2;female;28.0;24.0;1;0;C;Abelson, Mrs. Samuel (Hannah Wizosky);;P/PP 3381;0.9184163039383276;1;True;true_positive;0.9184163039383276;0.4184163039383276
464;0;2;male;48.0;13.0;0;0;S;Milling, Mr. Jacob Christian;;234360;0.11041111739130538;0;True;true_negative;0.8895888826086946;0.3895888826086946
288;0;3;male;22.0;7.8958;0;0;S;Naidenoff, Mr. Penko;;349206;0.4426032700397102;0;True;true_negative;0.5573967299602898;0.05739672996028983
91;0;3;male;29.0;8.05;0;0;S;Christmann, Mr. Emil;;343276;0.10592023290582364;0;True;true_negative;0.8940797670941764;0.39407976709417636
376;1;1;female;;82.1708;1;0;C;Meyer, Mrs. Edgar Joseph (Leila Saks);;PC 17604;0.5482226885153654;1;True;true_positive;0.5482226885153654;0.048222688515365375
397;0;3;female;31.0;7.8542;0;0;S;Olsson, Miss. Elina;;350407;0.6517473306758651;1;False;false_positive;0.6517473306758651;0.1517473306758651
103;0;1;male;21.0;77.2875;0;1;S;White, Mr. Richard Frasar;D26;35281;0.4143741246190804;0;True;true_negative;0.5856258753809196;0.08562587538091959
82;1;3;male;29.0;9.5;0;0;S;Sheerlinck, Mr. Jan Baptist;;345779;0.10755437321014122;0;False;false_negative;0.8924456267898588;0.3924456267898588
637;0;3;male;32.0;7.925;0;0;S;Leinonen, Mr. Antti Gustaf;;STON/O 2. 3101292;0.4700056774052002;0;True;true_negative;0.5299943225947998;0.029994322594799783
225;1;1;male;38.0;90.0;1;0;S;Hoyt, Mr. Frederick Maxfield;C93;19943;0.26865610399405393;0;False;false_negative;0.7313438960059461;0.23134389600594607
523;0;3;male;;7.225;0;0;C;Lahoud, Mr. Sarkis;;2624;0.11279046966496434;0;True;true_negative;0.8872095303350357;0.3872095303350357
200;0;2;female;24.0;13.0;0;0;S;"Yrois, Miss. Henriette (""Mrs Harbeck"")";;248747;0.509377720242975;1;False;false_positive;0.509377720242975;0.009377720242975007
285;0;1;male;;26.0;0;0;S;Smith, Mr. Richard William;A19;113056;0.30713153028119955;0;True;true_negative;0.6928684697188005;0.19286846971880045
139;0;3;male;16.0;9.2167;0;0;S;Osen, Mr. Olaf Elon;;7534;0.10674978359152361;0;True;true_negative;0.8932502164084763;0.3932502164084764
271;0;1;male;;31.0;0;0;S;Cairns, Mr. Alexander;;113798;0.4922190081455511;0;True;true_negative;0.5077809918544489;0.007780991854448915
113;0;3;male;22.0;8.05;0;0;S;Barton, Mr. David John;;324669;0.1314127168820313;0;True;true_negative;0.8685872831179687;0.36858728311796873
721;1;2;female;6.0;33.0;0;1;S;"Harper, Miss. Annie Jessie ""Nina""";;248727;0.8186269336425611;1;True;true_positive;0.8186269336425611;0.3186269336425611
181;0;3;female;;69.55;8;2;S;Sage, Miss. Constance Gladys;;CA. 2343;0.11824416538088335;0;True;true_negative;0.8817558346191167;0.38175583461911666
636;1;2;female;28.0;13.0;0;0;S;Davis, Miss. Mary;;237668;0.5196382280199537;1;True;true_positive;0.5196382280199537;0.01963822801995374
862;0;2;male;21.0;11.5;1;0;S;Giles, Mr. Frederick Edward;;28134;0.05915913189958496;0;True;true_negative;0.940840868100415;0.44084086810041506
412;0;3;male;;6.8583;0;0;Q;Hart, Mr. Henry;;394140;0.10614012673962013;0;True;true_negative;0.8938598732603799;0.39385987326037986
18;1;2;male;;13.0;0;0;S;Williams, Mr. Charles Eugene;;244373;0.07316069343957178;0;False;false_negative;0.9268393065604282;0.42683930656042823
222;0;2;male;27.0;13.0;0;0;S;Bracken, Mr. James H;;220367;0.4341190838001222;0;True;true_negative;0.5658809161998778;0.06588091619987779
170;0;3;male;28.0;56.4958;0;0;S;Ling, Mr. Lee;;1601;0.39913854451039593;0;True;true_negative;0.6008614554896041;0.10086145548960407
234;1;3;female;5.0;31.3875;4;2;S;Asplund, Miss. Lillian Gertrud;;347077;0.08294039452612437;0;False;false_negative;0.9170596054738757;0.41705960547387566
434;0;3;male;17.0;7.125;0;0;S;Kallio, Mr. Nikolai Erland;;STON/O 2. 3101274;0.4700056774052002;0;True;true_negative;0.5299943225947998;0.029994322594799783
847;0;3;male;;69.55;8;2;S;Sage, Mr. Douglas Bullen;;CA. 2343;0.0686010851046706;0;True;true_negative;0.9313989148953294;0.4313989148953294
711;1;1;female;24.0;49.5042;0;0;C;"Mayne, Mlle. Berthe Antonine (""Mrs de Villiers"")";C90;PC 17482;0.5960874454694023;1;True;true_positive;0.5960874454694023;0.09608744546940229
325;0;3;male;;69.55;8;2;S;Sage, Mr. George John Jr;;CA. 2343;0.046067815773487605;0;True;true_negative;0.9539321842265124;0.4539321842265124
526;0;3;male;40.5;7.75;0;0;Q;Farrell, Mr. James;;367232;0.06886391883189437;0;True;true_negative;0.9311360811681056;0.43113608116810564
78;0;3;male;;8.05;0;0;S;Moutal, Mr. Rahamin Haim;;374746;0.12976760753942218;0;True;true_negative;0.8702323924605778;0.3702323924605778
642;1;1;female;24.0;69.3;0;0;C;Sagesser, Mlle. Emma;B35;PC 17477;0.5482226885153654;1;True;true_positive;0.5482226885153654;0.048222688515365375
348;1;3;female;;16.1;1;0;S;Davison, Mrs. Thomas Henry (Mary E Finck);;386525;0.5476598900733635;1;True;true_positive;0.5476598900733635;0.047659890073363465
758;0;2;male;18.0;11.5;0;0;S;Bailey, Mr. Percy Andrew;;29108;0.06198823152867776;0;True;true_negative;0.9380117684713223;0.4380117684713222
374;0;1;male;22.0;135.6333;0;0;C;Ringhini, Mr. Sante;;PC 17760;0.4922190081455511;0;True;true_negative;0.5077809918544489;0.007780991854448915
124;1;2;female;32.5;13.0;0;0;S;Webber, Miss. Susan;E101;27267;0.8259915892349745;1;True;true_positive;0.8259915892349745;0.3259915892349745
473;1;2;female;33.0;27.75;1;2;S;West, Mrs. Edwy Arthur (Ada Mary Worth);;C.A. 34651;0.5482226885153654;1;True;true_positive;0.5482226885153654;0.048222688515365375
204;0;3;male;45.5;7.225;0;0;C;Youseff, Mr. Gerious;;2628;0.027646806694586443;0;True;true_negative;0.9723531933054136;0.47235319330541353
231;1;1;female;35.0;83.475;1;0;S;Harris, Mrs. Henry Birkhardt (Irene Wallach);C83;36973;0.970302421370349;1;True;true_positive;0.970302421370349;0.47030242137034906
47;0;3;male;;15.5;1;0;Q;Lennon, Mr. Denis;;370371;0.04647740917976358;0;True;true_negative;0.9535225908202364;0.45352259082023644
692;1;3;female;4.0;13.4167;0;1;C;Karun, Miss. Manca;;349256;0.6810236649845134;1;True;true_positive;0.6810236649845134;0.1810236649845134
647;0;3;male;19.0;7.8958;0;0;S;Cor, Mr. Liudevit;;349231;0.4700056774052002;0;True;true_negative;0.5299943225947998;0.029994322594799783
696;0;2;male;52.0;13.5;0;0;S;Chapman, Mr. Charles Henry;;248731;0.11219823502779093;0;True;true_negative;0.8878017649722091;0.3878017649722091
857;1;1;female;45.0;164.8667;1;1;S;Wick, Mrs. George Dennick (Mary Hitchcock);;36928;0.959680158670436;1;True;true_positive;0.959680158670436;0.459680158670436
720;0;3;male;33.0;7.775;0;0;S;Johnson, Mr. Malkolm Joackim;;347062;0.4700056774052002;0;True;true_negative;0.5299943225947998;0.029994322594799783
429;0;3;male;;7.75;0;0;Q;Flynn, Mr. James;;364851;0.09365352183916692;0;True;true_negative;0.906346478160833;0.4063464781608331
461;1;1;male;48.0;26.55;0;0;S;Anderson, Mr. Harry;E12;19952;0.32276044956140554;0;False;false_negative;0.6772395504385944;0.17723955043859446
820;0;3;male;10.0;27.9;3;2;S;Skoog, Master. Karl Thorsten;;347088;0.11102964115318915;0;True;true_negative;0.8889703588468109;0.38897035884681086
311;1;1;female;24.0;83.1583;0;0;C;Hays, Miss. Margaret Bechstein;C54;11767;0.5482226885153654;1;True;true_positive;0.5482226885153654;0.048222688515365375
760;1;1;female;33.0;86.5;0;0;S;Rothes, the Countess. of (Lucy Noel Martha Dyer-Edwards);B77;110152;0.5482226885153654;1;True;true_positive;0.5482226885153654;0.048222688515365375
350;0;3;male;42.0;8.6625;0;0;S;Dimic, Mr. Jovan;;315088;0.11510183814247837;0;True;true_negative;0.8848981618575216;0.3848981618575216
445;1;3;male;;8.1125;0;0;S;Johannesen-Bratthammer, Mr. Bernt;;65306;0.10592023290582364;0;False;false_negative;0.8940797670941764;0.39407976709417636
136;0;2;male;23.0;15.0458;0;0;C;Richard, Mr. Emile;;SC/PARIS 2133;0.4341190838001222;0;True;true_negative;0.5658809161998778;0.06588091619987779
848;0;3;male;35.0;7.8958;0;0;C;Markoff, Mr. Marin;;349213;0.4426032700397102;0;True;true_negative;0.5573967299602898;0.05739672996028983
66;1;3;male;;15.2458;1;1;C;Moubarek, Master. Gerios;;2661;0.5364104894502011;1;True;true_positive;0.5364104894502011;0.03641048945020109
654;1;3;female;;7.8292;0;0;Q;"O'Leary, Miss. Hanora ""Norah""";;330919;0.651118383631744;1;True;true_positive;0.651118383631744;0.151118383631744
750;0;3;male;31.0;7.75;0;0;Q;Connaghton, Mr. Michael;;335097;0.4426032700397102;0;True;true_negative;0.5573967299602898;0.05739672996028983
362;0;2;male;29.0;27.7208;1;0;C;del Carlo, Mr. Sebastiano;;SC/PARIS 2167;0.11137373867915605;0;True;true_negative;0.888626261320844;0.38862626132084394
387;0;3;male;1.0;46.9;5;2;S;Goodwin, Master. Sidney Leonard;;CA 2144;0.17159834762497023;0;True;true_negative;0.8284016523750297;0.3284016523750298
122;0;3;male;;8.05;0;0;S;Moore, Mr. Leonard Charles;;A4. 54510;0.4454608946243148;0;True;true_negative;0.5545391053756852;0.05453910537568518
535;0;3;female;30.0;8.6625;0;0;S;Cacic, Miss. Marija;;315084;0.49981135134812943;0;True;true_negative;0.5001886486518705;0.000188648651870571
827;0;3;male;;56.4958;0;0;S;Lam, Mr. Len;;1601;0.5493169750249085;1;False;false_positive;0.5493169750249085;0.049316975024908505
685;0;2;male;60.0;39.0;1;1;S;Brown, Mr. Thomas William Solomon;;29750;0.47697048085730137;0;True;true_negative;0.5230295191426986;0.02302951914269863
347;1;2;female;40.0;13.0;0;0;S;Smith, Miss. Marion Elsie;;31418;0.509377720242975;1;True;true_positive;0.509377720242975;0.009377720242975007
889;0;3;female;;23.45;1;2;S;"Johnston, Miss. Catherine Helen ""Carrie""";;W./C. 6607;0.32902533584874905;0;True;true_negative;0.670974664151251;0.17097466415125095
319;1;1;female;31.0;164.8667;0;2;S;Wick, Miss. Mary Natalie;C7;36928;0.5949803305916761;1;True;true_positive;0.5949803305916761;0.0949803305916761
252;0;3;female;29.0;10.4625;1;1;S;Strom, Mrs. Wilhelm (Elna Matilda Persson);G6;347054;0.7375981816205985;1;False;false_positive;0.7375981816205985;0.23759818162059854
301;1;3;female;;7.75;0;0;Q;"Kelly, Miss. Anna Katherine ""Annie Kate""";;9234;0.6733091095346586;1;True;true_positive;0.6733091095346586;0.1733091095346586
580;1;3;male;32.0;7.925;0;0;S;Jussila, Mr. Eiriik;;STON/O 2. 3101286;0.12709085668851589;0;False;false_negative;0.8729091433114842;0.3729091433114841
407;0;3;male;51.0;7.75;0;0;S;Widegren, Mr. Carl/Charles Peter;;347064;0.08213995841069353;0;True;true_negative;0.9178600415893065;0.41786004158930645
338;1;1;female;41.0;134.5;0;0;C;Burns, Miss. Elizabeth Margaret;E40;16966;0.5949803305916761;1;True;true_positive;0.5949803305916761;0.0949803305916761
717;1;1;female;38.0;227.525;0;0;C;Endres, Miss. Caroline Louise;C45;PC 17757;0.5949803305916761;1;True;true_positive;0.5949803305916761;0.0949803305916761
298;0;1;female;2.0;151.55;1;2;S;Allison, Miss. Helen Loraine;C22 C26;113781;0.5323166740722957;1;False;false_positive;0.5323166740722957;0.03231667407229566
573;1;1;male;36.0;26.3875;0;0;S;"Flynn, Mr. John Irwin (""Irving"")";E25;PC 17474;0.5626171098906362;1;True;true_positive;0.5626171098906362;0.06261710989063618
51;0;3;male;7.0;39.6875;4;1;S;Panula, Master. Juha Niilo;;3101295;0.09998709923659739;0;True;true_negative;0.9000129007634026;0.4000129007634026
676;0;3;male;18.0;7.775;0;0;S;Edvardsson, Mr. Gustaf Hjalmar;;349912;0.08700936505033272;0;True;true_negative;0.9129906349496673;0.41299063494966726
571;1;2;male;62.0;10.5;0;0;S;Harris, Mr. George;;S.W./PP 752;0.04027411509969402;0;False;false_negative;0.959725884900306;0.45972588490030597
756;1;2;male;0.67;14.5;1;1;S;Hamalainen, Master. Viljo;;250649;0.8399387546126335;1;True;true_positive;0.8399387546126335;0.33993875461263345
120;0;3;female;2.0;31.275;4;2;S;Andersson, Miss. Ellis Anna Maria;;347082;0.2412349773367546;0;True;true_negative;0.7587650226632454;0.2587650226632454
466;0;3;male;38.0;7.05;0;0;S;Goncalves, Mr. Manuel Estanslas;;SOTON/O.Q. 3101306;0.07202210375436585;0;True;true_negative;0.9279778962456342;0.42797789624563415
570;1;3;male;32.0;7.8542;0;0;S;Jonsson, Mr. Carl;;350417;0.4700056774052002;0;False;false_negative;0.5299943225947998;0.029994322594799783
418;1;2;female;18.0;13.0;0;2;S;Silven, Miss. Lyyli Karoliina;;250652;0.5196382280199537;1;True;true_positive;0.5196382280199537;0.01963822801995374
17;0;3;male;2.0;29.125;4;1;Q;Rice, Master. Eugene;;382652;0.447736488723955;0;True;true_negative;0.552263511276045;0.052263511276045005
264;0;1;male;40.0;0.0;0;0;S;Harrison, Mr. William;B94;112059;0.1565636585153625;0;True;true_negative;0.8434363414846375;0.34343634148463753
64;0;3;male;4.0;27.9;3;2;S;Skoog, Master. Harald;;347088;0.447736488723955;0;True;true_negative;0.552263511276045;0.052263511276045005
448;1;1;male;34.0;26.55;0;0;S;Seward, Mr. Frederic Kimber;;113794;0.3177800254997857;0;False;false_negative;0.6822199745002143;0.18221997450021432
689;0;3;male;18.0;7.7958;0;0;S;Fischer, Mr. Eberhard Thelander;;350036;0.4700056774052002;0;True;true_negative;0.5299943225947998;0.029994322594799783
877;0;3;male;20.0;9.8458;0;0;S;Gustafsson, Mr. Alfred Ossian;;7534;0.05962717101572626;0;True;true_negative;0.9403728289842738;0.44037282898427377
475;0;3;female;22.0;9.8375;0;0;S;Strandberg, Miss. Ida Sofia;;7553;0.509377720242975;1;False;false_positive;0.509377720242975;0.009377720242975007
840;1;1;male;;29.7;0;0;C;Marechal, Mr. Pierre;C47;11774;0.33239029826430694;0;False;false_negative;0.667609701735693;0.16760970173569306
398;0;2;male;46.0;26.0;0;0;S;McKane, Mr. Peter David;;28403;0.11500049814710986;0;True;true_negative;0.8849995018528901;0.3849995018528901
114;0;3;female;20.0;9.825;1;0;S;Jussila, Miss. Katriina;;4136;0.509377720242975;1;False;false_positive;0.509377720242975;0.009377720242975007
83;1;3;female;;7.7875;0;0;Q;McDermott, Miss. Brigdet Delia;;330932;0.8514873934459332;1;True;true_positive;0.8514873934459332;0.35148739344593316
882;0;3;male;33.0;7.8958;0;0;S;Markun, Mr. Johann;;349257;0.4700056774052002;0;True;true_negative;0.5299943225947998;0.029994322594799783
98;1;1;male;23.0;63.3583;0;1;C;Greenfield, Mr. William Bertram;D10 D12;PC 17759;0.4274488353234293;0;False;false_negative;0.5725511646765706;0.07255116467657069
469;0;3;male;;7.725;0;0;Q;Scanlan, Mr. James;;36209;0.4700056774052002;0;True;true_negative;0.5299943225947998;0.029994322594799783
612;0;3;male;;7.05;0;0;S;Jardin, Mr. Jose Neto;;SOTON/O.Q. 3101305;0.10196520291809534;0;True;true_negative;0.8980347970819047;0.39803479708190465
549;0;3;male;33.0;20.525;1;1;S;Goldsmith, Mr. Frank John;;363291;0.10537741156158573;0;True;true_negative;0.8946225884384142;0.39462258843841425
773;0;2;female;57.0;10.5;0;0;S;Mack, Mrs. (Mary);E77;S.O./P.P. 3;0.5140822029412484;1;False;false_positive;0.5140822029412484;0.0140822029412484
678;1;3;female;18.0;9.8417;0;0;S;Turja, Miss. Anna Sofia;;4138;0.34901766751661567;0;False;false_negative;0.6509823324833843;0.15098233248338433
182;0;2;male;;15.05;0;0;C;Pernot, Mr. Rene;;SC/PARIS 2131;0.07175283631987708;0;True;true_negative;0.9282471636801229;0.42824716368012294
36;0;1;male;42.0;52.0;1;0;S;Holverson, Mr. Alexander Oskar;;113789;0.22645379721897693;0;True;true_negative;0.773546202781023;0.27354620278102304
295;0;3;male;24.0;7.8958;0;0;S;Mineff, Mr. Ivan;;349233;0.4700056774052002;0;True;true_negative;0.5299943225947998;0.029994322594799783
871;0;3;male;26.0;7.8958;0;0;S;Balkic, Mr. Cerin;;349248;0.4700056774052002;0;True;true_negative;0.5299943225947998;0.029994322594799783
714;0;3;male;29.0;9.4833;0;0;S;Larsson, Mr. August Viktor;;7545;0.4700056774052002;0;True;true_negative;0.5299943225947998;0.029994322594799783
148;0;3;female;9.0;34.375;2;2;S;"Ford, Miss. Robina Maggie ""Ruby""";;W./C. 6608;0.0882567481112289;0;True;true_negative;0.9117432518887711;0.4117432518887711
128;1;3;male;24.0;7.1417;0;0;S;Madsen, Mr. Fridtjof Arne;;C 17369;0.4700056774052002;0;False;false_negative;0.5299943225947998;0.029994322594799783
502;0;3;female;21.0;7.75;0;0;Q;Canavan, Miss. Mary;;364846;0.5261393786709354;1;False;false_positive;0.5261393786709354;0.02613937867093541
191;1;2;female;32.0;13.0;0;0;S;Pinsky, Mrs. (Rosa);;234604;0.5196382280199537;1;True;true_positive;0.5196382280199537;0.01963822801995374
659;0;2;male;23.0;13.0;0;0;S;Eitemiller, Mr. George Floyd;;29751;0.07272607578281506;0;True;true_negative;0.9272739242171849;0.4272739242171849
283;0;3;male;16.0;9.5;0;0;S;de Pelsmaeker, Mr. Alfons;;345778;0.06681414355569032;0;True;true_negative;0.9331858564443096;0.4331858564443097
608;1;1;male;27.0;30.5;0;0;S;Daniel, Mr. Robert Williams;;113804;0.4922190081455511;0;False;false_negative;0.5077809918544489;0.007780991854448915
375;0;3;female;3.0;21.075;3;1;S;Palsson, Miss. Stina Viola;;349909;0.2644752219210095;0;True;true_negative;0.7355247780789905;0.23552477807899053
384;1;1;female;35.0;52.0;1;0;S;Holverson, Mrs. Alexander Oskar (Mary Aline Towner);;113789;0.5960874454694023;1;True;true_positive;0.5960874454694023;0.09608744546940229
183;0;3;male;9.0;31.3875;4;2;S;Asplund, Master. Clarence Gustaf Hugo;;347077;0.05662539083457384;0;True;true_negative;0.9433746091654261;0.44337460916542615
75;1;3;male;32.0;56.4958;0;0;S;Bing, Mr. Lee;;1601;0.2995289638978402;0;False;false_negative;0.7004710361021598;0.20047103610215983
169;0;1;male;;25.925;0;0;S;Baumann, Mr. John D;;PC 17318;0.4700056774052002;0;True;true_negative;0.5299943225947998;0.029994322594799783
390;1;2;female;17.0;12.0;0;0;C;Lehmann, Miss. Bertha;;SC 1748;0.509377720242975;1;True;true_positive;0.509377720242975;0.009377720242975007
67;1;2;female;29.0;10.5;0;0;S;Nye, Mrs. (Elizabeth Ramell);F33;C.A. 29395;0.8879807080083115;1;True;true_positive;0.8879807080083115;0.3879807080083115
766;1;1;female;51.0;77.9583;1;0;S;Hogeboom, Mrs. John C (Anna Andrews);D11;13502;0.5482226885153654;1;True;true_positive;0.5482226885153654;0.048222688515365375
213;0;3;male;22.0;7.25;0;0;S;Perkin, Mr. John Henry;;A/5 21174;0.12095672294965108;0;True;true_negative;0.8790432770503489;0.3790432770503489
49;0;3;male;;21.6792;2;0;C;Samaan, Mr. Youssef;;2662;0.09212294465170372;0;True;true_negative;0.9078770553482963;0.40787705534829627
296;0;1;male;;27.7208;0;0;C;Lewy, Mr. Ervin G;;PC 17612;0.3846925631617079;0;True;true_negative;0.615307436838292;0.11530743683829209
147;1;3;male;27.0;7.7958;0;0;S;"Andersson, Mr. August Edvard (""Wennerstrom"")";;350043;0.4426032700397102;0;False;false_negative;0.5573967299602898;0.05739672996028983
360;1;3;female;;7.8792;0;0;Q;"Mockler, Miss. Helen Mary ""Ellie""";;330980;0.651118383631744;1;True;true_positive;0.651118383631744;0.151118383631744
322;0;3;male;27.0;7.8958;0;0;S;Danoff, Mr. Yoto;;349219;0.12845464898818768;0;True;true_negative;0.8715453510118123;0.3715453510118123
794;0;1;male;;30.6958;0;0;C;Hoyt, Mr. William Fisher;;PC 17600;0.3907607755369185;0;True;true_negative;0.6092392244630815;0.10923922446308149
25;0;3;female;8.0;21.075;3;1;S;Palsson, Miss. Torborg Danira;;349909;0.25629487573036147;0;True;true_negative;0.7437051242696385;0.24370512426963853
736;0;3;male;28.5;16.1;0;0;S;Williams, Mr. Leslie;;54636;0.09236942076094472;0;True;true_negative;0.9076305792390553;0.40763057923905527
111;0;1;male;47.0;52.0;0;0;S;Porter, Mr. Walter Chamberlain;C110;110465;0.3576562493342179;0;True;true_negative;0.6423437506657821;0.1423437506657821
340;0;1;male;45.0;35.5;0;0;S;Blackwell, Mr. Stephen Weart;T;113784;0.48030690270500825;0;True;true_negative;0.5196930972949918;0.019693097294991746
539;0;3;male;;14.5;0;0;S;Risien, Mr. Samuel Beard;;364498;0.12743856095391437;0;True;true_negative;0.8725614390460856;0.37256143904608563
394;1;1;female;23.0;113.275;1;0;C;Newell, Miss. Marjorie;D36;35273;0.9955701508843132;1;True;true_positive;0.9955701508843132;0.4955701508843132
443;0;3;male;25.0;7.775;1;0;S;Petterson, Mr. Johan Emil;;347076;0.10456755932841075;0;True;true_negative;0.8954324406715892;0.3954324406715892
416;0;3;female;;8.05;0;0;S;Meek, Mrs. Thomas (Annie Louise Rowley);;343095;0.5480172739228459;1;False;false_positive;0.5480172739228459;0.04801727392284594
364;0;3;male;35.0;7.05;0;0;S;Asim, Mr. Adola;;SOTON/O.Q. 3101310;0.4426032700397102;0;True;true_negative;0.5573967299602898;0.05739672996028983
392;1;3;male;21.0;7.7958;0;0;S;Jansson, Mr. Carl Olof;;350034;0.4700056774052002;0;False;false_negative;0.5299943225947998;0.029994322594799783
643;0;3;female;2.0;27.9;3;2;S;Skoog, Miss. Margit Elizabeth;;347088;0.24219185746918984;0;True;true_negative;0.7578081425308102;0.2578081425308102
699;0;1;male;49.0;110.8833;1;1;C;Thayer, Mr. John Borland;C68;17421;0.4922190081455511;0;True;true_negative;0.5077809918544489;0.007780991854448915
787;1;3;female;18.0;7.4958;0;0;S;Sjoblom, Miss. Anna Sofia;;3101265;0.6783034169175143;1;True;true_positive;0.6783034169175143;0.17830341691751428
70;0;3;male;26.0;8.6625;2;0;S;Kink, Mr. Vincenz;;315151;0.4454608946243148;0;True;true_negative;0.5545391053756852;0.05453910537568518
467;0;2;male;;0.0;0;0;S;Campbell, Mr. William;;239853;0.06239079328322971;0;True;true_negative;0.9376092067167703;0.4376092067167703
176;0;3;male;18.0;7.8542;1;1;S;Klasen, Mr. Klas Albin;;350404;0.4700056774052002;0;True;true_negative;0.5299943225947998;0.029994322594799783
281;0;3;male;65.0;7.75;0;0;Q;Duane, Mr. Frank;;336439;0.011723964658264807;0;True;true_negative;0.9882760353417352;0.4882760353417352
835;0;3;male;18.0;8.3;0;0;S;Allum, Mr. Owen George;;2223;0.11947598390903975;0;True;true_negative;0.8805240160909602;0.38052401609096026
669;0;3;male;43.0;8.05;0;0;S;Cook, Mr. Jacob;;A/5 3536;0.10914844907806442;0;True;true_negative;0.8908515509219356;0.3908515509219356
449;1;3;female;5.0;19.2583;2;1;C;Baclini, Miss. Marie Catherine;;2666;0.5699628115282278;1;True;true_positive;0.5699628115282278;0.06996281152822781
229;0;2;male;18.0;13.0;0;0;S;Fahlstrom, Mr. Arne Jonas;;236171;0.07457636387943231;0;True;true_negative;0.9254236361205677;0.42542363612056766
421;0;3;male;;7.8958;0;0;C;Gheorgheff, Mr. Stanio;;349254;0.18081534484545864;0;True;true_negative;0.8191846551545414;0.31918465515454136
221;1;3;male;16.0;8.05;0;0;S;Sunderland, Mr. Victor Francis;;SOTON/OQ 392089;0.06509642614673286;0;False;false_negative;0.9349035738532672;0.43490357385326717
71;0;2;male;32.0;10.5;0;0;S;Jenkin, Mr. Stephen Curnow;;C.A. 33111;0.1267866564920199;0;True;true_negative;0.8732133435079801;0.3732133435079801
834;0;3;male;23.0;7.8542;0;0;S;Augustsson, Mr. Albert;;347468;0.13242328506619047;0;True;true_negative;0.8675767149338095;0.3675767149338095
886;0;3;female;39.0;29.125;0;5;Q;Rice, Mrs. William (Margaret Norton);;382652;0.47697048085730137;0;True;true_negative;0.5230295191426986;0.02302951914269863
16;1;2;female;55.0;16.0;0;0;S;Hewlett, Mrs. (Mary D Kingcome) ;;248706;0.693460765520292;1;True;true_positive;0.693460765520292;0.193460765520292
587;0;2;male;47.0;15.0;0;0;S;Jarvis, Mr. John Denzil;;237565;0.4700056774052002;0;True;true_negative;0.5299943225947998;0.029994322594799783
582;1;1;female;39.0;110.8833;1;1;C;Thayer, Mrs. John Borland (Marian Longstreth Morris);C68;17421;0.5960874454694023;1;True;true_positive;0.5960874454694023;0.09608744546940229
628;1;1;female;21.0;77.9583;0;0;S;Longley, Miss. Gretchen Fiske;D9;13502;0.9722356729039853;1;True;true_positive;0.9722356729039853;0.47223567290398527
330;1;1;female;16.0;57.9792;0;1;C;Hippach, Miss. Jean Gertrude;B18;111361;0.5482226885153654;1;True;true_positive;0.5482226885153654;0.048222688515365375
726;0;3;male;20.0;8.6625;0;0;S;Oreskovic, Mr. Luka;;315094;0.4700056774052002;0;True;true_negative;0.5299943225947998;0.029994322594799783
409;0;3;male;21.0;7.775;0;0;S;Birkeland, Mr. Hans Martin Monsen;;312992;0.4700056774052002;0;True;true_negative;0.5299943225947998;0.029994322594799783
664;0;3;male;36.0;7.4958;0;0;S;Coleff, Mr. Peju;;349210;0.0713744948324815;0;True;true_negative;0.9286255051675185;0.4286255051675185
507;1;2;female;33.0;26.0;0;2;S;Quick, Mrs. Frederick Charles (Jane Richards);;26360;0.548917722339715;1;True;true_positive;0.548917722339715;0.04891772233971503
737;0;3;female;48.0;34.375;1;3;S;Ford, Mrs. Edward (Margaret Ann Watson);;W./C. 6608;0.47697048085730137;0;True;true_negative;0.5230295191426986;0.02302951914269863
578;1;1;female;39.0;55.9;1;0;S;Silvey, Mrs. William Baird (Alice Munger);E44;13507;0.9881391738552612;1;True;true_positive;0.9881391738552612;0.4881391738552612
607;0;3;male;30.0;7.8958;0;0;S;Karaic, Mr. Milan;;349246;0.11703940347769703;0;True;true_negative;0.882960596522303;0.38296059652230297
287;1;3;male;30.0;9.5;0;0;S;de Mulder, Mr. Theodore;;345774;0.12067205715417921;0;False;false_negative;0.8793279428458208;0.3793279428458208
839;1;3;male;32.0;56.4958;0;0;S;Chip, Mr. Chang;;1601;0.6612465320924389;1;True;true_positive;0.6612465320924389;0.1612465320924389
435;0;1;male;50.0;55.9;1;0;S;Silvey, Mr. William Baird;E44;13507;0.35798358978661365;0;True;true_negative;0.6420164102133863;0.14201641021338635
592;1;1;female;52.0;78.2667;1;0;C;Stephenson, Mrs. Walter Bertram (Martha Eustis);D20;36947;0.574791994992451;1;True;true_positive;0.574791994992451;0.07479199499245104
145;0;2;male;18.0;11.5;0;0;S;Andrew, Mr. Edgardo Samuel;;231945;0.030908330086694462;0;True;true_negative;0.9690916699133055;0.46909166991330553
243;0;2;male;29.0;10.5;0;0;S;Coleridge, Mr. Reginald Charles;;W./C. 14263;0.4341190838001222;0;True;true_negative;0.5658809161998778;0.06588091619987779
601;1;2;female;24.0;27.0;2;1;S;Jacobsohn, Mrs. Sidney Samuel (Amy Frances Christy);;243847;0.8328363125105365;1;True;true_positive;0.8328363125105365;0.33283631251053647
819;0;3;male;43.0;6.45;0;0;S;Holm, Mr. John Fredrik Alexander;;C 7075;0.4354287460127461;0;True;true_negative;0.5645712539872538;0.06457125398725388
722;0;3;male;17.0;7.0542;1;0;S;Jensen, Mr. Svend Lauritz;;350048;0.4426032700397102;0;True;true_negative;0.5573967299602898;0.05739672996028983
19;0;3;female;31.0;18.0;1;0;S;Vander Planke, Mrs. Julius (Emelia Maria Vandemoortele);;345763;0.5550131334238582;1;False;false_positive;0.5550131334238582;0.05501313342385816
631;1;1;male;80.0;30.0;0;0;S;Barkworth, Mr. Algernon Henry Wilson;A23;27042;0.15829467427442806;0;False;false_negative;0.841705325725572;0.34170532572557194
256;1;3;female;29.0;15.2458;0;2;C;Touma, Mrs. Darwis (Hanne Youssef Razi);;2650;0.509377720242975;1;True;true_positive;0.509377720242975;0.009377720242975007
809;0;2;male;39.0;13.0;0;0;S;Meyer, Mr. August;;248723;0.1488377894537555;0;True;true_negative;0.8511622105462445;0.3511622105462445
39;0;3;female;18.0;18.0;2;0;S;Vander Planke, Miss. Augusta Maria;;345764;0.5196382280199537;1;False;false_positive;0.5196382280199537;0.01963822801995374
686;0;2;male;25.0;41.5792;1;2;C;Laroche, Mr. Joseph Philippe Lemercier;;SC/Paris 2123;0.4922190081455511;0;True;true_negative;0.5077809918544489;0.007780991854448915
299;1;1;male;;30.5;0;0;S;Saalfeld, Mr. Adolphe;C106;19988;0.4205706541184565;0;False;false_negative;0.5794293458815435;0.07942934588154349
369;1;3;female;;7.75;0;0;Q;Jermyn, Miss. Annie;;14313;0.509377720242975;1;True;true_positive;0.509377720242975;0.009377720242975007
112;0;3;female;14.5;14.4542;1;0;C;Zabour, Miss. Hileni;;2665;0.49920775771377474;0;True;true_negative;0.5007922422862252;0.0007922422862252643
501;0;3;male;17.0;8.6625;0;0;S;Calic, Mr. Petar;;315086;0.4700056774052002;0;True;true_negative;0.5299943225947998;0.029994322594799783
863;1;1;female;48.0;25.9292;0;0;S;Swift, Mrs. Frederick Joel (Margaret Welles Barron);D17;17466;0.538187722128242;1;True;true_positive;0.538187722128242;0.03818772212824195
388;1;2;female;36.0;13.0;0;0;S;Buss, Miss. Kate;;27849;0.5196382280199537;1;True;true_positive;0.5196382280199537;0.01963822801995374
593;0;3;male;47.0;7.25;0;0;S;Elsbury, Mr. William James;;A/5 3902;0.4354287460127461;0;True;true_negative;0.5645712539872538;0.06457125398725388
45;1;3;female;19.0;7.8792;0;0;Q;Devaney, Miss. Margaret Delia;;330958;0.7437135759204128;1;True;true_positive;0.7437135759204128;0.24371357592041276
594;0;3;female;;7.75;0;2;Q;Bourke, Miss. Mary;;364848;0.5261393786709354;1;False;false_positive;0.5261393786709354;0.02613937867093541
386;0;2;male;18.0;73.5;0;0;S;Davies, Mr. Charles Henry;;S.O.C. 14879;0.4927511414807576;0;True;true_negative;0.5072488585192424;0.007248858519242396
867;1;2;female;27.0;13.8583;1;0;C;Duran y More, Miss. Asuncion;;SC/PARIS 2149;0.509377720242975;1;True;true_positive;0.509377720242975;0.009377720242975007
572;1;1;female;53.0;51.4792;2;0;S;Appleton, Mrs. Edward Dale (Charlotte Lamson);C101;11769;0.9478646061591984;1;True;true_positive;0.9478646061591984;0.44786460615919843
764;1;1;female;36.0;120.0;1;2;S;Carter, Mrs. William Ernest (Lucile Polk);B96 B98;113760;0.9898904499710608;1;True;true_positive;0.9898904499710608;0.4898904499710608
187;1;3;female;;15.5;1;0;Q;"O'Brien, Mrs. Thomas (Johanna ""Hannah"" Godfrey)";;370365;0.5196382280199537;1;True;true_positive;0.5196382280199537;0.01963822801995374
162;1;2;female;40.0;15.75;0;0;S;"Watt, Mrs. James (Elizabeth ""Bessie"" Inglis Milne)";;C.A. 33595;0.8588350076056469;1;True;true_positive;0.8588350076056469;0.3588350076056469
411;0;3;male;;7.8958;0;0;S;Sdycoff, Mr. Todor;;349222;0.1266484343114186;0;True;true_negative;0.8733515656885814;0.3733515656885814
408;1;2;male;3.0;18.75;1;1;S;Richards, Master. William Rowe;;29106;0.5364104894502011;1;True;true_positive;0.5364104894502011;0.03641048945020109
131;0;3;male;33.0;7.8958;0;0;C;Drazenoic, Mr. Jozef;;349241;0.1294316031501757;0;True;true_negative;0.8705683968498243;0.3705683968498243
193;1;3;female;19.0;7.8542;1;0;S;Andersen-Jensen, Miss. Carla Christine Nielsine;;350046;0.5029531513150817;1;True;true_positive;0.5029531513150817;0.00295315131508167
450;1;1;male;52.0;30.5;0;0;S;Peuchen, Major. Arthur Godfrey;C104;113786;0.45442168828709933;0;False;false_negative;0.5455783117129007;0.045578311712900665
853;0;3;female;9.0;15.2458;1;1;C;Boulos, Miss. Nourelain;;2678;0.6480727186455172;1;False;false_positive;0.6480727186455172;0.1480727186455172
704;0;3;male;25.0;7.7417;0;0;Q;Gallagher, Mr. Martin;;36864;0.4426032700397102;0;True;true_negative;0.5573967299602898;0.05739672996028983
487;1;1;female;35.0;90.0;1;0;S;Hoyt, Mrs. Frederick Maxfield (Jane Anne Forby);C93;19943;0.5482226885153654;1;True;true_positive;0.5482226885153654;0.048222688515365375
309;0;2;male;30.0;24.0;1;0;C;Abelson, Mr. Samuel;;P/PP 3381;0.08360707386983068;0;True;true_negative;0.9163929261301693;0.4163929261301693
121;0;2;male;21.0;73.5;2;0;S;Hickman, Mr. Stanley George;;S.O.C. 14879;0.4927511414807576;0;True;true_negative;0.5072488585192424;0.007248858519242396
600;1;1;male;49.0;56.9292;1;0;C;"Duff Gordon, Sir. Cosmo Edmund (""Mr Morgan"")";A20;PC 17485;0.5795227343636917;1;True;true_positive;0.5795227343636917;0.07952273436369173
324;1;2;female;22.0;29.0;1;1;S;Caldwell, Mrs. Albert Francis (Sylvia Mae Harbaugh);;248738;0.941079357022367;1;True;true_positive;0.941079357022367;0.441079357022367
457;0;1;male;65.0;26.55;0;0;S;Millet, Mr. Francis Davis;E38;13509;0.2314282062091358;0;True;true_negative;0.7685717937908643;0.2685717937908642
557;1;1;female;48.0;39.6;1;0;C;"Duff Gordon, Lady. (Lucille Christiana Sutherland) (""Mrs Morgan"")";A16;11755;0.5482226885153654;1;True;true_positive;0.5482226885153654;0.048222688515365375
186;0;1;male;;50.0;0;0;S;Rood, Mr. Hugh Roscoe;A32;113767;0.3762470052800475;0;True;true_negative;0.6237529947199525;0.12375299471995249
297;0;3;male;23.5;7.2292;0;0;C;Hanna, Mr. Mansour;;2693;0.30759631430225537;0;True;true_negative;0.6924036856977447;0.19240368569774463
796;0;2;male;39.0;13.0;0;0;S;Otter, Mr. Richard;;28213;0.4700056774052002;0;True;true_negative;0.5299943225947998;0.029994322594799783
144;0;3;male;19.0;6.75;0;0;Q;Burke, Mr. Jeremiah;;365222;0.1314209353654574;0;True;true_negative;0.8685790646345426;0.3685790646345426
241;0;3;female;;14.4542;1;0;C;Zabour, Miss. Thamine;;2665;0.509377720242975;1;False;false_positive;0.509377720242975;0.009377720242975007
836;1;1;female;39.0;83.1583;1;1;C;Compton, Miss. Sara Rebecca;E49;PC 17756;0.9695172563937636;1;True;true_positive;0.9695172563937636;0.4695172563937636
802;1;2;female;31.0;26.25;1;1;S;Collyer, Mrs. Harvey (Charlotte Annie Tate);;C.A. 31921;0.8535414536904952;1;True;true_positive;0.8535414536904952;0.35354145369049517
609;1;2;female;22.0;41.5792;1;2;C;Laroche, Mrs. Joseph (Juliette Marie Louise Lafargue);;SC/Paris 2123;0.919533709955338;1;True;true_positive;0.919533709955338;0.419533709955338
488;0;1;male;58.0;29.7;0;0;C;Kent, Mr. Edward Austin;B37;11771;0.19598752848872938;0;True;true_negative;0.8040124715112706;0.30401247151127064
784;0;3;male;;23.45;1;2;S;Johnston, Mr. Andrew G;;W./C. 6607;0.4344580443453919;0;True;true_negative;0.5655419556546081;0.06554195565460808
239;0;2;male;19.0;10.5;0;0;S;Pengelly, Mr. Frederick William;;28665;0.028909125657277907;0;True;true_negative;0.9710908743427221;0.4710908743427221
638;0;2;male;31.0;26.25;1;1;S;Collyer, Mr. Harvey;;C.A. 31921;0.4927511414807576;0;True;true_negative;0.5072488585192424;0.007248858519242396
550;1;2;male;8.0;36.75;1;1;S;Davies, Master. John Morgan Jr;;C.A. 33112;0.5540805630817157;1;True;true_positive;0.5540805630817157;0.054080563081715716
190;0;3;male;36.0;7.8958;0;0;S;Turcin, Mr. Stjepan;;349247;0.4700056774052002;0;True;true_negative;0.5299943225947998;0.029994322594799783
660;0;1;male;58.0;113.275;0;2;C;Newell, Mr. Arthur Webster;D48;35273;0.23976827879854717;0;True;true_negative;0.7602317212014529;0.2602317212014528
399;0;2;male;23.0;10.5;0;0;S;Pain, Dr. Alfred;;244278;0.08780811550499786;0;True;true_negative;0.9121918844950021;0.41219188449500216
730;0;3;female;25.0;7.925;1;0;S;Ilmakangas, Miss. Pieta Sofia;;STON/O2. 3101271;0.5261393786709354;1;False;false_positive;0.5261393786709354;0.02613937867093541
606;0;3;male;36.0;15.55;1;0;S;Lindell, Mr. Edvard Bengtsson;;349910;0.08408534874046288;0;True;true_negative;0.9159146512595371;0.41591465125953714
198;0;3;male;42.0;8.4042;0;1;S;Olsen, Mr. Karl Siegwart Andreas;;4579;0.45059048101990357;0;True;true_negative;0.5494095189800965;0.049409518980096434
430;1;3;male;32.0;8.05;0;0;S;Pickard, Mr. Berk (Berk Trembisky);E10;SOTON/O.Q. 392078;0.4454608946243148;0;False;false_negative;0.5545391053756852;0.05453910537568518
230;0;3;female;;25.4667;3;1;S;Lefebre, Miss. Mathilde;;4133;0.5;0;True;true_negative;0.5;0.0
812;0;3;male;39.0;24.15;0;0;S;Lester, Mr. James;;A/4 48871;0.19263941374639726;0;True;true_negative;0.8073605862536027;0.30736058625360274
887;0;2;male;27.0;13.0;0;0;S;Montvila, Rev. Juozas;;211536;0.170986226020355;0;True;true_negative;0.829013773979645;0.32901377397964504
858;1;1;male;51.0;26.55;0;0;S;Daly, Mr. Peter Denis ;E17;113055;0.5364104894502011;1;True;true_positive;0.5364104894502011;0.03641048945020109
300;1;1;female;50.0;247.5208;0;1;C;Baxter, Mrs. James (Helene DeLaudeniere Chaput);B58 B60;PC 17558;0.9646532653707097;1;True;true_positive;0.9646532653707097;0.4646532653707097
188;1;1;male;45.0;26.55;0;0;S;"Romaine, Mr. Charles Hallace (""Mr C Rolmane"")";;111428;0.1769986496319053;0;False;false_negative;0.8230013503680946;0.3230013503680947
155;0;3;male;;7.3125;0;0;S;Olsen, Mr. Ole Martin;;Fa 265302;0.11387664171943565;0;True;true_negative;0.8861233582805643;0.3861233582805643
344;0;2;male;25.0;13.0;0;0;S;Sedgwick, Mr. Charles Frederick Waddington;;244361;0.07319046633143333;0;True;true_negative;0.9268095336685667;0.42680953366856667
818;0;2;male;31.0;37.0042;1;1;C;Mallet, Mr. Albert;;S.C./PARIS 2079;0.10791209938096584;0;True;true_negative;0.8920879006190342;0.39208790061903415
94;0;3;male;26.0;20.575;1;2;S;Dean, Mr. Bertram Frank;;C.A. 2315;0.0927290751244278;0;True;true_negative;0.9072709248755721;0.4072709248755722
635;0;3;female;9.0;27.9;3;2;S;Skoog, Miss. Mabel;;347088;0.08059831164230348;0;True;true_negative;0.9194016883576965;0.41940168835769653
561;0;3;male;;7.75;0;0;Q;Morrow, Mr. Thomas Rowan;;372622;0.08132685573076753;0;True;true_negative;0.9186731442692324;0.41867314426923247
586;1;1;female;18.0;79.65;0;2;S;Taussig, Miss. Ruth;E68;110413;0.9728865662084254;1;True;true_positive;0.9728865662084254;0.4728865662084254
146;0;2;male;19.0;36.75;1;1;S;Nicholls, Mr. Joseph Charles;;C.A. 33112;0.4927511414807576;0;True;true_negative;0.5072488585192424;0.007248858519242396
130;0;3;male;45.0;6.975;0;0;S;Ekstrom, Mr. Johan;;347061;0.061946804383258;0;True;true_negative;0.9380531956167419;0.438053195616742
69;1;3;female;17.0;7.925;4;2;S;Andersson, Miss. Erna Alexandra;;3101281;0.2897984017539638;0;False;false_negative;0.7102015982460361;0.21020159824603618
353;0;3;male;15.0;7.2292;1;1;C;Elias, Mr. Tannous;;2695;0.46972598589010944;0;True;true_negative;0.5302740141098905;0.030274014109890557
323;1;2;female;30.0;12.35;0;0;Q;Slayter, Miss. Hilda Mary;;234818;0.509377720242975;1;True;true_positive;0.509377720242975;0.009377720242975007
841;0;3;male;20.0;7.925;0;0;S;Alhomaki, Mr. Ilmari Rudolf;;SOTON/O2 3101287;0.4426032700397102;0;True;true_negative;0.5573967299602898;0.05739672996028983
199;1;3;female;;7.75;0;0;Q;"Madigan, Miss. Margaret ""Maggie""";;370370;0.6885126122717832;1;True;true_positive;0.6885126122717832;0.18851261227178318
741;1;1;male;;30.0;0;0;S;Hawksford, Mr. Walter James;D45;16988;0.5042405596107384;1;True;true_positive;0.5042405596107384;0.004240559610738437
644;1;3;male;;56.4958;0;0;S;Foo, Mr. Choong;;1601;0.21196886798173306;0;False;false_negative;0.7880311320182669;0.2880311320182669
385;0;3;male;;7.8958;0;0;S;Plotcharsky, Mr. Vasil;;349227;0.1266484343114186;0;True;true_negative;0.8733515656885814;0.3733515656885814
171;0;1;male;61.0;33.5;0;0;S;Van der hoef, Mr. Wyckoff;B19;111240;0.04377672578197875;0;True;true_negative;0.9562232742180212;0.4562232742180212
453;0;1;male;30.0;27.75;0;0;C;Foreman, Mr. Benjamin Laventall;C111;113051;0.4927511414807576;0;True;true_negative;0.5072488585192424;0.007248858519242396
366;0;3;male;30.0;7.25;0;0;S;Adahl, Mr. Mauritz Nils Martin;;C 7076;0.08532563576508231;0;True;true_negative;0.9146743642349177;0.41467436423491766
480;1;3;female;2.0;12.2875;0;1;S;Hirvonen, Miss. Hildur E;;3101298;0.762776591809463;1;True;true_positive;0.762776591809463;0.262776591809463
701;1;1;female;18.0;227.525;1;0;C;Astor, Mrs. John Jacob (Madeleine Talmadge Force);C62 C64;PC 17757;0.5949803305916761;1;True;true_positive;0.5949803305916761;0.0949803305916761
20;1;3;female;;7.225;0;0;C;Masselmani, Mrs. Fatima;;2649;0.6383439558715828;1;True;true_positive;0.6383439558715828;0.13834395587158277
880;1;1;female;56.0;83.1583;0;1;C;Potter, Mrs. Thomas Jr (Lily Alexenia Wilson);C50;11767;0.574791994992451;1;True;true_positive;0.574791994992451;0.07479199499245104
224;0;3;male;;7.8958;0;0;S;Nenkoff, Mr. Christo;;349234;0.1266484343114186;0;True;true_negative;0.8733515656885814;0.3733515656885814
843;1;1;female;30.0;31.0;0;0;C;Serepeca, Miss. Augusta;;113798;0.9493790950342352;1;True;true_positive;0.9493790950342352;0.44937909503423523
775;1;2;female;54.0;23.0;1;3;S;Hocking, Mrs. Elizabeth (Eliza Needs);;29105;0.8223197741492154;1;True;true_positive;0.8223197741492154;0.3223197741492154
462;0;3;male;34.0;8.05;0;0;S;Morley, Mr. William;;364506;0.4700056774052002;0;True;true_negative;0.5299943225947998;0.029994322594799783
770;0;3;male;32.0;8.3625;0;0;S;Gronnestad, Mr. Daniel Danielsen;;8471;0.4454608946243148;0;True;true_negative;0.5545391053756852;0.05453910537568518
806;0;3;male;31.0;7.775;0;0;S;Johansson, Mr. Karl Johan;;347063;0.4426032700397102;0;True;true_negative;0.5573967299602898;0.05739672996028983
559;1;1;female;39.0;79.65;1;1;S;Taussig, Mrs. Emil (Tillie Mandelbaum);E67;110413;0.5960874454694023;1;True;true_positive;0.5960874454694023;0.09608744546940229
518;0;3;male;;24.15;0;0;Q;Ryan, Mr. Patrick;;371110;0.09208735677101923;0;True;true_negative;0.9079126432289808;0.4079126432289808
95;0;3;male;59.0;7.25;0;0;S;Coxon, Mr. Daniel;;364500;0.032383510014479575;0;True;true_negative;0.9676164899855204;0.4676164899855204
619;1;2;female;4.0;39.0;2;1;S;Becker, Miss. Marion Louise;F4;230136;0.8183094893522099;1;True;true_positive;0.8183094893522099;0.31830948935220993
778;1;3;female;5.0;12.475;0;0;S;Emanuel, Miss. Virginia Ethel;;364516;0.5230295191426986;1;True;true_positive;0.5230295191426986;0.023029519142698573
693;1;3;male;;56.4958;0;0;S;Lam, Mr. Ali;;1601;0.5493169750249085;1;True;true_positive;0.5493169750249085;0.049316975024908505
117;0;3;male;70.5;7.75;0;0;Q;Connors, Mr. Patrick;;370369;0.0667849769478924;0;True;true_negative;0.9332150230521076;0.4332150230521076
228;0;3;male;20.5;7.25;0;0;S;"Lovell, Mr. John Hall (""Henry"")";;A/5 21173;0.11080630765332021;0;True;true_negative;0.8891936923466798;0.3891936923466798
768;0;3;female;30.5;7.75;0;0;Q;Mangan, Miss. Mary;;364850;0.6652170603298642;1;False;false_positive;0.6652170603298642;0.16521706032986416
15;0;3;female;14.0;7.8542;0;0;S;Vestrom, Miss. Hulda Amanda Adolfina;;350406;0.5230295191426986;1;False;false_positive;0.5230295191426986;0.023029519142698573
749;0;1;male;19.0;53.1;1;0;S;Marvin, Mr. Daniel Warner;D30;113773;0.4839422653438619;0;True;true_negative;0.5160577346561381;0.01605773465613808
306;1;1;male;0.92;151.55;1;2;S;Allison, Master. Hudson Trevor;C22 C26;113781;0.8356013678546529;1;True;true_positive;0.8356013678546529;0.3356013678546529
872;1;1;female;47.0;52.5542;1;1;S;Beckwith, Mrs. Richard Leonard (Sallie Monypeny);D35;11751;0.9533926849400066;1;True;true_positive;0.9533926849400066;0.4533926849400066
666;0;2;male;32.0;73.5;2;0;S;Hickman, Mr. Lewis;;S.O.C. 14879;0.4922190081455511;0;True;true_negative;0.5077809918544489;0.007780991854448915
555;1;3;female;22.0;7.775;0;0;S;Ohman, Miss. Velin;;347085;0.7880722861206055;1;True;true_positive;0.7880722861206055;0.28807228612060554
27;0;3;male;;7.225;0;0;C;Emir, Mr. Farred Chehab;;2631;0.4700056774052002;0;True;true_negative;0.5299943225947998;0.029994322594799783
537;0;1;male;45.0;26.55;0;0;S;Butt, Major. Archibald Willingham;B38;113050;0.5364104894502011;1;False;false_positive;0.5364104894502011;0.03641048945020109
536;1;2;female;7.0;26.25;0;2;S;Hart, Miss. Eva Miriam;;F.C.C. 13529;0.8132707327711036;1;True;true_positive;0.8132707327711036;0.3132707327711036
356;0;3;male;28.0;9.5;0;0;S;Vanden Steen, Mr. Leo Peter;;345783;0.09814466809505074;0;True;true_negative;0.9018553319049493;0.40185533190494926
668;0;3;male;;7.775;0;0;S;Rommetvedt, Mr. Knud Paust;;312993;0.17069554588680266;0;True;true_negative;0.8293044541131973;0.3293044541131973
495;0;3;male;21.0;8.05;0;0;S;Stanley, Mr. Edward Roland;;A/4 45380;0.4700056774052002;0;True;true_negative;0.5299943225947998;0.029994322594799783
441;1;2;female;45.0;26.25;1;1;S;Hart, Mrs. Benjamin (Esther Ada Bloomfield);;F.C.C. 13529;0.7305788849855172;1;True;true_positive;0.7305788849855172;0.23057888498551715
870;1;3;male;4.0;11.1333;1;1;S;Johnson, Master. Harold Theodor;;347742;0.7633528247338669;1;True;true_positive;0.7633528247338669;0.2633528247338669
363;0;3;female;45.0;14.4542;0;1;C;Barbara, Mrs. (Catherine David);;2691;0.5418688627295173;1;False;false_positive;0.5418688627295173;0.04186886272951729
468;0;1;male;56.0;26.55;0;0;S;Smart, Mr. John Montgomery;;113792;0.45442168828709933;0;True;true_negative;0.5455783117129007;0.045578311712900665
35;0;1;male;28.0;82.1708;1;0;C;Meyer, Mr. Edgar Joseph;;PC 17604;0.4922190081455511;0;True;true_negative;0.5077809918544489;0.007780991854448915
554;1;3;male;22.0;7.225;0;0;C;"Leeni, Mr. Fahim (""Philip Zenni"")";;2620;0.4426032700397102;0;False;false_negative;0.5573967299602898;0.05739672996028983
891;0;3;male;32.0;7.75;0;0;Q;Dooley, Mr. Patrick;;370376;0.10311930354427325;0;True;true_negative;0.8968806964557268;0.39688069645572677
733;0;2;male;;0.0;0;0;S;Knight, Mr. Robert J;;239855;0.06239079328322971;0;True;true_negative;0.9376092067167703;0.4376092067167703
883;0;3;female;22.0;10.5167;0;0;S;Dahlberg, Miss. Gerda Ulrika;;7552;0.4813016083105415;0;True;true_negative;0.5186983916894585;0.018698391689458527
133;0;3;female;47.0;14.5;1;0;S;Robins, Mrs. Alexander A (Grace Charity Laury);;A/5. 3337;0.5088349500172842;1;False;false_positive;0.5088349500172842;0.008834950017284182
846;0;3;male;42.0;7.55;0;0;S;Abbing, Mr. Anthony;;C.A. 5547;0.4354287460127461;0;True;true_negative;0.5645712539872538;0.06457125398725388
873;0;1;male;33.0;5.0;0;0;S;Carlsson, Mr. Frans Olof;B51 B53 B55;695;0.19542632292231157;0;True;true_negative;0.8045736770776885;0.30457367707768845
618;0;3;female;26.0;16.1;1;0;S;Lobb, Mrs. William Arthur (Cordelia K Stanlick);;A/5. 3336;0.5196382280199537;1;False;false_positive;0.5196382280199537;0.01963822801995374
33;1;3;female;;7.75;0;0;Q;Glynn, Miss. Mary Agatha;;335677;0.509377720242975;1;True;true_positive;0.509377720242975;0.009377720242975007
716;0;3;male;19.0;7.65;0;0;S;Soholt, Mr. Peter Andreas Lauritz Andersen;F G73;348124;0.4700056774052002;0;True;true_negative;0.5299943225947998;0.029994322594799783
377;1;3;female;22.0;7.25;0;0;S;Landergren, Miss. Aurora Adelia;;C 7077;0.6698831715848687;1;True;true_positive;0.6698831715848687;0.16988317158486865
797;1;1;female;49.0;25.9292;0;0;S;Leader, Dr. Alice (Farnham);D17;17465;0.538187722128242;1;True;true_positive;0.538187722128242;0.03818772212824195
639;0;3;female;41.0;39.6875;0;5;S;Panula, Mrs. Juha (Maria Emilia Ojala);;3101295;0.23920650986843947;0;True;true_negative;0.7607934901315605;0.2607934901315605
308;1;1;female;17.0;108.9;1;0;C;Penasco y Castellana, Mrs. Victor de Satode (Maria Josefa Perez de Soto y Vallejo);C65;PC 17758;0.5482226885153654;1;True;true_positive;0.5482226885153654;0.048222688515365375
491;0;3;male;;19.9667;1;0;S;Hagland, Mr. Konrad Mathias Reiersen;;65304;0.10299194677964264;0;True;true_negative;0.8970080532203574;0.39700805322035737
414;0;2;male;;0.0;0;0;S;Cunningham, Mr. Alfred Fleming;;239853;0.4426032700397102;0;True;true_negative;0.5573967299602898;0.05739672996028983
562;0;3;male;40.0;7.8958;0;0;S;Sivic, Mr. Husein;;349251;0.08461762392378712;0;True;true_negative;0.9153823760762129;0.41538237607621287
890;1;1;male;26.0;30.0;0;0;C;Behr, Mr. Karl Howell;C148;111369;0.4927511414807576;0;False;false_negative;0.5072488585192424;0.007248858519242396
739;0;3;male;;7.8958;0;0;S;Ivanoff, Mr. Kanio;;349201;0.4426032700397102;0;True;true_negative;0.5573967299602898;0.05739672996028983
72;0;3;female;16.0;46.9;5;2;S;Goodwin, Miss. Lillian Amy;;CA 2144;0.13975386340916043;0;True;true_negative;0.8602461365908396;0.3602461365908396
378;0;1;male;27.0;211.5;0;2;C;Widener, Mr. Harry Elkins;C82;113503;0.46595533922643867;0;True;true_negative;0.5340446607735614;0.03404466077356133
576;0;3;male;19.0;14.5;0;0;S;Patchett, Mr. George;;358585;0.12297518121899773;0;True;true_negative;0.8770248187810022;0.37702481878100225
705;0;3;male;26.0;7.8542;1;0;S;Hansen, Mr. Henrik Juul;;350025;0.4700056774052002;0;True;true_negative;0.5299943225947998;0.029994322594799783
531;1;2;female;2.0;26.0;1;1;S;Quick, Miss. Phyllis May;;26360;0.7563629310375265;1;True;true_positive;0.7563629310375265;0.2563629310375265
129;1;3;female;;22.3583;1;1;C;Peter, Miss. Anna;F E69;2668;0.4669540578426849;0;False;false_negative;0.533045942157315;0.0330459421573151
824;1;3;female;27.0;12.475;0;1;S;Moor, Mrs. (Beila);E121;392096;0.5241004381917399;1;True;true_positive;0.5241004381917399;0.024100438191739904
724;0;2;male;50.0;13.0;0;0;S;Hodges, Mr. Henry Price;;250643;0.4700056774052002;0;True;true_negative;0.5299943225947998;0.029994322594799783
164;0;3;male;17.0;8.6625;0;0;S;Calic, Mr. Jovo;;315093;0.06614643434906291;0;True;true_negative;0.9338535656509371;0.4338535656509371
205;1;3;male;18.0;8.05;0;0;S;"Cohen, Mr. Gurshon ""Gus""";;A/5 3540;0.4700056774052002;0;False;false_negative;0.5299943225947998;0.029994322594799783
248;1;2;female;24.0;14.5;0;2;S;Hamalainen, Mrs. William (Anna);;250649;0.5196382280199537;1;True;true_positive;0.5196382280199537;0.01963822801995374
719;0;3;male;;15.5;0;0;Q;McEvoy, Mr. Michael;;36568;0.08939899659379526;0;True;true_negative;0.9106010034062048;0.41060100340620476
541;1;1;female;36.0;71.0;0;2;S;Crosby, Miss. Harriet R;B22;WE/P 5735;0.5482226885153654;1;True;true_positive;0.5482226885153654;0.048222688515365375
874;0;3;male;47.0;9.0;0;0;S;Vander Cruyssen, Mr. Victor;;345765;0.4700056774052002;0;True;true_negative;0.5299943225947998;0.029994322594799783
393;0;3;male;28.0;7.925;2;0;S;Gustafsson, Mr. Johan Birger;;3101277;0.10192081941658775;0;True;true_negative;0.8980791805834123;0.39807918058341224
73;0;2;male;21.0;73.5;0;0;S;Hood, Mr. Ambrose Jr;;S.O.C. 14879;0.1304139031839942;0;True;true_negative;0.8695860968160058;0.3695860968160058
528;0;1;male;;221.7792;0;0;S;Farthing, Mr. John;C95;PC 17483;0.1677528242348661;0;True;true_negative;0.832247175765134;0.3322471757651339
783;0;1;male;29.0;30.0;0;0;S;Long, Mr. Milton Clyde;D6;113501;0.5078429880347609;1;False;false_positive;0.5078429880347609;0.007842988034760912
830;1;1;female;62.0;80.0;0;0;;Stone, Mrs. George Nelson (Martha Evelyn);B28;113572;0.9300672297905312;1;True;true_positive;0.9300672297905312;0.43006722979053125
613;1;3;female;;15.5;1;0;Q;Murphy, Miss. Margaret Jane;;367230;0.5765199538250554;1;True;true_positive;0.5765199538250554;0.07651995382505539
856;1;3;female;18.0;9.35;0;1;S;Aks, Mrs. Sam (Leah Rosen);;392091;0.509377720242975;1;True;true_positive;0.509377720242975;0.009377720242975007
663;0;1;male;47.0;25.5875;0;0;S;Colley, Mr. Edward Pomeroy;E58;5727;0.21952203313258728;0;True;true_negative;0.7804779668674127;0.2804779668674127
253;0;1;male;62.0;26.55;0;0;S;Stead, Mr. William Thomas;C87;113514;0.47039389347996435;0;True;true_negative;0.5296061065200357;0.029606106520035647
126;1;3;male;12.0;11.2417;1;0;C;Nicola-Yarred, Master. Elias;;2651;0.79325469425508;1;True;true_positive;0.79325469425508;0.29325469425508
504;0;3;female;37.0;9.5875;0;0;S;Laitinen, Miss. Kristina Sofia;;4135;0.4331862936238125;0;True;true_negative;0.5668137063761876;0.0668137063761875
167;1;1;female;;55.0;0;1;S;Chibnall, Mrs. (Edith Martha Bowerman);E33;113505;0.9874980136895697;1;True;true_positive;0.9874980136895697;0.4874980136895697
382;1;3;female;1.0;15.7417;0;2;C;"Nakid, Miss. Maria (""Mary"")";;2653;0.5230295191426986;1;True;true_positive;0.5230295191426986;0.023029519142698573
832;1;2;male;0.83;18.75;1;1;S;Richards, Master. George Sibley;;29106;0.8495307857211444;1;True;true_positive;0.8495307857211444;0.3495307857211444
460;0;3;male;;7.75;0;0;Q;O'Connor, Mr. Maurice;;371060;0.05290287453764464;0;True;true_negative;0.9470971254623554;0.44709712546235536
226;0;3;male;22.0;9.35;0;0;S;Berglund, Mr. Karl Ivar Sven;;PP 4348;0.4700056774052002;0;True;true_negative;0.5299943225947998;0.029994322594799783
563;0;2;male;28.0;13.5;0;0;S;Norman, Mr. Robert Douglas;;218629;0.4341190838001222;0;True;true_negative;0.5658809161998778;0.06588091619987779
675;0;2;male;;0.0;0;0;S;Watson, Mr. Ennis Hastings;;239856;0.4426032700397102;0;True;true_negative;0.5573967299602898;0.05739672996028983
734;0;2;male;23.0;13.0;0;0;S;Berriman, Mr. William John;;28425;0.03454367132510045;0;True;true_negative;0.9654563286748995;0.46545632867489956
589;0;3;male;22.0;8.05;0;0;S;Gilinski, Mr. Eliezer;;14973;0.06606989400874266;0;True;true_negative;0.9339301059912574;0.43393010599125736
799;0;3;male;30.0;7.2292;0;0;C;Ibrahim Shawah, Mr. Yousseff;;2685;0.12864014382731487;0;True;true_negative;0.8713598561726852;0.37135985617268513
333;0;1;male;38.0;153.4625;0;1;S;Graham, Mr. George Edward;C91;PC 17582;0.4922190081455511;0;True;true_negative;0.5077809918544489;0.007780991854448915
127;0;3;male;;7.75;0;0;Q;McMahon, Mr. Martin;;370372;0.4700056774052002;0;True;true_negative;0.5299943225947998;0.029994322594799783
57;1;2;female;21.0;10.5;0;0;S;Rugg, Miss. Emily;;C.A. 31026;0.8037230977719276;1;True;true_positive;0.8037230977719276;0.30372309777192763
496;0;3;male;;14.4583;0;0;C;Yousseff, Mr. Gerious;;2627;0.4700056774052002;0;True;true_negative;0.5299943225947998;0.029994322594799783
604;0;3;male;44.0;8.05;0;0;S;Torber, Mr. Ernst William;;364511;0.4700056774052002;0;True;true_negative;0.5299943225947998;0.029994322594799783
99;1;2;female;34.0;23.0;0;1;S;Doling, Mrs. John T (Ada Julia Bone);;231919;0.8132896995876993;1;True;true_positive;0.8132896995876993;0.31328969958769926
249;1;1;male;37.0;52.5542;1;1;S;Beckwith, Mr. Richard Leonard;D35;11751;0.4927511414807576;0;False;false_negative;0.5072488585192424;0.007248858519242396
575;0;3;male;16.0;8.05;0;0;S;Rush, Mr. Alfred George John;;A/4. 20589;0.4454608946243148;0;True;true_negative;0.5545391053756852;0.05453910537568518
439;0;1;male;64.0;263.0;1;4;S;Fortune, Mr. Mark;C23 C25 C27;19950;0.5;0;True;true_negative;0.5;0.0
861;0;3;male;41.0;14.1083;2;0;S;Hansen, Mr. Claus Peter;;350026;0.4341190838001222;0;True;true_negative;0.5658809161998778;0.06588091619987779
567;0;3;male;19.0;7.8958;0;0;S;Stoytcheff, Mr. Ilia;;349205;0.08660526746854662;0;True;true_negative;0.9133947325314534;0.41339473253145337
214;0;2;male;30.0;13.0;0;0;S;Givard, Mr. Hans Kristensen;;250646;0.4700056774052002;0;True;true_negative;0.5299943225947998;0.029994322594799783
653;0;3;male;21.0;8.4333;0;0;S;Kalvik, Mr. Johannes Halvorsen;;8475;0.07224528626628211;0;True;true_negative;0.9277547137337179;0.4277547137337179
564;0;3;male;;8.05;0;0;S;Simmons, Mr. John;;SOTON/OQ 392082;0.15896721543462478;0;True;true_negative;0.8410327845653752;0.3410327845653752
649;0;3;male;;7.55;0;0;S;Willey, Mr. Edward;;S.O./P.P. 751;0.4700056774052002;0;True;true_negative;0.5299943225947998;0.029994322594799783
2;1;1;female;38.0;71.2833;1;0;C;Cumings, Mrs. John Bradley (Florence Briggs Thayer);C85;PC 17599;0.9587199535928402;1;True;true_positive;0.9587199535928402;0.45871995359284023
422;0;3;male;21.0;7.7333;0;0;Q;Charters, Mr. David;;A/5. 13032;0.4426032700397102;0;True;true_negative;0.5573967299602898;0.05739672996028983
674;1;2;male;31.0;13.0;0;0;S;Wilhelms, Mr. Charles;;244270;0.4341190838001222;0;False;false_negative;0.5658809161998778;0.06588091619987779
119;0;1;male;24.0;247.5208;0;1;C;Baxter, Mr. Quigg Edmond;B58 B60;PC 17558;0.5441309733593134;1;False;false_positive;0.5441309733593134;0.044130973359313375
61;0;3;male;22.0;7.2292;0;0;C;Sirayanian, Mr. Orsen;;2669;0.1475000797685309;0;True;true_negative;0.8524999202314691;0.3524999202314691
37;1;3;male;;7.2292;0;0;C;Mamee, Mr. Hanna;;2677;0.4700056774052002;0;False;false_negative;0.5299943225947998;0.029994322594799783
708;1;1;male;42.0;26.2875;0;0;S;Calderhead, Mr. Edward Pennington;E24;PC 17476;0.5364104894502011;1;True;true_positive;0.5364104894502011;0.03641048945020109
703;0;3;female;18.0;14.4542;0;1;C;Barbara, Miss. Saiide;;2691;0.5196382280199537;1;False;false_positive;0.5196382280199537;0.01963822801995374
529;0;3;male;39.0;7.925;0;0;S;Salonen, Mr. Johan Werner;;3101296;0.4426032700397102;0;True;true_negative;0.5573967299602898;0.05739672996028983
63;0;1;male;45.0;83.475;1;0;S;Harris, Mr. Henry Birkhardt;C83;36973;0.18783176327614187;0;True;true_negative;0.8121682367238581;0.31216823672385813
315;0;2;male;43.0;26.25;1;1;S;Hart, Mr. Benjamin;;F.C.C. 13529;0.08782651847085285;0;True;true_negative;0.9121734815291471;0.4121734815291471
742;0;1;male;36.0;78.85;1;0;S;Cavendish, Mr. Tyrell William;C46;19877;0.4922190081455511;0;True;true_negative;0.5077809918544489;0.007780991854448915
290;1;3;female;22.0;7.75;0;0;Q;Connolly, Miss. Kate;;370373;0.6733091095346586;1;True;true_positive;0.6733091095346586;0.1733091095346586
90;0;3;male;24.0;8.05;0;0;S;Celotti, Mr. Francesco;;343275;0.08526680498773219;0;True;true_negative;0.9147331950122678;0.4147331950122678
367;1;1;female;60.0;75.25;1;0;C;Warren, Mrs. Frank Manley (Anna Sophia Atkinson);D37;110813;0.9601643202914089;1;True;true_positive;0.9601643202914089;0.46016432029140886
74;0;3;male;26.0;14.4542;1;0;C;Chronopoulos, Mr. Apostolos;;2680;0.4700056774052002;0;True;true_negative;0.5299943225947998;0.029994322594799783
744;0;3;male;24.0;16.1;1;0;S;McNamee, Mr. Neal;;376566;0.053054613617990236;0;True;true_negative;0.9469453863820098;0.44694538638200976
682;1;1;male;27.0;76.7292;0;0;C;Hassab, Mr. Hammad;D49;PC 17572;0.524068236539382;1;True;true_positive;0.524068236539382;0.02406823653938195
96;0;3;male;;8.05;0;0;S;Shorney, Mr. Charles Joseph;;374910;0.12976760753942218;0;True;true_negative;0.8702323924605778;0.3702323924605778
14;0;3;male;39.0;31.275;1;5;S;Andersson, Mr. Anders Johan;;347082;0.08024512158162911;0;True;true_negative;0.9197548784183709;0.4197548784183709
240;0;2;male;33.0;12.275;0;0;S;Hunt, Mr. George Henry;;SCO/W 1585;0.13000012232148866;0;True;true_negative;0.8699998776785114;0.36999987767851134
406;0;2;male;34.0;21.0;1;0;S;Gale, Mr. Shadrach;;28664;0.4341190838001222;0;True;true_negative;0.5658809161998778;0.06588091619987779
707;1;2;female;45.0;13.5;0;0;S;"Kelly, Mrs. Florence ""Fannie""";;223596;0.5088349500172842;1;True;true_positive;0.5088349500172842;0.008834950017284182
695;0;1;male;60.0;26.55;0;0;S;Weir, Col. John;;113800;0.17435079801688907;0;True;true_negative;0.825649201983111;0.3256492019831109
275;1;3;female;;7.75;0;0;Q;"Healy, Miss. Hanora ""Nora""";;370375;0.5261393786709354;1;True;true_positive;0.5261393786709354;0.02613937867093541
762;0;3;male;41.0;7.125;0;0;S;Nirva, Mr. Iisakki Antino Aijo;;SOTON/O2 3101272;0.4700056774052002;0;True;true_negative;0.5299943225947998;0.029994322594799783
321;0;3;male;22.0;7.25;0;0;S;Dennis, Mr. Samuel;;A/5 21172;0.4700056774052002;0;True;true_negative;0.5299943225947998;0.029994322594799783
23;1;3;female;15.0;8.0292;0;0;Q;"McGowan, Miss. Anna ""Annie""";;330923;0.5848582704752557;1;True;true_positive;0.5848582704752557;0.08485827047525574
544;1;2;male;32.0;26.0;1;0;S;Beane, Mr. Edward;;2908;0.09406611452164257;0;False;false_negative;0.9059338854783574;0.4059338854783574
683;0;3;male;20.0;9.225;0;0;S;Olsvigen, Mr. Thor Anderson;;6563;0.07503798421358193;0;True;true_negative;0.924962015786418;0.42496201578641807
86;1;3;female;33.0;15.85;3;0;S;Backstrom, Mrs. Karl Alfred (Maria Mathilda Gustafsson);;3101278;0.5304560365322313;1;True;true_positive;0.5304560365322313;0.03045603653223128
354;0;3;male;25.0;17.8;1;0;S;Arnold-Franchi, Mr. Josef;;349237;0.06913502785366216;0;True;true_negative;0.9308649721463378;0.43086497214633784
178;0;1;female;50.0;28.7125;0;0;C;Isham, Miss. Ann Elizabeth;C49;PC 17595;0.5823779841824818;1;False;false_positive;0.5823779841824818;0.08237798418248177
6;0;3;male;;8.4583;0;0;Q;Moran, Mr. James;;330877;0.08362831649770895;0;True;true_negative;0.916371683502291;0.41637168350229103
815;0;3;male;30.5;8.05;0;0;S;Tomlin, Mr. Ernest Portage;;364499;0.12208870748893208;0;True;true_negative;0.8779112925110679;0.3779112925110679
48;1;3;female;;7.75;0;0;Q;O'Driscoll, Miss. Bridget;;14311;0.6733091095346586;1;True;true_positive;0.6733091095346586;0.1733091095346586
516;0;1;male;47.0;34.0208;0;0;S;Walker, Mr. William Anderson;D46;36967;0.48030690270500825;0;True;true_negative;0.5196930972949918;0.019693097294991746
383;0;3;male;32.0;7.925;0;0;S;Tikkanen, Mr. Juho;;STON/O 2. 3101293;0.12709085668851589;0;True;true_negative;0.8729091433114842;0.3729091433114841
359;1;3;female;;7.8792;0;0;Q;McGovern, Miss. Mary;;330931;0.5261393786709354;1;True;true_positive;0.5261393786709354;0.02613937867093541
84;0;1;male;28.0;47.1;0;0;S;Carrau, Mr. Francisco M;;113059;0.2709216836599501;0;True;true_negative;0.7290783163400498;0.22907831634004988
579;0;3;female;;14.4583;1;0;C;Caram, Mrs. Joseph (Maria Elias);;2689;0.6520129768794286;1;False;false_positive;0.6520129768794286;0.1520129768794286
201;0;3;male;28.0;9.5;0;0;S;Vande Walle, Mr. Nestor Cyriel;;345770;0.4454608946243148;0;True;true_negative;0.5545391053756852;0.05453910537568518
671;1;2;female;40.0;39.0;1;1;S;Brown, Mrs. Thomas William Solomon (Elizabeth Catherine Ford);;29750;0.9075615539836654;1;True;true_positive;0.9075615539836654;0.40756155398366545
92;0;3;male;20.0;7.8542;0;0;S;Andreasson, Mr. Paul Edvin;;347466;0.4700056774052002;0;True;true_negative;0.5299943225947998;0.029994322594799783
352;0;1;male;;35.0;0;0;S;Williams-Lambert, Mr. Fletcher Fellows;C128;113510;0.42152054049897303;0;True;true_negative;0.578479459501027;0.07847945950102697
842;0;2;male;16.0;10.5;0;0;S;Mudd, Mr. Thomas Charles;;S.O./P.P. 3;0.06751926188554012;0;True;true_negative;0.9324807381144599;0.43248073811445986
620;0;2;male;26.0;10.5;0;0;S;Gavey, Mr. Lawrence;;31028;0.06552787689150467;0;True;true_negative;0.9344721231084954;0.4344721231084953
242;1;3;female;;15.5;1;0;Q;"Murphy, Miss. Katherine ""Kate""";;367230;0.5196382280199537;1;True;true_positive;0.5196382280199537;0.01963822801995374
189;0;3;male;40.0;15.5;1;1;Q;Bourke, Mr. John;;364849;0.07024805607111677;0;True;true_negative;0.9297519439288833;0.4297519439288832
810;1;1;female;33.0;53.1;1;0;S;Chambers, Mrs. Norman Campbell (Bertha Griggs);E8;113806;0.987991311336445;1;True;true_positive;0.987991311336445;0.487991311336445
159;0;3;male;;8.6625;0;0;S;Smiljanic, Mr. Mile;;315037;0.10592023290582364;0;True;true_negative;0.8940797670941764;0.39407976709417636
454;1;1;male;49.0;89.1042;1;0;C;Goldenberg, Mr. Samuel L;C92;17453;0.4922190081455511;0;False;false_negative;0.5077809918544489;0.007780991854448915
140;0;1;male;24.0;79.2;0;0;C;Giglio, Mr. Victor;B86;PC 17593;0.4922190081455511;0;True;true_negative;0.5077809918544489;0.007780991854448915
4;1;1;female;35.0;53.1;1;0;S;Futrelle, Mrs. Jacques Heath (Lily May Peel);C123;113803;0.9893753991772548;1;True;true_positive;0.9893753991772548;0.4893753991772548
532;0;3;male;;7.2292;0;0;C;Toufik, Mr. Nakli;;2641;0.4700056774052002;0;True;true_negative;0.5299943225947998;0.029994322594799783
498;0;3;male;;15.1;0;0;S;Shellard, Mr. Frederick William;;C.A. 6212;0.4341190838001222;0;True;true_negative;0.5658809161998778;0.06588091619987779
455;0;3;male;;8.05;0;0;S;Peduzzi, Mr. Joseph;;A/5 2817;0.12976760753942218;0;True;true_negative;0.8702323924605778;0.3702323924605778
245;0;3;male;30.0;7.225;0;0;C;Attalah, Mr. Sleiman;;2694;0.11393847294271853;0;True;true_negative;0.8860615270572815;0.3860615270572815
88;0;3;male;;8.05;0;0;S;Slocovski, Mr. Selman Francis;;SOTON/OQ 392086;0.10592023290582364;0;True;true_negative;0.8940797670941764;0.39407976709417636
195;1;1;female;44.0;27.7208;0;0;C;Brown, Mrs. James Joseph (Margaret Tobin);B4;PC 17610;0.9108024803870027;1;True;true_positive;0.9108024803870027;0.41080248038700273
494;0;1;male;71.0;49.5042;0;0;C;Artagaveytia, Mr. Ramon;;PC 17609;0.2660088934029957;0;True;true_negative;0.7339911065970043;0.23399110659700428
484;1;3;female;63.0;9.5875;0;0;S;Turkula, Mrs. (Hedwig);;4134;0.5140822029412484;1;True;true_positive;0.5140822029412484;0.0140822029412484
828;1;2;male;1.0;37.0042;0;2;C;Mallet, Master. Andre;;S.C./PARIS 2079;0.8183257284433352;1;True;true_positive;0.8183257284433352;0.3183257284433352
876;1;3;female;15.0;7.225;0;0;C;"Najib, Miss. Adele Kiamie ""Jane""";;2667;0.509377720242975;1;True;true_positive;0.509377720242975;0.009377720242975007
641;0;3;male;20.0;7.8542;0;0;S;Jensen, Mr. Hans Peder;;350050;0.4700056774052002;0;True;true_negative;0.5299943225947998;0.029994322594799783
339;1;3;male;45.0;8.05;0;0;S;Dahl, Mr. Karl Edwart;;7598;0.10040889773811047;0;False;false_negative;0.8995911022618895;0.39959110226188954
368;1;3;female;;7.2292;0;0;C;Moussa, Mrs. (Mantoura Boulos);;2626;0.8031815060039696;1;True;true_positive;0.8031815060039696;0.30318150600396965
803;1;1;male;11.0;120.0;1;2;S;Carter, Master. William Thornton II;B96 B98;113760;0.8216920350212839;1;True;true_positive;0.8216920350212839;0.32169203502128385
456;1;3;male;29.0;7.8958;0;0;C;Jalsevac, Mr. Ivan;;349240;0.4426032700397102;0;False;false_negative;0.5573967299602898;0.05739672996028983
485;1;1;male;25.0;91.0792;1;0;C;Bishop, Mr. Dickinson H;B49;11967;0.5282800937146658;1;True;true_positive;0.5282800937146658;0.028280093714665777
745;1;3;male;31.0;7.925;0;0;S;Stranden, Mr. Juho;;STON/O 2. 3101288;0.4700056774052002;0;False;false_negative;0.5299943225947998;0.029994322594799783
632;0;3;male;51.0;7.0542;0;0;S;Lundahl, Mr. Johan Svensson;;347743;0.03097240035813767;0;True;true_negative;0.9690275996418624;0.46902759964186236
627;0;2;male;57.0;12.35;0;0;Q;Kirkland, Rev. Charles Leonard;;219533;0.4811817559487074;0;True;true_negative;0.5188182440512926;0.01881824405129262
215;0;3;male;;7.75;1;0;Q;Kiernan, Mr. Philip;;367229;0.4426032700397102;0;True;true_negative;0.5573967299602898;0.05739672996028983
786;0;3;male;25.0;7.25;0;0;S;Harmer, Mr. Abraham (David Lishin);;374887;0.13681182059210903;0;True;true_negative;0.8631881794078909;0.36318817940789094
254;0;3;male;30.0;16.1;1;0;S;Lobb, Mr. William Arthur;;A/5. 3336;0.08142357453993272;0;True;true_negative;0.9185764254600672;0.4185764254600673
202;0;3;male;;69.55;8;2;S;Sage, Mr. Frederick;;CA. 2343;0.046067815773487605;0;True;true_negative;0.9539321842265124;0.4539321842265124
821;1;1;female;52.0;93.5;1;1;S;Hays, Mrs. Charles Melville (Clara Jennings Gregg);B69;12749;0.574791994992451;1;True;true_positive;0.574791994992451;0.07479199499245104
104;0;3;male;33.0;8.6542;0;0;S;Johansson, Mr. Gustaf Joel;;7540;0.11012775095211588;0;True;true_negative;0.8898722490478841;0.3898722490478841
220;0;2;male;30.0;10.5;0;0;S;Harris, Mr. Walter;;W/C 14208;0.1588494916645687;0;True;true_negative;0.8411505083354314;0.3411505083354313
134;1;2;female;29.0;26.0;1;0;S;Weisz, Mrs. Leopold (Mathilde Francoise Pede);;228414;0.8630808787510887;1;True;true_positive;0.8630808787510887;0.36308087875108874
427;1;2;female;28.0;26.0;1;0;S;Clarke, Mrs. Charles V (Ada Maria Winfield);;2003;0.8039781250505842;1;True;true_positive;0.8039781250505842;0.3039781250505842
556;0;1;male;62.0;26.55;0;0;S;Wright, Mr. George;;113807;0.2656370455217827;0;True;true_negative;0.7343629544782173;0.2343629544782173
530;0;2;male;23.0;11.5;2;1;S;Hocking, Mr. Richard George;;29104;0.08023789067228866;0;True;true_negative;0.9197621093277113;0.41976210932771135
331;1;3;female;;23.25;2;0;Q;McCoy, Miss. Agnes;;367226;0.5027618498498575;1;True;true_positive;0.5027618498498575;0.0027618498498575006
334;0;3;male;16.0;18.0;2;0;S;Vander Planke, Mr. Leo Edmondus;;345764;0.4341190838001222;0;True;true_negative;0.5658809161998778;0.06588091619987779
255;0;3;female;41.0;20.2125;0;2;S;Rosblom, Mrs. Viktor (Helena Wilhelmina);;370129;0.41132002998688455;0;True;true_negative;0.5886799700131155;0.08867997001311545
106;0;3;male;28.0;7.8958;0;0;S;Mionoff, Mr. Stoytcho;;349207;0.12477705303213564;0;True;true_negative;0.8752229469678644;0.37522294696786435
428;1;2;female;19.0;26.0;0;0;S;"Phillips, Miss. Kate Florence (""Mrs Kate Louise Phillips Marshall"")";;250655;0.8676644658572181;1;True;true_positive;0.8676644658572181;0.3676644658572181
12;1;1;female;58.0;26.55;0;0;S;Bonnell, Miss. Elizabeth;C103;113783;0.6560673634542523;1;True;true_positive;0.6560673634542523;0.15606736345425232
662;0;3;male;40.0;7.225;0;0;C;Badt, Mr. Mohamed;;2623;0.09118765827637046;0;True;true_negative;0.9088123417236296;0.40881234172362957
42;0;2;female;27.0;21.0;1;0;S;Turpin, Mrs. William John Robert (Dorothy Ann Wonnacott);;11668;0.858791679981048;1;False;false_positive;0.858791679981048;0.358791679981048
436;1;1;female;14.0;120.0;1;2;S;Carter, Miss. Lucile Polk;B96 B98;113760;0.8942521124038797;1;True;true_positive;0.8942521124038797;0.3942521124038797
553;0;3;male;;7.8292;0;0;Q;O'Brien, Mr. Timothy;;330979;0.09558329024367843;0;True;true_negative;0.9044167097563216;0.4044167097563216
