PassengerId;Survived;Pclass;Sex;Age;Fare;SibSp;Parch;Embarked;Name;Cabin;Ticket;oof_probability;oof_prediction;is_correct;prediction_type;confidence;distance_to_threshold
850;1;1;female;;89.1042;1;0;C;Goldenberg, Mrs. Samuel L (Edwiga Grabowska);C92;17453;0.9766076301250645;1;True;true_positive;0.9766076301250645;0.47660763012506446
262;1;3;male;3.0;31.3875;4;2;S;Asplund, Master. Edvin Rojj Felix;;347077;0.41755196606393175;0;False;false_negative;0.5824480339360683;0.08244803393606825
753;0;3;male;33.0;9.5;0;0;S;Vande Velde, Mr. Johannes Joseph;;345780;0.1685283195197275;0;True;true_negative;0.8314716804802725;0.33147168048027253
538;1;1;female;30.0;106.425;0;0;C;LeRoy, Miss. Bertha;;PC 17761;0.8186773290799516;1;True;true_positive;0.8186773290799516;0.3186773290799516
433;1;2;female;42.0;26.0;1;0;S;Louch, Mrs. Charles Alexander (Alice Adelaide Slow);;SC/AH 3085;0.7641980572455793;1;True;true_positive;0.7641980572455793;0.2641980572455793
289;1;2;male;42.0;13.0;0;0;S;Hosono, Mr. Masabumi;;237798;0.20886881903547053;0;False;false_negative;0.7911311809645295;0.2911311809645295
831;1;3;female;15.0;14.4542;1;0;C;Yasbeck, Mrs. Antoni (Selini Alexander);;2659;0.5030709609267779;1;True;true_positive;0.5030709609267779;0.0030709609267779436
776;0;3;male;18.0;7.75;0;0;S;Myhrman, Mr. Pehr Fabian Oliver Malkolm;;347078;0.16070165195084216;0;True;true_negative;0.8392983480491578;0.3392983480491578
522;0;3;male;22.0;7.8958;0;0;S;Vovk, Mr. Janko;;349252;0.44792988853245685;0;True;true_negative;0.5520701114675431;0.052070111467543145
40;1;3;female;14.0;11.2417;1;0;C;Nicola-Yarred, Miss. Jamila;;2651;0.6316466380968065;1;True;true_positive;0.6316466380968065;0.13164663809680655
177;0;3;male;;25.4667;3;1;S;Lefebre, Master. Henry Forbes;;4133;0.2568758443289082;0;True;true_negative;0.7431241556710918;0.2431241556710918
793;0;3;female;;69.55;8;2;S;Sage, Miss. Stella Anna;;CA. 2343;0.4024661693140021;0;True;true_negative;0.5975338306859979;0.09753383068599791
329;1;3;female;31.0;20.525;1;1;S;Goldsmith, Mrs. Frank John (Emily Alice Brown);;363291;0.4487875437239187;0;False;false_negative;0.5512124562760813;0.051212456276081286
616;1;2;female;24.0;65.0;1;2;S;Herman, Miss. Alice;;220845;0.9188247119321772;1;True;true_positive;0.9188247119321772;0.4188247119321772
370;1;1;female;24.0;69.3;0;0;C;Aubart, Mme. Leontine Pauline;B35;PC 17477;0.9394108823357838;1;True;true_positive;0.9394108823357838;0.43941088233578385
477;0;2;male;34.0;21.0;1;0;S;Renouf, Mr. Peter Henry;;31027;0.4494113259338467;0;True;true_negative;0.5505886740661533;0.050588674066153305
280;1;3;female;35.0;20.25;1;1;S;Abbott, Mrs. Stanton (Rosa Hunt);;C.A. 2673;0.5323795788530987;1;True;true_positive;0.5323795788530987;0.03237957885309872
5;0;3;male;35.0;8.05;0;0;S;Allen, Mr. William Henry;;373450;0.16392840766736289;0;True;true_negative;0.8360715923326372;0.3360715923326371
798;1;3;female;31.0;8.6833;0;0;S;Osman, Mrs. Mara;;349244;0.5329596165440212;1;True;true_positive;0.5329596165440212;0.03295961654402124
10;1;2;female;14.0;30.0708;1;0;C;Nasser, Mrs. Nicholas (Adele Achem);;237736;0.9126038208323394;1;True;true_positive;0.9126038208323394;0.4126038208323394
326;1;1;female;36.0;135.6333;0;0;C;Young, Miss. Marie Grice;C32;PC 17760;0.8352742236822946;1;True;true_positive;0.8352742236822946;0.33527422368229465
514;1;1;female;54.0;59.4;1;0;C;Rothschild, Mrs. Martin (Elizabeth L. Barrett);;PC 17603;0.8829729549644356;1;True;true_positive;0.8829729549644356;0.3829729549644356
801;0;2;male;34.0;13.0;0;0;S;Ponesell, Mr. Martin;;250647;0.4494113259338467;0;True;true_negative;0.5505886740661533;0.050588674066153305
474;1;2;female;23.0;13.7917;0;0;C;Jerwan, Mrs. Amin S (Marie Marthe Thuillard);D;SC/AH Basle 541;0.8891041782734947;1;True;true_positive;0.8891041782734947;0.38910417827349475
423;0;3;male;29.0;7.875;0;0;S;Zimmerman, Mr. Leo;;315082;0.16461320360160694;0;True;true_negative;0.8353867963983931;0.3353867963983931
87;0;3;male;16.0;34.375;1;3;S;Ford, Mr. William Neal;;W./C. 6608;0.45134227895400636;0;True;true_negative;0.5486577210459936;0.04865772104599364
629;0;3;male;26.0;7.8958;0;0;S;Bostandyeff, Mr. Guentcho;;349224;0.16070165195084216;0;True;true_negative;0.8392983480491578;0.3392983480491578
43;0;3;male;;7.8958;0;0;C;Kraeff, Mr. Theodor;;349253;0.22926583132239003;0;True;true_negative;0.7707341686776099;0.27073416867760997
743;1;1;female;21.0;262.375;2;2;C;"Ryerson, Miss. Susan Parker ""Suzette""";B57 B59 B63 B66;PC 17608;0.9159259134821042;1;True;true_positive;0.9159259134821042;0.41592591348210417
837;0;3;male;21.0;8.6625;0;0;S;Pasic, Mr. Jakob;;315097;0.44792988853245685;0;True;true_negative;0.5520701114675431;0.052070111467543145
611;0;3;female;39.0;31.275;1;5;S;Andersson, Mrs. Anders Johan (Alfrida Konstantia Brogren);;347082;0.16887501487066958;0;True;true_negative;0.8311249851293304;0.3311249851293304
174;0;3;male;21.0;7.925;0;0;S;Sivola, Mr. Antti Wilhelm;;STON/O 2. 3101280;0.15491035411366735;0;True;true_negative;0.8450896458863326;0.3450896458863326
125;0;1;male;54.0;77.2875;0;1;S;White, Mr. Percival Wayland;D26;35281;0.3723646995613849;0;True;true_negative;0.627635300438615;0.1276353004386151
747;0;3;male;16.0;20.25;1;1;S;Abbott, Mr. Rossmore Edward;;C.A. 2673;0.2701710619555141;0;True;true_negative;0.7298289380444859;0.2298289380444859
313;0;2;female;26.0;26.0;1;1;S;Lahtinen, Mrs. William (Anna Sylfven);;250651;0.8216163729986596;1;False;false_positive;0.8216163729986596;0.32161637299865964
410;0;3;female;;25.4667;3;1;S;Lefebre, Miss. Ida;;4133;0.4462493562135082;0;True;true_negative;0.5537506437864919;0.0537506437864918
244;0;3;male;22.0;7.125;0;0;S;Maenpaa, Mr. Matti Alexanteri;;STON/O 2. 3101275;0.15832187634593242;0;True;true_negative;0.8416781236540676;0.3416781236540676
560;1;3;female;36.0;17.4;1;0;S;de Messemaeker, Mrs. Guillaume Joseph (Emma);;345572;0.504856933264595;1;True;true_positive;0.504856933264595;0.00485693326459502
293;0;2;male;36.0;12.875;0;0;C;Levy, Mr. Rene Jacques;D;SC/Paris 2163;0.32668172137909146;0;True;true_negative;0.6733182786209085;0.17331827862090854
446;1;1;male;4.0;81.8583;0;2;S;Dodge, Master. Washington;A34;33638;0.6867892684438748;1;True;true_positive;0.6867892684438748;0.18678926844387478
413;1;1;female;33.0;90.0;1;0;Q;Minahan, Miss. Daisy E;C78;19928;0.8300499695750789;1;True;true_positive;0.8300499695750789;0.3300499695750789
615;0;3;male;35.0;8.05;0;0;S;Brocklebank, Mr. William Alfred;;364512;0.16960151897338555;0;True;true_negative;0.8303984810266145;0.33039848102661445
651;0;3;male;;7.8958;0;0;S;Mitkoff, Mr. Mito;;349221;0.16461320360160694;0;True;true_negative;0.8353867963983931;0.3353867963983931
46;0;3;male;;8.05;0;0;S;Rogers, Mr. William John;;S.C./A.4. 23567;0.16392840766736289;0;True;true_negative;0.8360715923326372;0.3360715923326371
349;1;3;male;3.0;15.9;1;1;S;"Coutts, Master. William Loch ""William""";;C.A. 37671;0.42722313300678044;0;False;false_negative;0.5727768669932196;0.07277686699321956
107;1;3;female;21.0;7.65;0;0;S;Salkjelsvik, Miss. Anna Kristine;;343120;0.6005171952247533;1;True;true_positive;0.6005171952247533;0.10051719522475333
341;1;2;male;2.0;26.0;1;1;S;Navratil, Master. Edmond Roger;F2;230080;0.8951134845279383;1;True;true_positive;0.8951134845279383;0.39511348452793826
634;0;1;male;;0.0;0;0;S;Parr, Mr. William Henry Marsh;;112052;0.1883605282938667;0;True;true_negative;0.8116394717061333;0.31163947170613326
425;0;3;male;18.0;20.2125;1;1;S;Rosblom, Mr. Viktor Richard;;370129;0.1606300445583989;0;True;true_negative;0.8393699554416011;0.3393699554416011
817;0;3;female;23.0;7.925;0;0;S;Heininen, Miss. Wendla Maria;;STON/O2. 3101290;0.504856933264595;1;False;false_positive;0.504856933264595;0.00485693326459502
357;1;1;female;22.0;55.0;0;1;S;Bowerman, Miss. Elsie Edith;E33;113505;0.9799979452758347;1;True;true_positive;0.9799979452758347;0.4799979452758347
417;1;2;female;34.0;32.5;1;1;S;Drew, Mrs. James Vivian (Lulu Thorne Christian);;28220;0.9130300569418307;1;True;true_positive;0.9130300569418307;0.4130300569418307
150;0;2;male;42.0;13.0;0;0;S;Byles, Rev. Thomas Roussel Davids;;244310;0.26626872252634726;0;True;true_negative;0.7337312774736527;0.23373127747365274
599;0;3;male;;7.225;0;0;C;Boulos, Mr. Hanna;;2664;0.44792988853245685;0;True;true_negative;0.5520701114675431;0.052070111467543145
11;1;3;female;4.0;16.7;1;1;S;Sandstrom, Miss. Marguerite Rut;G6;PP 9549;0.7743226966775111;1;True;true_positive;0.7743226966775111;0.2743226966775111
343;0;2;male;28.0;13.0;0;0;S;Collander, Mr. Erik Gustaf;;248740;0.14597637362493154;0;True;true_negative;0.8540236263750685;0.35402362637506846
60;0;3;male;11.0;46.9;5;2;S;Goodwin, Master. William Frederick;;CA 2144;0.310989986789368;0;True;true_negative;0.689010013210632;0.189010013210632
269;1;1;female;58.0;153.4625;0;1;S;Graham, Mrs. William Thompson (Edith Junkins);C125;PC 17582;0.9761016244990744;1;True;true_positive;0.9761016244990744;0.47610162449907445
551;1;1;male;17.0;110.8833;0;2;C;Thayer, Mr. John Borland Jr;C70;17421;0.43217729587610426;0;False;false_negative;0.5678227041238957;0.06782270412389574
54;1;2;female;29.0;26.0;1;0;S;Faunthorpe, Mrs. Lizzie (Elizabeth Anne Wilkinson);;2926;0.775680275202419;1;True;true_positive;0.775680275202419;0.275680275202419
401;1;3;male;39.0;7.925;0;0;S;Niskanen, Mr. Juha;;STON/O 2. 3101289;0.1508700125327789;0;False;false_negative;0.8491299874672211;0.3491299874672211
610;1;1;female;40.0;153.4625;0;0;S;Shutes, Miss. Elizabeth W;C125;PC 17582;0.5940561117292852;1;True;true_positive;0.5940561117292852;0.09405611172928519
540;1;1;female;22.0;49.5;0;2;C;Frolicher, Miss. Hedwig Margaritha;B39;13568;0.8040862680759095;1;True;true_positive;0.8040862680759095;0.30408626807590955
524;1;1;female;44.0;57.9792;0;1;C;Hippach, Mrs. Louis Albert (Ida Sophia Fischer);B18;111361;0.5940561117292852;1;True;true_positive;0.5940561117292852;0.09405611172928519
851;0;3;male;4.0;31.275;4;2;S;Andersson, Master. Sigvard Harald Elias;;347082;0.32958319053228724;0;True;true_negative;0.6704168094677128;0.17041680946771276
402;0;3;male;26.0;8.05;0;0;S;Adams, Mr. John;;341826;0.25237029380958553;0;True;true_negative;0.7476297061904145;0.24762970619041447
767;0;1;male;;39.6;0;0;C;Brewe, Dr. Arthur Jackson;;112379;0.4210230362664648;0;True;true_negative;0.5789769637335351;0.07897696373353519
533;0;3;male;17.0;7.2292;1;1;C;Elias, Mr. Joseph Jr;;2690;0.229457208050104;0;True;true_negative;0.7705427919498959;0.270542791949896
270;1;1;female;35.0;135.6333;0;0;S;Bissette, Miss. Amelia;C99;PC 17760;0.9222413554526406;1;True;true_positive;0.9222413554526406;0.42224135545264063
166;1;3;male;9.0;20.525;0;2;S;"Goldsmith, Master. Frank John William ""Frankie""";;363291;0.45533468904455676;0;False;false_negative;0.5446653109554432;0.04466531095544324
320;1;1;female;40.0;134.5;1;1;C;Spedden, Mrs. Frederic Oakley (Margaretta Corning Stone);E34;16966;0.974043578182913;1;True;true_positive;0.974043578182913;0.474043578182913
520;0;3;male;32.0;7.8958;0;0;S;Pavlovic, Mr. Stefo;;349242;0.44792988853245685;0;True;true_negative;0.5520701114675431;0.052070111467543145
108;1;3;male;;7.775;0;0;S;Moss, Mr. Albert Johan;;312991;0.16392840766736289;0;False;false_negative;0.8360715923326372;0.3360715923326371
888;1;1;female;19.0;30.0;0;0;S;Graham, Miss. Margaret Edith;B42;112053;0.7427835012573566;1;True;true_positive;0.7427835012573566;0.2427835012573566
709;1;1;female;22.0;151.55;0;0;S;Cleaver, Miss. Alice;;113781;0.5940561117292852;1;True;true_positive;0.5940561117292852;0.09405611172928519
396;0;3;male;22.0;7.7958;0;0;S;Johansson, Mr. Erik;;350052;0.44792988853245685;0;True;true_negative;0.5520701114675431;0.052070111467543145
715;0;2;male;52.0;13.0;0;0;S;Greenberg, Mr. Samuel;;250647;0.16605540505414357;0;True;true_negative;0.8339445949458564;0.33394459494585643
771;0;3;male;24.0;9.5;0;0;S;Lievens, Mr. Rene Aime;;345781;0.44792988853245685;0;True;true_negative;0.5520701114675431;0.052070111467543145
731;1;1;female;29.0;211.3375;0;0;S;Allen, Miss. Elisabeth Walton;B5;24160;0.5940561117292852;1;True;true_positive;0.5940561117292852;0.09405611172928519
358;0;2;female;38.0;13.0;0;0;S;Funk, Miss. Annie Clemmer;;237671;0.787120067060531;1;False;false_positive;0.787120067060531;0.28712006706053095
655;0;3;female;18.0;6.75;0;0;Q;"Hegarty, Miss. Hanora ""Nora""";;365226;0.5030709609267779;1;False;false_positive;0.5030709609267779;0.0030709609267779436
746;0;1;male;70.0;71.0;1;1;S;Crosby, Capt. Edward Gifford;B22;WE/P 5735;0.7988118975579054;1;False;false_positive;0.7988118975579054;0.2988118975579054
26;1;3;female;38.0;31.3875;1;5;S;Asplund, Mrs. Carl Oscar (Selma Augusta Emilia Johansson);;347077;0.16096204168372077;0;False;false_negative;0.8390379583162793;0.33903795831627925
152;1;1;female;22.0;66.6;1;0;S;Pears, Mrs. Thomas (Edith Wearne);C2;113776;0.5940561117292852;1;True;true_positive;0.5940561117292852;0.09405611172928519
415;1;3;male;44.0;7.925;0;0;S;Sundman, Mr. Johan Julian;;STON/O 2. 3101269;0.15657257528375773;0;False;false_negative;0.8434274247162423;0.34342742471624227
623;1;3;male;20.0;15.7417;1;1;C;Nakid, Mr. Sahid;;2653;0.12199083156933498;0;False;false_negative;0.878009168430665;0.378009168430665
476;0;1;male;;52.0;0;0;S;Clifford, Mr. George Quincy;A14;110465;0.38961242988686057;0;True;true_negative;0.6103875701131394;0.11038757011313943
405;0;3;female;20.0;8.6625;0;0;S;Oreskovic, Miss. Marija;;315096;0.4956260477371937;0;True;true_negative;0.5043739522628063;0.004373952262806291
595;0;2;male;37.0;26.0;1;0;S;Chapman, Mr. John Henry;;SC/AH 29037;0.15059772066157245;0;True;true_negative;0.8494022793384275;0.34940227933842755
336;0;3;male;;7.8958;0;0;S;Denkoff, Mr. Mitto;;349225;0.1492227101162826;0;True;true_negative;0.8507772898837174;0.35077728988371737
687;0;3;male;14.0;39.6875;4;1;S;Panula, Mr. Jaako Arnold;;3101295;0.0994365988958157;0;True;true_negative;0.9005634011041843;0.4005634011041843
694;0;3;male;25.0;7.225;0;0;C;Saad, Mr. Khalil;;2672;0.20198697398546855;0;True;true_negative;0.7980130260145315;0.29801302601453145
3;1;3;female;26.0;7.925;0;0;S;Heikkinen, Miss. Laina;;STON/O2. 3101282;0.5125199707683136;1;True;true_positive;0.5125199707683136;0.01251997076831357
805;1;3;male;27.0;6.975;0;0;S;Hedman, Mr. Oskar Arvid;;347089;0.44792988853245685;0;False;false_negative;0.5520701114675431;0.052070111467543145
512;0;3;male;;8.05;0;0;S;Webber, Mr. James;;SOTON/OQ 3101316;0.1492227101162826;0;True;true_negative;0.8507772898837174;0.35077728988371737
822;1;3;male;27.0;8.6625;0;0;S;Lulic, Mr. Nikola;;315098;0.2557060096211513;0;False;false_negative;0.7442939903788487;0.2442939903788487
116;0;3;male;21.0;7.925;0;0;S;Pekoniemi, Mr. Edvard;;STON/O 2. 3101294;0.25237029380958553;0;True;true_negative;0.7476297061904145;0.24762970619041447
738;1;1;male;35.0;512.3292;0;0;C;Lesurer, Mr. Gustave J;B101;PC 17755;0.27678400812974135;0;False;false_negative;0.7232159918702586;0.22321599187025865
56;1;1;male;;35.5;0;0;S;Woolner, Mr. Hugh;C52;19947;0.3539775746866546;0;False;false_negative;0.6460224253133454;0.14602242531334542
268;1;3;male;25.0;7.775;1;0;S;Persson, Mr. Ernst Ulrik;;347083;0.44792988853245685;0;False;false_negative;0.5520701114675431;0.052070111467543145
505;1;1;female;16.0;86.5;0;0;S;Maioni, Miss. Roberta;B79;110152;0.983172054742622;1;True;true_positive;0.983172054742622;0.48317205474262204
276;1;1;female;63.0;77.9583;1;0;S;Andrews, Miss. Kornelia Theodosia;D7;13502;0.5940561117292852;1;True;true_positive;0.5940561117292852;0.09405611172928519
849;0;2;male;28.0;33.0;0;1;S;Harper, Rev. John;;248727;0.4654240063155322;0;True;true_negative;0.5345759936844678;0.03457599368446779
800;0;3;female;30.0;24.15;1;1;S;Van Impe, Mrs. Jean Baptiste (Rosalie Paula Govaert);;345773;0.5249038763319779;1;False;false_positive;0.5249038763319779;0.02490387633197788
97;0;1;male;71.0;34.6542;0;0;C;Goldschmidt, Mr. George B;A5;PC 17754;0.4366846022571794;0;True;true_negative;0.5633153977428206;0.06331539774282058
463;0;1;male;47.0;38.5;0;0;S;Gee, Mr. Arthur H;E63;111320;0.3886360128267415;0;True;true_negative;0.6113639871732586;0.11136398717325852
503;0;3;female;;7.6292;0;0;Q;O'Sullivan, Miss. Bridget Mary;;330909;0.6965723844477814;1;False;false_positive;0.6965723844477814;0.19657238444778136
769;0;3;male;;24.15;1;0;Q;Moran, Mr. Daniel J;;371110;0.13885553975912066;0;True;true_negative;0.8611444602408793;0.3611444602408793
332;0;1;male;45.5;28.5;0;0;S;Partner, Mr. Austen;C124;113043;0.481885574725097;0;True;true_negative;0.518114425274903;0.01811442527490298
534;1;3;female;;22.3583;0;2;C;Peter, Mrs. Catherine (Catherine Rizk);;2668;0.5119719248267822;1;True;true_positive;0.5119719248267822;0.011971924826782221
804;1;3;male;0.42;8.5167;0;1;C;Thomas, Master. Assad Alexander;;2625;0.5359358881108237;1;True;true_positive;0.5359358881108237;0.03593588811082371
679;0;3;female;43.0;46.9;1;6;S;Goodwin, Mrs. Frederick (Augusta Tyler);;CA 2144;0.4397024098569864;0;True;true_negative;0.5602975901430136;0.06029759014301361
420;0;3;female;10.0;24.15;0;2;S;Van Impe, Miss. Catharina;;345773;0.48015415955354424;0;True;true_negative;0.5198458404464558;0.019845840446455765
458;1;1;female;;51.8625;1;0;S;Kenyon, Mrs. Frederick R (Marion);D21;17464;0.5940561117292852;1;True;true_positive;0.5940561117292852;0.09405611172928519
444;1;2;female;28.0;13.0;0;0;S;Reynaldo, Ms. Encarnacion;;230434;0.7979903700200812;1;True;true_positive;0.7979903700200812;0.2979903700200812
223;0;3;male;51.0;8.05;0;0;S;Green, Mr. George Henry;;21440;0.15146374145284283;0;True;true_negative;0.8485362585471572;0.3485362585471572
41;0;3;female;40.0;9.475;1;0;S;Ahlin, Mrs. Johan (Johanna Persdotter Larsson);;7546;0.4930298458589679;0;True;true_negative;0.5069701541410321;0.006970154141032081
640;0;3;male;;16.1;1;0;S;Thorneycroft, Mr. Percival;;376564;0.44792988853245685;0;True;true_negative;0.5520701114675431;0.052070111467543145
216;1;1;female;31.0;113.275;1;0;C;Newell, Miss. Madeleine;D36;35273;0.911155972926501;1;True;true_positive;0.911155972926501;0.41115597292650097
650;1;3;female;23.0;7.55;0;0;S;Stanley, Miss. Amy Zillah Elsie;;CA. 2314;0.504856933264595;1;True;true_positive;0.504856933264595;0.00485693326459502
527;1;2;female;50.0;10.5;0;0;S;Ridsdale, Miss. Lucy;;W./C. 14258;0.7058965523434231;1;True;true_positive;0.7058965523434231;0.20589655234342308
44;1;2;female;3.0;41.5792;1;2;C;Laroche, Miss. Simonne Marie Anne Andree;;SC/Paris 2123;0.8591266689830039;1;True;true_positive;0.8591266689830039;0.35912666898300394
442;0;3;male;20.0;9.5;0;0;S;Hampe, Mr. Leon;;345769;0.44792988853245685;0;True;true_negative;0.5520701114675431;0.052070111467543145
24;1;1;male;28.0;35.5;0;0;S;Sloper, Mr. William Thompson;A6;113788;0.3400762025199271;0;False;false_negative;0.6599237974800729;0.1599237974800729
713;1;1;male;48.0;52.0;1;0;S;Taylor, Mr. Elmer Zebley;C126;19996;0.35057743608493613;0;False;false_negative;0.6494225639150639;0.14942256391506387
465;0;3;male;;8.05;0;0;S;Maisner, Mr. Simon;;A/S 2816;0.1492227101162826;0;True;true_negative;0.8507772898837174;0.35077728988371737
565;0;3;female;;8.05;0;0;S;Meanwell, Miss. (Marion Ogden);;SOTON/O.Q. 392087;0.5827202733142435;1;False;false_positive;0.5827202733142435;0.08272027331424348
584;0;1;male;36.0;40.125;0;0;C;Ross, Mr. John Hugo;A10;13049;0.481885574725097;0;True;true_negative;0.518114425274903;0.01811442527490298
845;0;3;male;17.0;8.6625;0;0;S;Culumovic, Mr. Jeso;;315090;0.4625622417617206;0;True;true_negative;0.5374377582382794;0.037437758238279384
865;0;2;male;24.0;13.0;0;0;S;Gill, Mr. John William;;233866;0.11542103816458678;0;True;true_negative;0.8845789618354132;0.38457896183541324
235;0;2;male;24.0;10.5;0;0;S;Leyson, Mr. Robert William Norman;;C.A. 29566;0.304255246516623;0;True;true_negative;0.6957447534833769;0.195744753483377
656;0;2;male;24.0;73.5;2;0;S;Hickman, Mr. Leonard Mark;;S.O.C. 14879;0.22922507944547973;0;True;true_negative;0.7707749205545202;0.27077492055452024
389;0;3;male;;7.7292;0;0;Q;Sadlier, Mr. Matthew;;367655;0.44792988853245685;0;True;true_negative;0.5520701114675431;0.052070111467543145
391;1;1;male;36.0;120.0;1;2;S;Carter, Mr. William Ernest;B96 B98;113760;0.24284985130845274;0;False;false_negative;0.7571501486915473;0.2571501486915473
727;1;2;female;30.0;21.0;3;0;S;Renouf, Mrs. Peter Henry (Lillian Jefferys);;31027;0.8127874910652837;1;True;true_positive;0.8127874910652837;0.3127874910652837
478;0;3;male;29.0;7.0458;1;0;S;Braund, Mr. Lewis Richard;;3460;0.15396359050916042;0;True;true_negative;0.8460364094908396;0.3460364094908396
203;0;3;male;34.0;6.4958;0;0;S;Johanson, Mr. Jakob Alfred;;3101264;0.16392840766736289;0;True;true_negative;0.8360715923326372;0.3360715923326371
754;0;3;male;23.0;7.8958;0;0;S;Jonkoff, Mr. Lalio;;349204;0.14541062280626976;0;True;true_negative;0.8545893771937303;0.35458937719373024
307;1;1;female;;110.8833;0;0;C;Fleming, Miss. Margaret;;17421;0.9209618567300967;1;True;true_positive;0.9209618567300967;0.4209618567300967
373;0;3;male;19.0;8.05;0;0;S;Beavan, Mr. William Thomas;;323951;0.15484486072611342;0;True;true_negative;0.8451551392738865;0.3451551392738866
509;0;3;male;28.0;22.525;0;0;S;Olsen, Mr. Henry Margido;;C 4001;0.14689541809130727;0;True;true_negative;0.8531045819086928;0.35310458190869276
574;1;3;female;;7.75;0;0;Q;Kelly, Miss. Mary;;14312;0.5125199707683136;1;True;true_positive;0.5125199707683136;0.01251997076831357
706;0;2;male;39.0;26.0;0;0;S;"Morley, Mr. Henry Samuel (""Mr Henry Marshall"")";;250655;0.23295339050690975;0;True;true_negative;0.7670466094930902;0.2670466094930902
32;1;1;female;;146.5208;1;0;C;Spencer, Mrs. William Augustus (Marie Eugenie);B78;PC 17569;0.5940561117292852;1;True;true_positive;0.5940561117292852;0.09405611172928519
748;1;2;female;30.0;13.0;0;0;S;Sinkkonen, Miss. Anna;;250648;0.7769927576292518;1;True;true_positive;0.7769927576292518;0.2769927576292518
807;0;1;male;39.0;0.0;0;0;S;Andrews, Mr. Thomas Jr;A36;112050;0.3603564764087053;0;True;true_negative;0.6396435235912947;0.13964352359129473
765;0;3;male;16.0;7.775;0;0;S;Eklund, Mr. Hans Linus;;347074;0.2595985621427628;0;True;true_negative;0.7404014378572372;0.24040143785723722
100;0;2;male;34.0;26.0;1;0;S;Kantor, Mr. Sinai;;244367;0.1809124694388179;0;True;true_negative;0.8190875305611821;0.3190875305611821
328;1;2;female;36.0;13.0;0;0;S;Ball, Mrs. (Ada E Hall);D;28551;0.7921777104289854;1;True;true_positive;0.7921777104289854;0.29217771042898544
725;1;1;male;27.0;53.1;1;0;S;Chambers, Mr. Norman Campbell;E8;113806;0.3631431935841141;0;False;false_negative;0.6368568064158859;0.13685680641588588
9;1;3;female;27.0;11.1333;0;2;S;Johnson, Mrs. Oscar W (Elisabeth Vilhelmina Berg);;347742;0.5032889855096654;1;True;true_positive;0.5032889855096654;0.0032889855096653875
633;1;1;male;32.0;30.5;0;0;C;Stahelin-Maeglin, Dr. Max;B50;13214;0.4946145734500924;0;False;false_negative;0.5053854265499076;0.00538542654990759
459;1;2;female;50.0;10.5;0;0;S;Toomey, Miss. Ellen;;F.C.C. 13531;0.7058965523434231;1;True;true_positive;0.7058965523434231;0.20589655234342308
698;1;3;female;;7.7333;0;0;Q;"Mullens, Miss. Katherine ""Katie""";;35852;0.504856933264595;1;True;true_positive;0.504856933264595;0.00485693326459502
825;0;3;male;2.0;39.6875;4;1;S;Panula, Master. Urho Abraham;;3101295;0.41755196606393175;0;True;true_negative;0.5824480339360683;0.08244803393606825
327;0;3;male;61.0;6.2375;0;0;S;Nysveen, Mr. Johan Hansen;;345364;0.44792988853245685;0;True;true_negative;0.5520701114675431;0.052070111467543145
115;0;3;female;17.0;14.4583;0;0;C;Attalah, Miss. Malake;;2627;0.6197534327229454;1;False;false_positive;0.6197534327229454;0.11975343272294536
492;0;3;male;21.0;7.25;0;0;S;Windelov, Mr. Einar;;SOTON/OQ 3101317;0.16070165195084216;0;True;true_negative;0.8392983480491578;0.3392983480491578
172;0;3;male;4.0;29.125;4;1;Q;Rice, Master. Arthur;;382652;0.32958319053228724;0;True;true_negative;0.6704168094677128;0.17041680946771276
603;0;1;male;;42.4;0;0;S;Harrington, Mr. Charles H;;113796;0.22869248142611404;0;True;true_negative;0.771307518573886;0.27130751857388596
303;0;3;male;19.0;0.0;0;0;S;Johnson, Mr. William Cahoone Jr;;LINE;0.14971364618681127;0;True;true_negative;0.8502863538131887;0.35028635381318873
426;0;3;male;;7.25;0;0;S;Wiseman, Mr. Phillippe;;A/4. 34244;0.2662850448142596;0;True;true_negative;0.7337149551857405;0.23371495518574043
440;0;2;male;31.0;10.5;0;0;S;Kvillner, Mr. Johan Henrik Johannesson;;C.A. 18723;0.11947009783984668;0;True;true_negative;0.8805299021601534;0.3805299021601533
677;0;3;male;24.5;8.05;0;0;S;Sawyer, Mr. Frederick Charles;;342826;0.14541062280626976;0;True;true_negative;0.8545893771937303;0.35458937719373024
795;0;3;male;25.0;7.8958;0;0;S;Dantcheff, Mr. Ristiu;;349203;0.44792988853245685;0;True;true_negative;0.5520701114675431;0.052070111467543145
658;0;3;female;32.0;15.5;1;1;Q;Bourke, Mrs. John (Catherine);;364849;0.504856933264595;1;False;false_positive;0.504856933264595;0.00485693326459502
547;1;2;female;19.0;26.0;1;0;S;Beane, Mrs. Edward (Ethel Clarke);;2908;0.8216163729986596;1;True;true_positive;0.8216163729986596;0.32161637299865964
838;0;3;male;;8.05;0;0;S;Sirota, Mr. Maurice;;392092;0.1492227101162826;0;True;true_negative;0.8507772898837174;0.35077728988371737
597;1;2;female;;33.0;0;0;S;Leitch, Miss. Jessie Wills;;248727;0.7659671009538447;1;True;true_positive;0.7659671009538447;0.2659671009538447
365;0;3;male;;15.5;1;0;Q;O'Brien, Mr. Thomas;;370365;0.15974975395524138;0;True;true_negative;0.8402502460447586;0.3402502460447586
792;0;2;male;16.0;26.0;0;0;S;Gaskell, Mr. Alfred;;239865;0.15185980296831503;0;True;true_negative;0.848140197031685;0.348140197031685
712;0;1;male;;26.55;0;0;S;Klaber, Mr. Herman;C124;113028;0.481885574725097;0;True;true_negative;0.518114425274903;0.01811442527490298
605;1;1;male;35.0;26.55;0;0;C;"Homer, Mr. Harry (""Mr E Haven"")";;111426;0.3823170096530197;0;False;false_negative;0.6176829903469803;0.11768299034698032
854;1;1;female;16.0;39.4;0;1;S;Lines, Miss. Mary Conover;D28;PC 17592;0.8059752619682111;1;True;true_positive;0.8059752619682111;0.3059752619682111
864;0;3;female;;69.55;8;2;S;"Sage, Miss. Dorothy Edith ""Dolly""";;CA. 2343;0.34968122296553955;0;True;true_negative;0.6503187770344605;0.15031877703446045
141;0;3;female;;15.2458;0;2;C;Boulos, Mrs. Joseph (Sultana);;2678;0.504856933264595;1;False;false_positive;0.504856933264595;0.00485693326459502
13;0;3;male;20.0;8.05;0;0;S;Saundercock, Mr. William Henry;;A/5. 2151;0.15491035411366735;0;True;true_negative;0.8450896458863326;0.3450896458863326
273;1;2;female;41.0;19.5;0;1;S;Mellinger, Mrs. (Elizabeth Anne Maidment);;250644;0.7836687672261723;1;True;true_positive;0.7836687672261723;0.2836687672261723
210;1;1;male;40.0;31.0;0;0;C;Blank, Mr. Henry;A31;112277;0.3748721984462762;0;False;false_negative;0.6251278015537238;0.12512780155372383
277;0;3;female;45.0;7.75;0;0;S;Lindblom, Miss. Augusta Charlotta;;347073;0.5604960992925465;1;False;false_positive;0.5604960992925465;0.06049609929254651
855;0;2;female;44.0;26.0;1;0;S;Carter, Mrs. Ernest Courtenay (Lilian Hughes);;244252;0.9042667872894707;1;False;false_positive;0.9042667872894707;0.40426678728947074
38;0;3;male;21.0;8.05;0;0;S;Cann, Mr. Ernest Charles;;A./5. 2152;0.1651362226287128;0;True;true_negative;0.8348637773712873;0.3348637773712872
569;0;3;male;;7.2292;0;0;C;Doharr, Mr. Tannous;;2686;0.44792988853245685;0;True;true_negative;0.5520701114675431;0.052070111467543145
247;0;3;female;25.0;7.775;0;0;S;Lindahl, Miss. Agda Thorilda Viktoria;;347071;0.6005171952247533;1;False;false_positive;0.6005171952247533;0.10051719522475333
513;1;1;male;36.0;26.2875;0;0;S;McGough, Mr. James Robert;E25;PC 17473;0.31719692144725986;0;False;false_negative;0.6828030785527401;0.18280307855274014
545;0;1;male;50.0;106.425;1;0;C;Douglas, Mr. Walter Donald;C86;PC 17761;0.43719817222235585;0;True;true_negative;0.5628018277776441;0.06280182777764415
207;0;3;male;32.0;15.85;1;0;S;Backstrom, Mr. Karl Alfred;;3101278;0.13897775930703996;0;True;true_negative;0.8610222406929601;0.3610222406929601
400;1;2;female;28.0;12.65;0;0;S;Trout, Mrs. William H (Jessie L);;240929;0.7761830430315992;1;True;true_positive;0.7761830430315992;0.27618304303159924
238;1;2;female;8.0;26.25;0;2;S;"Collyer, Miss. Marjorie ""Lottie""";;C.A. 31921;0.8843224070824355;1;True;true_positive;0.8843224070824355;0.3843224070824355
788;0;3;male;8.0;29.125;4;1;Q;Rice, Master. George Hugh;;382652;0.2586730425735699;0;True;true_negative;0.7413269574264301;0.24132695742643012
566;0;3;male;24.0;24.15;2;0;S;Davies, Mr. Alfred J;;A/4 48871;0.259951114129066;0;True;true_negative;0.740048885870934;0.24004888587093398
808;0;3;female;18.0;7.775;0;0;S;Pettersson, Miss. Ellen Natalia;;347087;0.6005171952247533;1;False;false_positive;0.6005171952247533;0.10051719522475333
197;0;3;male;;7.75;0;0;Q;Mernagh, Mr. Robert;;368703;0.10518083524885237;0;True;true_negative;0.8948191647511476;0.39481916475114764
237;0;2;male;44.0;26.0;1;0;S;Hold, Mr. Stephen;;26707;0.4687968099490141;0;True;true_negative;0.5312031900509859;0.031203190050985874
869;0;3;male;;9.5;0;0;S;van Melkebeke, Mr. Philemon;;345777;0.44792988853245685;0;True;true_negative;0.5520701114675431;0.052070111467543145
718;1;2;female;27.0;10.5;0;0;S;"Troutt, Miss. Edwina Celia ""Winnie""";E101;34218;0.7927395909637653;1;True;true_positive;0.7927395909637653;0.29273959096376534
438;1;2;female;24.0;18.75;2;3;S;Richards, Mrs. Sidney (Emily Hocking);;29106;0.7822848514077563;1;True;true_positive;0.7822848514077563;0.2822848514077563
472;0;3;male;38.0;8.6625;0;0;S;Cacic, Mr. Luka;;315089;0.15035500327399567;0;True;true_negative;0.8496449967260044;0.34964499672600435
151;0;2;male;51.0;12.525;0;0;S;Bateman, Rev. Robert James;;S.O.P. 1166;0.34648875688119524;0;True;true_negative;0.6535112431188048;0.15351124311880476
437;0;3;female;21.0;34.375;2;2;S;"Ford, Miss. Doolina Margaret ""Daisy""";;W./C. 6608;0.4187180077544851;0;True;true_negative;0.5812819922455149;0.08128199224551491
542;0;3;female;9.0;31.275;4;2;S;Andersson, Miss. Ingeborg Constanzia;;347082;0.3561729494209958;0;True;true_negative;0.6438270505790042;0.1438270505790042
761;0;3;male;;14.5;0;0;S;Garfirth, Mr. John;;358585;0.44792988853245685;0;True;true_negative;0.5520701114675431;0.052070111467543145
165;0;3;male;1.0;39.6875;4;1;S;Panula, Master. Eino Viljami;;3101295;0.41755196606393175;0;True;true_negative;0.5824480339360683;0.08244803393606825
481;0;3;male;9.0;46.9;5;2;S;Goodwin, Master. Harold Victor;;CA 2144;0.14512706562840866;0;True;true_negative;0.8548729343715913;0.35487293437159134
250;0;2;male;54.0;26.0;1;0;S;Carter, Rev. Ernest Courtenay;;244252;0.34854913409104504;0;True;true_negative;0.651450865908955;0.15145086590895496
814;0;3;female;6.0;31.275;4;2;S;Andersson, Miss. Ebba Iris Alfrida;;347082;0.3561729494209958;0;True;true_negative;0.6438270505790042;0.1438270505790042
690;1;1;female;15.0;211.3375;0;1;S;Madill, Miss. Georgette Alexandra;B5;24160;0.5844359227818077;1;True;true_positive;0.5844359227818077;0.08443592278180767
149;0;2;male;36.5;26.0;0;2;S;"Navratil, Mr. Michel (""Louis M Hoffman"")";F2;230080;0.36514425573938264;0;True;true_negative;0.6348557442606173;0.13485574426061736
868;0;1;male;31.0;50.4958;0;0;S;Roebling, Mr. Washington Augustus II;A24;PC 17590;0.481885574725097;0;True;true_negative;0.518114425274903;0.01811442527490298
479;0;3;male;22.0;7.5208;0;0;S;Karlsson, Mr. Nils August;;350060;0.2586545722316571;0;True;true_negative;0.7413454277683429;0.2413454277683429
680;1;1;male;36.0;512.3292;0;1;C;Cardeza, Mr. Thomas Drake Martinez;B51 B53 B55;PC 17755;0.481885574725097;0;False;false_negative;0.518114425274903;0.01811442527490298
351;0;3;male;23.0;9.225;0;0;S;Odahl, Mr. Nils Martin;;7267;0.44792988853245685;0;True;true_negative;0.5520701114675431;0.052070111467543145
500;0;3;male;24.0;7.7958;0;0;S;Svensson, Mr. Olof;;350035;0.14971364618681127;0;True;true_negative;0.8502863538131887;0.35028635381318873
525;0;3;male;;7.2292;0;0;C;Kassem, Mr. Fared;;2700;0.17491716311277367;0;True;true_negative;0.8250828368872263;0.32508283688722633
346;1;2;female;24.0;13.0;0;0;S;"Brown, Miss. Amelia ""Mildred""";F33;248733;0.7864657848946454;1;True;true_positive;0.7864657848946454;0.28646578489464536
168;0;3;female;45.0;27.9;1;4;S;Skoog, Mrs. William (Anna Bernhardina Karlsson);;347088;0.3811473033789047;0;True;true_negative;0.6188526966210953;0.11885269662109532
621;0;3;male;27.0;14.4542;1;0;C;Yasbeck, Mr. Antoni;;2659;0.1944841794962096;0;True;true_negative;0.8055158205037904;0.3055158205037904
598;0;3;male;49.0;0.0;0;0;S;Johnson, Mr. Alfred;;LINE;0.1529822304119174;0;True;true_negative;0.8470177695880826;0.3470177695880826
291;1;1;female;26.0;78.85;0;0;S;"Barber, Miss. Ellen ""Nellie""";;19877;0.8726189784278323;1;True;true_positive;0.8726189784278323;0.3726189784278323
233;0;2;male;59.0;13.5;0;0;S;Sjostedt, Mr. Ernst Adolf;;237442;0.32305475158187874;0;True;true_negative;0.6769452484181213;0.17694524841812126
380;0;3;male;19.0;7.775;0;0;S;Gustafsson, Mr. Karl Gideon;;347069;0.4625622417617206;0;True;true_negative;0.5374377582382794;0.037437758238279384
381;1;1;female;42.0;227.525;0;0;C;Bidois, Miss. Rosalie;;PC 17757;0.5940561117292852;1;True;true_positive;0.5940561117292852;0.09405611172928519
624;0;3;male;21.0;7.8542;0;0;S;Hansen, Mr. Henry Damsgaard;;350029;0.14971364618681127;0;True;true_negative;0.8502863538131887;0.35028635381318873
590;0;3;male;;8.05;0;0;S;Murdlin, Mr. Joseph;;A./5. 3235;0.16913396197836497;0;True;true_negative;0.8308660380216351;0.33086603802163506
50;0;3;female;18.0;17.8;1;0;S;Arnold-Franchi, Mrs. Josef (Josefine Franchi);;349237;0.5216786030982435;1;False;false_positive;0.5216786030982435;0.021678603098243543
246;0;1;male;44.0;90.0;2;0;Q;Minahan, Dr. William Edward;C78;19928;0.8219260156888442;1;False;false_positive;0.8219260156888442;0.32192601568884416
729;0;2;male;25.0;26.0;1;0;S;Bryhl, Mr. Kurt Arnold Gottfrid;;236853;0.27029464062913194;0;True;true_negative;0.729705359370868;0.22970535937086806
29;1;3;female;;7.8792;0;0;Q;"O'Dwyer, Miss. Ellen ""Nellie""";;330959;0.6459415128275044;1;True;true_positive;0.6459415128275044;0.14594151282750445
274;0;1;male;37.0;29.7;0;1;C;Natsch, Mr. Charles H;C118;PC 17596;0.481885574725097;0;True;true_negative;0.518114425274903;0.01811442527490298
490;1;3;male;9.0;15.9;1;1;S;"Coutts, Master. Eden Leslie ""Neville""";;C.A. 37671;0.42722313300678044;0;False;false_negative;0.5727768669932196;0.07277686699321956
591;0;3;male;35.0;7.125;0;0;S;Rintamaki, Mr. Matti;;STON/O 2. 3101273;0.16507074620100357;0;True;true_negative;0.8349292537989964;0.3349292537989964
109;0;3;male;38.0;7.8958;0;0;S;Rekic, Mr. Tido;;349249;0.26675329398245023;0;True;true_negative;0.7332467060175498;0.23324670601754977
361;0;3;male;40.0;27.9;1;4;S;Skoog, Mr. Wilhelm;;347088;0.10021284963642274;0;True;true_negative;0.8997871503635773;0.39978715036357726
218;0;2;male;42.0;27.0;1;0;S;Jacobsohn, Mr. Sidney Samuel;;243847;0.17769621392125798;0;True;true_negative;0.822303786078742;0.322303786078742
790;0;1;male;46.0;79.2;0;0;C;Guggenheim, Mr. Benjamin;B82 B84;PC 17593;0.481885574725097;0;True;true_negative;0.518114425274903;0.01811442527490298
508;1;1;male;;26.55;0;0;S;"Bradley, Mr. George (""George Arthur Brayton"")";;111427;0.24501635851785974;0;False;false_negative;0.7549836414821403;0.25498364148214026
568;0;3;female;29.0;21.075;0;4;S;Palsson, Mrs. Nils (Alma Cornelia Berglund);;349909;0.22812739888554417;0;True;true_negative;0.7718726011144559;0.2718726011144558
7;0;1;male;54.0;51.8625;0;0;S;McCarthy, Mr. Timothy J;E46;17463;0.38746399742412097;0;True;true_negative;0.612536002575879;0.11253600257587903
304;1;2;female;;12.35;0;0;Q;Keane, Miss. Nora A;E101;226593;0.816687114050295;1;True;true_positive;0.816687114050295;0.31668711405029504
85;1;2;female;17.0;10.5;0;0;S;Ilett, Miss. Bertha;;SO/C 14885;0.5539250479847942;1;True;true_positive;0.5539250479847942;0.05392504798479425
681;0;3;female;;8.1375;0;0;Q;Peters, Miss. Katie;;330935;0.6282271751559525;1;False;false_positive;0.6282271751559525;0.1282271751559525
519;1;2;female;36.0;26.0;1;0;S;"Angle, Mrs. William A (Florence ""Mary"" Agnes Hughes)";;226875;0.5697853064432351;1;True;true_positive;0.5697853064432351;0.0697853064432351
258;1;1;female;30.0;86.5;0;0;S;Cherry, Miss. Gladys;B77;110152;0.8169538369436413;1;True;true_positive;0.8169538369436413;0.3169538369436413
728;1;3;female;;7.7375;0;0;Q;Mannion, Miss. Margareth;;36866;0.6965723844477814;1;True;true_positive;0.6965723844477814;0.19657238444778136
614;0;3;male;;7.75;0;0;Q;Horgan, Mr. John;;370377;0.14317670926322051;0;True;true_negative;0.8568232907367794;0.3568232907367795
138;0;1;male;37.0;53.1;1;0;S;Futrelle, Mr. Jacques Heath;C123;113803;0.481885574725097;0;True;true_negative;0.518114425274903;0.01811442527490298
153;0;3;male;55.5;8.05;0;0;S;Meo, Mr. Alfonzo;;A.5. 11206;0.1467833957363145;0;True;true_negative;0.8532166042636855;0.3532166042636855
777;0;3;male;;7.75;0;0;Q;Tobin, Mr. Roger;F38;383121;0.26800965525363774;0;True;true_negative;0.7319903447463623;0.23199034474636226
8;0;3;male;2.0;21.075;3;1;S;Palsson, Master. Gosta Leonard;;349909;0.4933540001276144;0;True;true_negative;0.5066459998723856;0.006645999872385622
884;0;2;male;28.0;10.5;0;0;S;Banfield, Mr. Frederick James;;C.A./SOTON 34068;0.1380759742076441;0;True;true_negative;0.8619240257923559;0.36192402579235594
395;1;3;female;24.0;16.7;0;2;S;Sandstrom, Mrs. Hjalmar (Agnes Charlotta Bengtsson);G6;PP 9549;0.5519087022664968;1;True;true_positive;0.5519087022664968;0.0519087022664968
305;0;3;male;;8.05;0;0;S;"Williams, Mr. Howard Hugh ""Harry""";;A/5 2466;0.44792988853245685;0;True;true_negative;0.5520701114675431;0.052070111467543145
316;1;3;female;26.0;7.8542;0;0;S;Nilsson, Miss. Helmina Josefina;;347470;0.5622290135690986;1;True;true_positive;0.5622290135690986;0.0622290135690986
581;1;2;female;25.0;30.0;1;1;S;Christy, Miss. Julie Rachel;;237789;0.5697853064432351;1;True;true_positive;0.5697853064432351;0.0697853064432351
272;1;3;male;25.0;0.0;0;0;S;Tornquist, Mr. William Henry;;LINE;0.16070165195084216;0;False;false_negative;0.8392983480491578;0.3392983480491578
833;0;3;male;;7.2292;0;0;C;Saad, Mr. Amin;;2671;0.13388258896246066;0;True;true_negative;0.8661174110375394;0.36611741103753936
670;1;1;female;;52.0;1;0;S;Taylor, Mrs. Elmer Zebley (Juliet Cummins Wright);C126;19996;0.8230299326601165;1;True;true_positive;0.8230299326601165;0.3230299326601165
735;0;2;male;23.0;13.0;0;0;S;Troupiansky, Mr. Moses Aaron;;233639;0.4494113259338467;0;True;true_negative;0.5505886740661533;0.050588674066153305
875;1;2;female;28.0;24.0;1;0;C;Abelson, Mrs. Samuel (Hannah Wizosky);;P/PP 3381;0.7910425678644425;1;True;true_positive;0.7910425678644425;0.2910425678644425
464;0;2;male;48.0;13.0;0;0;S;Milling, Mr. Jacob Christian;;234360;0.1681452618088315;0;True;true_negative;0.8318547381911685;0.3318547381911685
288;0;3;male;22.0;7.8958;0;0;S;Naidenoff, Mr. Penko;;349206;0.14541062280626976;0;True;true_negative;0.8545893771937303;0.35458937719373024
91;0;3;male;29.0;8.05;0;0;S;Christmann, Mr. Emil;;343276;0.44792988853245685;0;True;true_negative;0.5520701114675431;0.052070111467543145
376;1;1;female;;82.1708;1;0;C;Meyer, Mrs. Edgar Joseph (Leila Saks);;PC 17604;0.5940561117292852;1;True;true_positive;0.5940561117292852;0.09405611172928519
397;0;3;female;31.0;7.8542;0;0;S;Olsson, Miss. Elina;;350407;0.5341841543567384;1;False;false_positive;0.5341841543567384;0.03418415435673838
103;0;1;male;21.0;77.2875;0;1;S;White, Mr. Richard Frasar;D26;35281;0.3123573251296489;0;True;true_negative;0.687642674870351;0.18764267487035108
82;1;3;male;29.0;9.5;0;0;S;Sheerlinck, Mr. Jan Baptist;;345779;0.16913396197836497;0;False;false_negative;0.8308660380216351;0.33086603802163506
637;0;3;male;32.0;7.925;0;0;S;Leinonen, Mr. Antti Gustaf;;STON/O 2. 3101292;0.17217747963454674;0;True;true_negative;0.8278225203654532;0.32782252036545323
225;1;1;male;38.0;90.0;1;0;S;Hoyt, Mr. Frederick Maxfield;C93;19943;0.24222852798832817;0;False;false_negative;0.7577714720116718;0.25777147201167183
523;0;3;male;;7.225;0;0;C;Lahoud, Mr. Sarkis;;2624;0.17491716311277367;0;True;true_negative;0.8250828368872263;0.32508283688722633
200;0;2;female;24.0;13.0;0;0;S;"Yrois, Miss. Henriette (""Mrs Harbeck"")";;248747;0.8865418639164035;1;False;false_positive;0.8865418639164035;0.38654186391640355
285;0;1;male;;26.0;0;0;S;Smith, Mr. Richard William;A19;113056;0.38569631694907147;0;True;true_negative;0.6143036830509285;0.11430368305092853
139;0;3;male;16.0;9.2167;0;0;S;Osen, Mr. Olaf Elon;;7534;0.18060127085253128;0;True;true_negative;0.8193987291474687;0.3193987291474687
271;0;1;male;;31.0;0;0;S;Cairns, Mr. Alexander;;113798;0.24695626029986117;0;True;true_negative;0.7530437397001388;0.2530437397001388
113;0;3;male;22.0;8.05;0;0;S;Barton, Mr. David John;;324669;0.15832187634593242;0;True;true_negative;0.8416781236540676;0.3416781236540676
721;1;2;female;6.0;33.0;0;1;S;"Harper, Miss. Annie Jessie ""Nina""";;248727;0.7620915424423798;1;True;true_positive;0.7620915424423798;0.26209154244237975
181;0;3;female;;69.55;8;2;S;Sage, Miss. Constance Gladys;;CA. 2343;0.4024661693140021;0;True;true_negative;0.5975338306859979;0.09753383068599791
636;1;2;female;28.0;13.0;0;0;S;Davis, Miss. Mary;;237668;0.5364608230690936;1;True;true_positive;0.5364608230690936;0.036460823069093595
862;0;2;male;21.0;11.5;1;0;S;Giles, Mr. Frederick Edward;;28134;0.10987442944122815;0;True;true_negative;0.8901255705587718;0.39012557055877184
412;0;3;male;;6.8583;0;0;Q;Hart, Mr. Henry;;394140;0.44792988853245685;0;True;true_negative;0.5520701114675431;0.052070111467543145
18;1;2;male;;13.0;0;0;S;Williams, Mr. Charles Eugene;;244373;0.11855598748258096;0;False;false_negative;0.881444012517419;0.38144401251741905
222;0;2;male;27.0;13.0;0;0;S;Bracken, Mr. James H;;220367;0.4494113259338467;0;True;true_negative;0.5505886740661533;0.050588674066153305
170;0;3;male;28.0;56.4958;0;0;S;Ling, Mr. Lee;;1601;0.30593790111785957;0;True;true_negative;0.6940620988821404;0.19406209888214043
234;1;3;female;5.0;31.3875;4;2;S;Asplund, Miss. Lillian Gertrud;;347077;0.3561729494209958;0;False;false_negative;0.6438270505790042;0.1438270505790042
434;0;3;male;17.0;7.125;0;0;S;Kallio, Mr. Nikolai Erland;;STON/O 2. 3101274;0.2659987928350541;0;True;true_negative;0.7340012071649459;0.23400120716494588
847;0;3;male;;69.55;8;2;S;Sage, Mr. Douglas Bullen;;CA. 2343;0.09448252255470103;0;True;true_negative;0.905517477445299;0.405517477445299
711;1;1;female;24.0;49.5042;0;0;C;"Mayne, Mlle. Berthe Antonine (""Mrs de Villiers"")";C90;PC 17482;0.8837796821558676;1;True;true_positive;0.8837796821558676;0.38377968215586755
325;0;3;male;;69.55;8;2;S;Sage, Mr. George John Jr;;CA. 2343;0.24734861473023334;0;True;true_negative;0.7526513852697667;0.25265138526976666
526;0;3;male;40.5;7.75;0;0;Q;Farrell, Mr. James;;367232;0.14453876997177964;0;True;true_negative;0.8554612300282204;0.3554612300282204
78;0;3;male;;8.05;0;0;S;Moutal, Mr. Rahamin Haim;;374746;0.2598803651800763;0;True;true_negative;0.7401196348199237;0.2401196348199237
642;1;1;female;24.0;69.3;0;0;C;Sagesser, Mlle. Emma;B35;PC 17477;0.9397836391353676;1;True;true_positive;0.9397836391353676;0.43978363913536755
348;1;3;female;;16.1;1;0;S;Davison, Mrs. Thomas Henry (Mary E Finck);;386525;0.504856933264595;1;True;true_positive;0.504856933264595;0.00485693326459502
758;0;2;male;18.0;11.5;0;0;S;Bailey, Mr. Percy Andrew;;29108;0.1247757546468514;0;True;true_negative;0.8752242453531486;0.3752242453531486
374;0;1;male;22.0;135.6333;0;0;C;Ringhini, Mr. Sante;;PC 17760;0.24945931561673;0;True;true_negative;0.75054068438327;0.25054068438327004
124;1;2;female;32.5;13.0;0;0;S;Webber, Miss. Susan;E101;27267;0.5364608230690936;1;True;true_positive;0.5364608230690936;0.036460823069093595
473;1;2;female;33.0;27.75;1;2;S;West, Mrs. Edwy Arthur (Ada Mary Worth);;C.A. 34651;0.8426659056032748;1;True;true_positive;0.8426659056032748;0.3426659056032748
204;0;3;male;45.5;7.225;0;0;C;Youseff, Mr. Gerious;;2628;0.14836706802457933;0;True;true_negative;0.8516329319754207;0.35163293197542067
231;1;1;female;35.0;83.475;1;0;S;Harris, Mrs. Henry Birkhardt (Irene Wallach);C83;36973;0.5940561117292852;1;True;true_positive;0.5940561117292852;0.09405611172928519
47;0;3;male;;15.5;1;0;Q;Lennon, Mr. Denis;;370371;0.12392429032096659;0;True;true_negative;0.8760757096790334;0.3760757096790334
692;1;3;female;4.0;13.4167;0;1;C;Karun, Miss. Manca;;349256;0.5459887868513502;1;True;true_positive;0.5459887868513502;0.045988786851350216
647;0;3;male;19.0;7.8958;0;0;S;Cor, Mr. Liudevit;;349231;0.24340169088600772;0;True;true_negative;0.7565983091139923;0.2565983091139923
696;0;2;male;52.0;13.5;0;0;S;Chapman, Mr. Charles Henry;;248731;0.32305475158187874;0;True;true_negative;0.6769452484181213;0.17694524841812126
857;1;1;female;45.0;164.8667;1;1;S;Wick, Mrs. George Dennick (Mary Hitchcock);;36928;0.5940561117292852;1;True;true_positive;0.5940561117292852;0.09405611172928519
720;0;3;male;33.0;7.775;0;0;S;Johnson, Mr. Malkolm Joackim;;347062;0.26675329398245023;0;True;true_negative;0.7332467060175498;0.23324670601754977
429;0;3;male;;7.75;0;0;Q;Flynn, Mr. James;;364851;0.44792988853245685;0;True;true_negative;0.5520701114675431;0.052070111467543145
461;1;1;male;48.0;26.55;0;0;S;Anderson, Mr. Harry;E12;19952;0.3231332884351895;0;False;false_negative;0.6768667115648105;0.17686671156481049
820;0;3;male;10.0;27.9;3;2;S;Skoog, Master. Karl Thorsten;;347088;0.41755196606393175;0;True;true_negative;0.5824480339360683;0.08244803393606825
311;1;1;female;24.0;83.1583;0;0;C;Hays, Miss. Margaret Bechstein;C54;11767;0.5940561117292852;1;True;true_positive;0.5940561117292852;0.09405611172928519
760;1;1;female;33.0;86.5;0;0;S;Rothes, the Countess. of (Lucy Noel Martha Dyer-Edwards);B77;110152;0.6600115792643819;1;True;true_positive;0.6600115792643819;0.16001157926438192
350;0;3;male;42.0;8.6625;0;0;S;Dimic, Mr. Jovan;;315088;0.26675329398245023;0;True;true_negative;0.7332467060175498;0.23324670601754977
445;1;3;male;;8.1125;0;0;S;Johannesen-Bratthammer, Mr. Bernt;;65306;0.44792988853245685;0;False;false_negative;0.5520701114675431;0.052070111467543145
136;0;2;male;23.0;15.0458;0;0;C;Richard, Mr. Emile;;SC/PARIS 2133;0.09902212383985617;0;True;true_negative;0.9009778761601438;0.4009778761601438
848;0;3;male;35.0;7.8958;0;0;C;Markoff, Mr. Marin;;349213;0.23558683074740902;0;True;true_negative;0.764413169252591;0.26441316925259095
66;1;3;male;;15.2458;1;1;C;Moubarek, Master. Gerios;;2661;0.5232822132401389;1;True;true_positive;0.5232822132401389;0.023282213240138905
654;1;3;female;;7.8292;0;0;Q;"O'Leary, Miss. Hanora ""Norah""";;330919;0.504856933264595;1;True;true_positive;0.504856933264595;0.00485693326459502
750;0;3;male;31.0;7.75;0;0;Q;Connaghton, Mr. Michael;;335097;0.10518083524885237;0;True;true_negative;0.8948191647511476;0.39481916475114764
362;0;2;male;29.0;27.7208;1;0;C;del Carlo, Mr. Sebastiano;;SC/PARIS 2167;0.20691666437361755;0;True;true_negative;0.7930833356263824;0.29308333562638245
387;0;3;male;1.0;46.9;5;2;S;Goodwin, Master. Sidney Leonard;;CA 2144;0.310989986789368;0;True;true_negative;0.689010013210632;0.189010013210632
122;0;3;male;;8.05;0;0;S;Moore, Mr. Leonard Charles;;A4. 54510;0.16392840766736289;0;True;true_negative;0.8360715923326372;0.3360715923326371
535;0;3;female;30.0;8.6625;0;0;S;Cacic, Miss. Marija;;315084;0.5341841543567384;1;False;false_positive;0.5341841543567384;0.03418415435673838
827;0;3;male;;56.4958;0;0;S;Lam, Mr. Len;;1601;0.4682329381985427;0;True;true_negative;0.5317670618014573;0.031767061801457275
685;0;2;male;60.0;39.0;1;1;S;Brown, Mr. Thomas William Solomon;;29750;0.27932106974467097;0;True;true_negative;0.720678930255329;0.22067893025532903
347;1;2;female;40.0;13.0;0;0;S;Smith, Miss. Marion Elsie;;31418;0.858016473621614;1;True;true_positive;0.858016473621614;0.35801647362161404
889;0;3;female;;23.45;1;2;S;"Johnston, Miss. Catherine Helen ""Carrie""";;W./C. 6607;0.3589528394710304;0;True;true_negative;0.6410471605289696;0.1410471605289696
319;1;1;female;31.0;164.8667;0;2;S;Wick, Miss. Mary Natalie;C7;36928;0.8941211551261136;1;True;true_positive;0.8941211551261136;0.39412115512611356
252;0;3;female;29.0;10.4625;1;1;S;Strom, Mrs. Wilhelm (Elna Matilda Persson);G6;347054;0.8531935511241293;1;False;false_positive;0.8531935511241293;0.3531935511241293
301;1;3;female;;7.75;0;0;Q;"Kelly, Miss. Anna Katherine ""Annie Kate""";;9234;0.6965723844477814;1;True;true_positive;0.6965723844477814;0.19657238444778136
580;1;3;male;32.0;7.925;0;0;S;Jussila, Mr. Eiriik;;STON/O 2. 3101286;0.1492227101162826;0;False;false_negative;0.8507772898837174;0.35077728988371737
407;0;3;male;51.0;7.75;0;0;S;Widegren, Mr. Carl/Charles Peter;;347064;0.1529822304119174;0;True;true_negative;0.8470177695880826;0.3470177695880826
338;1;1;female;41.0;134.5;0;0;C;Burns, Miss. Elizabeth Margaret;E40;16966;0.9743791832044768;1;True;true_positive;0.9743791832044768;0.4743791832044768
717;1;1;female;38.0;227.525;0;0;C;Endres, Miss. Caroline Louise;C45;PC 17757;0.977775967289092;1;True;true_positive;0.977775967289092;0.477775967289092
298;0;1;female;2.0;151.55;1;2;S;Allison, Miss. Helen Loraine;C22 C26;113781;0.9565379056472912;1;False;false_positive;0.9565379056472912;0.45653790564729124
573;1;1;male;36.0;26.3875;0;0;S;"Flynn, Mr. John Irwin (""Irving"")";E25;PC 17474;0.4128413516825278;0;False;false_negative;0.5871586483174722;0.08715864831747222
51;0;3;male;7.0;39.6875;4;1;S;Panula, Master. Juha Niilo;;3101295;0.310989986789368;0;True;true_negative;0.689010013210632;0.189010013210632
676;0;3;male;18.0;7.775;0;0;S;Edvardsson, Mr. Gustaf Hjalmar;;349912;0.4625622417617206;0;True;true_negative;0.5374377582382794;0.037437758238279384
571;1;2;male;62.0;10.5;0;0;S;Harris, Mr. George;;S.W./PP 752;0.4494113259338467;0;False;false_negative;0.5505886740661533;0.050588674066153305
756;1;2;male;0.67;14.5;1;1;S;Hamalainen, Master. Viljo;;250649;0.7119953147064697;1;True;true_positive;0.7119953147064697;0.2119953147064697
120;0;3;female;2.0;31.275;4;2;S;Andersson, Miss. Ellis Anna Maria;;347082;0.23660034876018662;0;True;true_negative;0.7633996512398133;0.26339965123981335
466;0;3;male;38.0;7.05;0;0;S;Goncalves, Mr. Manuel Estanslas;;SOTON/O.Q. 3101306;0.1553052317753313;0;True;true_negative;0.8446947682246687;0.3446947682246687
570;1;3;male;32.0;7.8542;0;0;S;Jonsson, Mr. Carl;;350417;0.26675329398245023;0;False;false_negative;0.7332467060175498;0.23324670601754977
418;1;2;female;18.0;13.0;0;2;S;Silven, Miss. Lyyli Karoliina;;250652;0.9071218682868377;1;True;true_positive;0.9071218682868377;0.4071218682868377
17;0;3;male;2.0;29.125;4;1;Q;Rice, Master. Eugene;;382652;0.2750298577587194;0;True;true_negative;0.7249701422412806;0.2249701422412806
264;0;1;male;40.0;0.0;0;0;S;Harrison, Mr. William;B94;112059;0.46243001797865035;0;True;true_negative;0.5375699820213496;0.037569982021349646
64;0;3;male;4.0;27.9;3;2;S;Skoog, Master. Harald;;347088;0.32958319053228724;0;True;true_negative;0.6704168094677128;0.17041680946771276
448;1;1;male;34.0;26.55;0;0;S;Seward, Mr. Frederic Kimber;;113794;0.22773513138082443;0;False;false_negative;0.7722648686191755;0.27226486861917554
689;0;3;male;18.0;7.7958;0;0;S;Fischer, Mr. Eberhard Thelander;;350036;0.4625622417617206;0;True;true_negative;0.5374377582382794;0.037437758238279384
877;0;3;male;20.0;9.8458;0;0;S;Gustafsson, Mr. Alfred Ossian;;7534;0.1651362226287128;0;True;true_negative;0.8348637773712873;0.3348637773712872
475;0;3;female;22.0;9.8375;0;0;S;Strandberg, Miss. Ida Sofia;;7553;0.5678788474040966;1;False;false_positive;0.5678788474040966;0.06787884740409655
840;1;1;male;;29.7;0;0;C;Marechal, Mr. Pierre;C47;11774;0.432298913465389;0;False;false_negative;0.567701086534611;0.06770108653461099
398;0;2;male;46.0;26.0;0;0;S;McKane, Mr. Peter David;;28403;0.4687968099490141;0;True;true_negative;0.5312031900509859;0.031203190050985874
114;0;3;female;20.0;9.825;1;0;S;Jussila, Miss. Katriina;;4136;0.5469204077384768;1;False;false_positive;0.5469204077384768;0.04692040773847683
83;1;3;female;;7.7875;0;0;Q;McDermott, Miss. Brigdet Delia;;330932;0.6459415128275044;1;True;true_positive;0.6459415128275044;0.14594151282750445
882;0;3;male;33.0;7.8958;0;0;S;Markun, Mr. Johann;;349257;0.16392840766736289;0;True;true_negative;0.8360715923326372;0.3360715923326371
98;1;1;male;23.0;63.3583;0;1;C;Greenfield, Mr. William Bertram;D10 D12;PC 17759;0.2993139850089786;0;False;false_negative;0.7006860149910215;0.2006860149910214
469;0;3;male;;7.725;0;0;Q;Scanlan, Mr. James;;36209;0.44792988853245685;0;True;true_negative;0.5520701114675431;0.052070111467543145
612;0;3;male;;7.05;0;0;S;Jardin, Mr. Jose Neto;;SOTON/O.Q. 3101305;0.2662850448142596;0;True;true_negative;0.7337149551857405;0.23371495518574043
549;0;3;male;33.0;20.525;1;1;S;Goldsmith, Mr. Frank John;;363291;0.2724490126488558;0;True;true_negative;0.7275509873511442;0.2275509873511442
773;0;2;female;57.0;10.5;0;0;S;Mack, Mrs. (Mary);E77;S.O./P.P. 3;0.9464986906640742;1;False;false_positive;0.9464986906640742;0.4464986906640742
678;1;3;female;18.0;9.8417;0;0;S;Turja, Miss. Anna Sofia;;4138;0.5030709609267779;1;True;true_positive;0.5030709609267779;0.0030709609267779436
182;0;2;male;;15.05;0;0;C;Pernot, Mr. Rene;;SC/PARIS 2131;0.3118369527449395;0;True;true_negative;0.6881630472550605;0.1881630472550605
36;0;1;male;42.0;52.0;1;0;S;Holverson, Mr. Alexander Oskar;;113789;0.2253405348409771;0;True;true_negative;0.7746594651590228;0.2746594651590229
295;0;3;male;24.0;7.8958;0;0;S;Mineff, Mr. Ivan;;349233;0.14541062280626976;0;True;true_negative;0.8545893771937303;0.35458937719373024
871;0;3;male;26.0;7.8958;0;0;S;Balkic, Mr. Cerin;;349248;0.1492227101162826;0;True;true_negative;0.8507772898837174;0.35077728988371737
714;0;3;male;29.0;9.4833;0;0;S;Larsson, Mr. August Viktor;;7545;0.14871233925909869;0;True;true_negative;0.8512876607409013;0.35128766074090134
148;0;3;female;9.0;34.375;2;2;S;"Ford, Miss. Robina Maggie ""Ruby""";;W./C. 6608;0.19686741505870087;0;True;true_negative;0.8031325849412991;0.30313258494129913
128;1;3;male;24.0;7.1417;0;0;S;Madsen, Mr. Fridtjof Arne;;C 17369;0.14971364618681127;0;False;false_negative;0.8502863538131887;0.35028635381318873
502;0;3;female;21.0;7.75;0;0;Q;Canavan, Miss. Mary;;364846;0.6459415128275044;1;False;false_positive;0.6459415128275044;0.14594151282750445
191;1;2;female;32.0;13.0;0;0;S;Pinsky, Mrs. (Rosa);;234604;0.8766612045747226;1;True;true_positive;0.8766612045747226;0.37666120457472263
659;0;2;male;23.0;13.0;0;0;S;Eitemiller, Mr. George Floyd;;29751;0.4494113259338467;0;True;true_negative;0.5505886740661533;0.050588674066153305
283;0;3;male;16.0;9.5;0;0;S;de Pelsmaeker, Mr. Alfons;;345778;0.18060127085253128;0;True;true_negative;0.8193987291474687;0.3193987291474687
608;1;1;male;27.0;30.5;0;0;S;Daniel, Mr. Robert Williams;;113804;0.481885574725097;0;False;false_negative;0.518114425274903;0.01811442527490298
375;0;3;female;3.0;21.075;3;1;S;Palsson, Miss. Stina Viola;;349909;0.3734044445377601;0;True;true_negative;0.6265955554622399;0.12659555546223988
384;1;1;female;35.0;52.0;1;0;S;Holverson, Mrs. Alexander Oskar (Mary Aline Towner);;113789;0.8829883252287494;1;True;true_positive;0.8829883252287494;0.38298832522874937
183;0;3;male;9.0;31.3875;4;2;S;Asplund, Master. Clarence Gustaf Hugo;;347077;0.28171699208185386;0;True;true_negative;0.7182830079181461;0.21828300791814614
75;1;3;male;32.0;56.4958;0;0;S;Bing, Mr. Lee;;1601;0.1499451562552696;0;False;false_negative;0.8500548437447304;0.3500548437447304
169;0;1;male;;25.925;0;0;S;Baumann, Mr. John D;;PC 17318;0.24955565148004458;0;True;true_negative;0.7504443485199555;0.25044434851995545
390;1;2;female;17.0;12.0;0;0;C;Lehmann, Miss. Bertha;;SC 1748;0.8897801204406276;1;True;true_positive;0.8897801204406276;0.3897801204406276
67;1;2;female;29.0;10.5;0;0;S;Nye, Mrs. (Elizabeth Ramell);F33;C.A. 29395;0.787077225293026;1;True;true_positive;0.787077225293026;0.28707722529302604
766;1;1;female;51.0;77.9583;1;0;S;Hogeboom, Mrs. John C (Anna Andrews);D11;13502;0.885923766071153;1;True;true_positive;0.885923766071153;0.385923766071153
213;0;3;male;22.0;7.25;0;0;S;Perkin, Mr. John Henry;;A/5 21174;0.2586545722316571;0;True;true_negative;0.7413454277683429;0.2413454277683429
49;0;3;male;;21.6792;2;0;C;Samaan, Mr. Youssef;;2662;0.17667394796095218;0;True;true_negative;0.8233260520390479;0.32332605203904785
296;0;1;male;;27.7208;0;0;C;Lewy, Mr. Ervin G;;PC 17612;0.25129833038373084;0;True;true_negative;0.7487016696162692;0.24870166961626916
147;1;3;male;27.0;7.7958;0;0;S;"Andersson, Mr. August Edvard (""Wennerstrom"")";;350043;0.16070165195084216;0;False;false_negative;0.8392983480491578;0.3392983480491578
360;1;3;female;;7.8792;0;0;Q;"Mockler, Miss. Helen Mary ""Ellie""";;330980;0.5125199707683136;1;True;true_positive;0.5125199707683136;0.01251997076831357
322;0;3;male;27.0;7.8958;0;0;S;Danoff, Mr. Yoto;;349219;0.1492227101162826;0;True;true_negative;0.8507772898837174;0.35077728988371737
794;0;1;male;;30.6958;0;0;C;Hoyt, Mr. William Fisher;;PC 17600;0.30448415590289585;0;True;true_negative;0.6955158440971041;0.19551584409710415
25;0;3;female;8.0;21.075;3;1;S;Palsson, Miss. Torborg Danira;;349909;0.30910483617212053;0;True;true_negative;0.6908951638278795;0.19089516382787947
736;0;3;male;28.5;16.1;0;0;S;Williams, Mr. Leslie;;54636;0.1392926172773162;0;True;true_negative;0.8607073827226838;0.36070738272268377
111;0;1;male;47.0;52.0;0;0;S;Porter, Mr. Walter Chamberlain;C110;110465;0.3790754193717454;0;True;true_negative;0.6209245806282546;0.12092458062825462
340;0;1;male;45.0;35.5;0;0;S;Blackwell, Mr. Stephen Weart;T;113784;0.37458308846472993;0;True;true_negative;0.6254169115352701;0.12541691153527007
539;0;3;male;;14.5;0;0;S;Risien, Mr. Samuel Beard;;364498;0.44792988853245685;0;True;true_negative;0.5520701114675431;0.052070111467543145
394;1;1;female;23.0;113.275;1;0;C;Newell, Miss. Marjorie;D36;35273;0.9768026251745069;1;True;true_positive;0.9768026251745069;0.4768026251745069
443;0;3;male;25.0;7.775;1;0;S;Petterson, Mr. Johan Emil;;347076;0.14652753564083;0;True;true_negative;0.85347246435917;0.35347246435917
416;0;3;female;;8.05;0;0;S;Meek, Mrs. Thomas (Annie Louise Rowley);;343095;0.4982633663931704;0;True;true_negative;0.5017366336068296;0.001736633606829574
364;0;3;male;35.0;7.05;0;0;S;Asim, Mr. Adola;;SOTON/O.Q. 3101310;0.16507074620100357;0;True;true_negative;0.8349292537989964;0.3349292537989964
392;1;3;male;21.0;7.7958;0;0;S;Jansson, Mr. Carl Olof;;350034;0.25237029380958553;0;False;false_negative;0.7476297061904145;0.24762970619041447
643;0;3;female;2.0;27.9;3;2;S;Skoog, Miss. Margit Elizabeth;;347088;0.23660034876018662;0;True;true_negative;0.7633996512398133;0.26339965123981335
699;0;1;male;49.0;110.8833;1;1;C;Thayer, Mr. John Borland;C68;17421;0.25264595761464287;0;True;true_negative;0.7473540423853571;0.24735404238535713
787;1;3;female;18.0;7.4958;0;0;S;Sjoblom, Miss. Anna Sofia;;3101265;0.5030709609267779;1;True;true_positive;0.5030709609267779;0.0030709609267779436
70;0;3;male;26.0;8.6625;2;0;S;Kink, Mr. Vincenz;;315151;0.1589194298938203;0;True;true_negative;0.8410805701061796;0.3410805701061797
467;0;2;male;;0.0;0;0;S;Campbell, Mr. William;;239853;0.4494113259338467;0;True;true_negative;0.5505886740661533;0.050588674066153305
176;0;3;male;18.0;7.8542;1;1;S;Klasen, Mr. Klas Albin;;350404;0.4625622417617206;0;True;true_negative;0.5374377582382794;0.037437758238279384
281;0;3;male;65.0;7.75;0;0;Q;Duane, Mr. Frank;;336439;0.44792988853245685;0;True;true_negative;0.5520701114675431;0.052070111467543145
835;0;3;male;18.0;8.3;0;0;S;Allum, Mr. Owen George;;2223;0.4625622417617206;0;True;true_negative;0.5374377582382794;0.037437758238279384
669;0;3;male;43.0;8.05;0;0;S;Cook, Mr. Jacob;;A/5 3536;0.44792988853245685;0;True;true_negative;0.5520701114675431;0.052070111467543145
449;1;3;female;5.0;19.2583;2;1;C;Baclini, Miss. Marie Catherine;;2666;0.5060784049527243;1;True;true_positive;0.5060784049527243;0.00607840495272427
229;0;2;male;18.0;13.0;0;0;S;Fahlstrom, Mr. Arne Jonas;;236171;0.20105544932297262;0;True;true_negative;0.7989445506770274;0.2989445506770274
421;0;3;male;;7.8958;0;0;C;Gheorgheff, Mr. Stanio;;349254;0.17491716311277367;0;True;true_negative;0.8250828368872263;0.32508283688722633
221;1;3;male;16.0;8.05;0;0;S;Sunderland, Mr. Victor Francis;;SOTON/OQ 392089;0.18060127085253128;0;False;false_negative;0.8193987291474687;0.3193987291474687
71;0;2;male;32.0;10.5;0;0;S;Jenkin, Mr. Stephen Curnow;;C.A. 33111;0.32305475158187874;0;True;true_negative;0.6769452484181213;0.17694524841812126
834;0;3;male;23.0;7.8542;0;0;S;Augustsson, Mr. Albert;;347468;0.44792988853245685;0;True;true_negative;0.5520701114675431;0.052070111467543145
886;0;3;female;39.0;29.125;0;5;Q;Rice, Mrs. William (Margaret Norton);;382652;0.47937106131666224;0;True;true_negative;0.5206289386833378;0.02062893868333776
16;1;2;female;55.0;16.0;0;0;S;Hewlett, Mrs. (Mary D Kingcome) ;;248706;0.7760212581005451;1;True;true_positive;0.7760212581005451;0.2760212581005451
587;0;2;male;47.0;15.0;0;0;S;Jarvis, Mr. John Denzil;;237565;0.20886881903547053;0;True;true_negative;0.7911311809645295;0.2911311809645295
582;1;1;female;39.0;110.8833;1;1;C;Thayer, Mrs. John Borland (Marian Longstreth Morris);C68;17421;0.9371298563322439;1;True;true_positive;0.9371298563322439;0.4371298563322439
628;1;1;female;21.0;77.9583;0;0;S;Longley, Miss. Gretchen Fiske;D9;13502;0.9376344804254535;1;True;true_positive;0.9376344804254535;0.4376344804254535
330;1;1;female;16.0;57.9792;0;1;C;Hippach, Miss. Jean Gertrude;B18;111361;0.9755443899418219;1;True;true_positive;0.9755443899418219;0.4755443899418219
726;0;3;male;20.0;8.6625;0;0;S;Oreskovic, Mr. Luka;;315094;0.15491035411366735;0;True;true_negative;0.8450896458863326;0.3450896458863326
409;0;3;male;21.0;7.775;0;0;S;Birkeland, Mr. Hans Martin Monsen;;312992;0.44792988853245685;0;True;true_negative;0.5520701114675431;0.052070111467543145
664;0;3;male;36.0;7.4958;0;0;S;Coleff, Mr. Peju;;349210;0.15361826359895728;0;True;true_negative;0.8463817364010428;0.34638173640104275
507;1;2;female;33.0;26.0;0;2;S;Quick, Mrs. Frederick Charles (Jane Richards);;26360;0.8167691209626161;1;True;true_positive;0.8167691209626161;0.3167691209626161
737;0;3;female;48.0;34.375;1;3;S;Ford, Mrs. Edward (Margaret Ann Watson);;W./C. 6608;0.44367515202432695;0;True;true_negative;0.556324847975673;0.056324847975673054
578;1;1;female;39.0;55.9;1;0;S;Silvey, Mrs. William Baird (Alice Munger);E44;13507;0.9773128007717672;1;True;true_positive;0.9773128007717672;0.4773128007717672
607;0;3;male;30.0;7.8958;0;0;S;Karaic, Mr. Milan;;349246;0.260866610030436;0;True;true_negative;0.739133389969564;0.23913338996956401
287;1;3;male;30.0;9.5;0;0;S;de Mulder, Mr. Theodore;;345774;0.44792988853245685;0;False;false_negative;0.5520701114675431;0.052070111467543145
839;1;3;male;32.0;56.4958;0;0;S;Chip, Mr. Chang;;1601;0.1499451562552696;0;False;false_negative;0.8500548437447304;0.3500548437447304
435;0;1;male;50.0;55.9;1;0;S;Silvey, Mr. William Baird;E44;13507;0.40058141844703476;0;True;true_negative;0.5994185815529652;0.09941858155296524
592;1;1;female;52.0;78.2667;1;0;C;Stephenson, Mrs. Walter Bertram (Martha Eustis);D20;36947;0.902854075971558;1;True;true_positive;0.902854075971558;0.402854075971558
145;0;2;male;18.0;11.5;0;0;S;Andrew, Mr. Edgardo Samuel;;231945;0.20105544932297262;0;True;true_negative;0.7989445506770274;0.2989445506770274
243;0;2;male;29.0;10.5;0;0;S;Coleridge, Mr. Reginald Charles;;W./C. 14263;0.11947009783984668;0;True;true_negative;0.8805299021601534;0.3805299021601533
601;1;2;female;24.0;27.0;2;1;S;Jacobsohn, Mrs. Sidney Samuel (Amy Frances Christy);;243847;0.5835704876477827;1;True;true_positive;0.5835704876477827;0.08357048764778274
819;0;3;male;43.0;6.45;0;0;S;Holm, Mr. John Fredrik Alexander;;C 7075;0.15657257528375773;0;True;true_negative;0.8434274247162423;0.34342742471624227
722;0;3;male;17.0;7.0542;1;0;S;Jensen, Mr. Svend Lauritz;;350048;0.4625622417617206;0;True;true_negative;0.5374377582382794;0.037437758238279384
19;0;3;female;31.0;18.0;1;0;S;Vander Planke, Mrs. Julius (Emelia Maria Vandemoortele);;345763;0.504856933264595;1;False;false_positive;0.504856933264595;0.00485693326459502
631;1;1;male;80.0;30.0;0;0;S;Barkworth, Mr. Algernon Henry Wilson;A23;27042;0.3441762803198089;0;False;false_negative;0.655823719680191;0.1558237196801911
256;1;3;female;29.0;15.2458;0;2;C;Touma, Mrs. Darwis (Hanne Youssef Razi);;2650;0.5211240005023831;1;True;true_positive;0.5211240005023831;0.021124000502383056
809;0;2;male;39.0;13.0;0;0;S;Meyer, Mr. August;;248723;0.32305475158187874;0;True;true_negative;0.6769452484181213;0.17694524841812126
39;0;3;female;18.0;18.0;2;0;S;Vander Planke, Miss. Augusta Maria;;345764;0.4583585044364406;0;True;true_negative;0.5416414955635593;0.041641495563559394
686;0;2;male;25.0;41.5792;1;2;C;Laroche, Mr. Joseph Philippe Lemercier;;SC/Paris 2123;0.3432538181323278;0;True;true_negative;0.6567461818676722;0.1567461818676722
299;1;1;male;;30.5;0;0;S;Saalfeld, Mr. Adolphe;C106;19988;0.481885574725097;0;False;false_negative;0.518114425274903;0.01811442527490298
369;1;3;female;;7.75;0;0;Q;Jermyn, Miss. Annie;;14313;0.5125199707683136;1;True;true_positive;0.5125199707683136;0.01251997076831357
112;0;3;female;14.5;14.4542;1;0;C;Zabour, Miss. Hileni;;2665;0.5453898583787538;1;False;false_positive;0.5453898583787538;0.045389858378753756
501;0;3;male;17.0;8.6625;0;0;S;Calic, Mr. Petar;;315086;0.2595985621427628;0;True;true_negative;0.7404014378572372;0.24040143785723722
863;1;1;female;48.0;25.9292;0;0;S;Swift, Mrs. Frederick Joel (Margaret Welles Barron);D17;17466;0.5940561117292852;1;True;true_positive;0.5940561117292852;0.09405611172928519
388;1;2;female;36.0;13.0;0;0;S;Buss, Miss. Kate;;27849;0.5364608230690936;1;True;true_positive;0.5364608230690936;0.036460823069093595
593;0;3;male;47.0;7.25;0;0;S;Elsbury, Mr. William James;;A/5 3902;0.44792988853245685;0;True;true_negative;0.5520701114675431;0.052070111467543145
45;1;3;female;19.0;7.8792;0;0;Q;Devaney, Miss. Margaret Delia;;330958;0.6433214697502591;1;True;true_positive;0.6433214697502591;0.14332146975025906
594;0;3;female;;7.75;0;2;Q;Bourke, Miss. Mary;;364848;0.6847547556851309;1;False;false_positive;0.6847547556851309;0.1847547556851309
386;0;2;male;18.0;73.5;0;0;S;Davies, Mr. Charles Henry;;S.O.C. 14879;0.27904966190081953;0;True;true_negative;0.7209503380991804;0.22095033809918047
867;1;2;female;27.0;13.8583;1;0;C;Duran y More, Miss. Asuncion;;SC/PARIS 2149;0.9068952354966473;1;True;true_positive;0.9068952354966473;0.4068952354966473
572;1;1;female;53.0;51.4792;2;0;S;Appleton, Mrs. Edward Dale (Charlotte Lamson);C101;11769;0.8138572139007492;1;True;true_positive;0.8138572139007492;0.31385721390074917
764;1;1;female;36.0;120.0;1;2;S;Carter, Mrs. William Ernest (Lucile Polk);B96 B98;113760;0.9331166859768314;1;True;true_positive;0.9331166859768314;0.4331166859768314
187;1;3;female;;15.5;1;0;Q;"O'Brien, Mrs. Thomas (Johanna ""Hannah"" Godfrey)";;370365;0.5303438417751003;1;True;true_positive;0.5303438417751003;0.0303438417751003
162;1;2;female;40.0;15.75;0;0;S;"Watt, Mrs. James (Elizabeth ""Bessie"" Inglis Milne)";;C.A. 33595;0.7830704548768032;1;True;true_positive;0.7830704548768032;0.28307045487680316
411;0;3;male;;7.8958;0;0;S;Sdycoff, Mr. Todor;;349222;0.16461320360160694;0;True;true_negative;0.8353867963983931;0.3353867963983931
408;1;2;male;3.0;18.75;1;1;S;Richards, Master. William Rowe;;29106;0.5991616749635007;1;True;true_positive;0.5991616749635007;0.0991616749635007
131;0;3;male;33.0;7.8958;0;0;C;Drazenoic, Mr. Jozef;;349241;0.23558683074740902;0;True;true_negative;0.764413169252591;0.26441316925259095
193;1;3;female;19.0;7.8542;1;0;S;Andersen-Jensen, Miss. Carla Christine Nielsine;;350046;0.5030709609267779;1;True;true_positive;0.5030709609267779;0.0030709609267779436
450;1;1;male;52.0;30.5;0;0;S;Peuchen, Major. Arthur Godfrey;C104;113786;0.8163604904329885;1;True;true_positive;0.8163604904329885;0.31636049043298853
853;0;3;female;9.0;15.2458;1;1;C;Boulos, Miss. Nourelain;;2678;0.5173950079441656;1;False;false_positive;0.5173950079441656;0.017395007944165597
704;0;3;male;25.0;7.7417;0;0;Q;Gallagher, Mr. Martin;;36864;0.13968935790478598;0;True;true_negative;0.860310642095214;0.360310642095214
487;1;1;female;35.0;90.0;1;0;S;Hoyt, Mrs. Frederick Maxfield (Jane Anne Forby);C93;19943;0.5940561117292852;1;True;true_positive;0.5940561117292852;0.09405611172928519
309;0;2;male;30.0;24.0;1;0;C;Abelson, Mr. Samuel;;P/PP 3381;0.3004611357402462;0;True;true_negative;0.6995388642597538;0.1995388642597538
121;0;2;male;21.0;73.5;2;0;S;Hickman, Mr. Stanley George;;S.O.C. 14879;0.4687968099490141;0;True;true_negative;0.5312031900509859;0.031203190050985874
600;1;1;male;49.0;56.9292;1;0;C;"Duff Gordon, Sir. Cosmo Edmund (""Mr Morgan"")";A20;PC 17485;0.481885574725097;0;False;false_negative;0.518114425274903;0.01811442527490298
324;1;2;female;22.0;29.0;1;1;S;Caldwell, Mrs. Albert Francis (Sylvia Mae Harbaugh);;248738;0.8318076310345432;1;True;true_positive;0.8318076310345432;0.33180763103454325
457;0;1;male;65.0;26.55;0;0;S;Millet, Mr. Francis Davis;E38;13509;0.3441762803198089;0;True;true_negative;0.655823719680191;0.1558237196801911
557;1;1;female;48.0;39.6;1;0;C;"Duff Gordon, Lady. (Lucille Christiana Sutherland) (""Mrs Morgan"")";A16;11755;0.8285853112370746;1;True;true_positive;0.8285853112370746;0.3285853112370746
186;0;1;male;;50.0;0;0;S;Rood, Mr. Hugh Roscoe;A32;113767;0.25434315090613113;0;True;true_negative;0.7456568490938689;0.24565684909386887
297;0;3;male;23.5;7.2292;0;0;C;Hanna, Mr. Mansour;;2693;0.14183812368000576;0;True;true_negative;0.8581618763199943;0.35816187631999424
796;0;2;male;39.0;13.0;0;0;S;Otter, Mr. Richard;;28213;0.32305475158187874;0;True;true_negative;0.6769452484181213;0.17694524841812126
144;0;3;male;19.0;6.75;0;0;Q;Burke, Mr. Jeremiah;;365222;0.2495371821476962;0;True;true_negative;0.7504628178523038;0.2504628178523038
241;0;3;female;;14.4542;1;0;C;Zabour, Miss. Thamine;;2665;0.5726051466776064;1;False;false_positive;0.5726051466776064;0.07260514667760642
836;1;1;female;39.0;83.1583;1;1;C;Compton, Miss. Sara Rebecca;E49;PC 17756;0.9099945171187285;1;True;true_positive;0.9099945171187285;0.4099945171187285
802;1;2;female;31.0;26.25;1;1;S;Collyer, Mrs. Harvey (Charlotte Annie Tate);;C.A. 31921;0.7985995687625502;1;True;true_positive;0.7985995687625502;0.2985995687625502
609;1;2;female;22.0;41.5792;1;2;C;Laroche, Mrs. Joseph (Juliette Marie Louise Lafargue);;SC/Paris 2123;0.8504422394938592;1;True;true_positive;0.8504422394938592;0.3504422394938592
488;0;1;male;58.0;29.7;0;0;C;Kent, Mr. Edward Austin;B37;11771;0.44031369316550933;0;True;true_negative;0.5596863068344906;0.059686306834490666
784;0;3;male;;23.45;1;2;S;Johnston, Mr. Andrew G;;W./C. 6607;0.25060173792254326;0;True;true_negative;0.7493982620774567;0.24939826207745674
239;0;2;male;19.0;10.5;0;0;S;Pengelly, Mr. Frederick William;;28665;0.2895465051986757;0;True;true_negative;0.7104534948013244;0.2104534948013243
638;0;2;male;31.0;26.25;1;1;S;Collyer, Mr. Harvey;;C.A. 31921;0.22681446348387316;0;True;true_negative;0.7731855365161269;0.27318553651612687
550;1;2;male;8.0;36.75;1;1;S;Davies, Master. John Morgan Jr;;C.A. 33112;0.6474342714532195;1;True;true_positive;0.6474342714532195;0.14743427145321952
190;0;3;male;36.0;7.8958;0;0;S;Turcin, Mr. Stjepan;;349247;0.26675329398245023;0;True;true_negative;0.7332467060175498;0.23324670601754977
660;0;1;male;58.0;113.275;0;2;C;Newell, Mr. Arthur Webster;D48;35273;0.44455616781784857;0;True;true_negative;0.5554438321821514;0.05544383218215143
399;0;2;male;23.0;10.5;0;0;S;Pain, Dr. Alfred;;244278;0.4494113259338467;0;True;true_negative;0.5505886740661533;0.050588674066153305
730;0;3;female;25.0;7.925;1;0;S;Ilmakangas, Miss. Pieta Sofia;;STON/O2. 3101271;0.504856933264595;1;False;false_positive;0.504856933264595;0.00485693326459502
606;0;3;male;36.0;15.55;1;0;S;Lindell, Mr. Edvard Bengtsson;;349910;0.27247856516129004;0;True;true_negative;0.72752143483871;0.22752143483870996
198;0;3;male;42.0;8.4042;0;1;S;Olsen, Mr. Karl Siegwart Andreas;;4579;0.15142963305670587;0;True;true_negative;0.8485703669432941;0.34857036694329413
430;1;3;male;32.0;8.05;0;0;S;Pickard, Mr. Berk (Berk Trembisky);E10;SOTON/O.Q. 392078;0.228381814326232;0;False;false_negative;0.771618185673768;0.271618185673768
230;0;3;female;;25.4667;3;1;S;Lefebre, Miss. Mathilde;;4133;0.4462493562135082;0;True;true_negative;0.5537506437864919;0.0537506437864918
812;0;3;male;39.0;24.15;0;0;S;Lester, Mr. James;;A/4 48871;0.1526929973422682;0;True;true_negative;0.8473070026577318;0.3473070026577318
887;0;2;male;27.0;13.0;0;0;S;Montvila, Rev. Juozas;;211536;0.24649767671248657;0;True;true_negative;0.7535023232875134;0.25350232328751343
858;1;1;male;51.0;26.55;0;0;S;Daly, Mr. Peter Denis ;E17;113055;0.3878077910189882;0;False;false_negative;0.6121922089810118;0.11219220898101179
300;1;1;female;50.0;247.5208;0;1;C;Baxter, Mrs. James (Helene DeLaudeniere Chaput);B58 B60;PC 17558;0.9354009347131044;1;True;true_positive;0.9354009347131044;0.43540093471310437
188;1;1;male;45.0;26.55;0;0;S;"Romaine, Mr. Charles Hallace (""Mr C Rolmane"")";;111428;0.2258521833500922;0;False;false_negative;0.7741478166499078;0.27414781664990784
155;0;3;male;;7.3125;0;0;S;Olsen, Mr. Ole Martin;;Fa 265302;0.16461320360160694;0;True;true_negative;0.8353867963983931;0.3353867963983931
344;0;2;male;25.0;13.0;0;0;S;Sedgwick, Mr. Charles Frederick Waddington;;244361;0.304255246516623;0;True;true_negative;0.6957447534833769;0.195744753483377
818;0;2;male;31.0;37.0042;1;1;C;Mallet, Mr. Albert;;S.C./PARIS 2079;0.1777169201453844;0;True;true_negative;0.8222830798546156;0.3222830798546156
94;0;3;male;26.0;20.575;1;2;S;Dean, Mr. Bertram Frank;;C.A. 2315;0.1506047220642937;0;True;true_negative;0.8493952779357063;0.3493952779357063
635;0;3;female;9.0;27.9;3;2;S;Skoog, Miss. Mabel;;347088;0.32776230868213074;0;True;true_negative;0.6722376913178693;0.17223769131786926
561;0;3;male;;7.75;0;0;Q;Morrow, Mr. Thomas Rowan;;372622;0.44792988853245685;0;True;true_negative;0.5520701114675431;0.052070111467543145
586;1;1;female;18.0;79.65;0;2;S;Taussig, Miss. Ruth;E68;110413;0.5844359227818077;1;True;true_positive;0.5844359227818077;0.08443592278180767
146;0;2;male;19.0;36.75;1;1;S;Nicholls, Mr. Joseph Charles;;C.A. 33112;0.23030966868320746;0;True;true_negative;0.7696903313167925;0.26969033131679254
130;0;3;male;45.0;6.975;0;0;S;Ekstrom, Mr. Johan;;347061;0.16830828923541274;0;True;true_negative;0.8316917107645873;0.33169171076458726
69;1;3;female;17.0;7.925;4;2;S;Andersson, Miss. Erna Alexandra;;3101281;0.26631533208128966;0;False;false_negative;0.7336846679187103;0.23368466791871034
353;0;3;male;15.0;7.2292;1;1;C;Elias, Mr. Tannous;;2695;0.25653145271453937;0;True;true_negative;0.7434685472854606;0.24346854728546063
323;1;2;female;30.0;12.35;0;0;Q;Slayter, Miss. Hilda Mary;;234818;0.5364608230690936;1;True;true_positive;0.5364608230690936;0.036460823069093595
841;0;3;male;20.0;7.925;0;0;S;Alhomaki, Mr. Ilmari Rudolf;;SOTON/O2 3101287;0.25237029380958553;0;True;true_negative;0.7476297061904145;0.24762970619041447
199;1;3;female;;7.75;0;0;Q;"Madigan, Miss. Margaret ""Maggie""";;370370;0.6479434499301655;1;True;true_positive;0.6479434499301655;0.1479434499301655
741;1;1;male;;30.0;0;0;S;Hawksford, Mr. Walter James;D45;16988;0.29264984206162037;0;False;false_negative;0.7073501579383796;0.20735015793837963
644;1;3;male;;56.4958;0;0;S;Foo, Mr. Choong;;1601;0.1499451562552696;0;False;false_negative;0.8500548437447304;0.3500548437447304
385;0;3;male;;7.8958;0;0;S;Plotcharsky, Mr. Vasil;;349227;0.44792988853245685;0;True;true_negative;0.5520701114675431;0.052070111467543145
171;0;1;male;61.0;33.5;0;0;S;Van der hoef, Mr. Wyckoff;B19;111240;0.3701727255771552;0;True;true_negative;0.6298272744228448;0.1298272744228448
453;0;1;male;30.0;27.75;0;0;C;Foreman, Mr. Benjamin Laventall;C111;113051;0.481885574725097;0;True;true_negative;0.518114425274903;0.01811442527490298
366;0;3;male;30.0;7.25;0;0;S;Adahl, Mr. Mauritz Nils Martin;;C 7076;0.16392840766736289;0;True;true_negative;0.8360715923326372;0.3360715923326371
480;1;3;female;2.0;12.2875;0;1;S;Hirvonen, Miss. Hildur E;;3101298;0.5138142845964011;1;True;true_positive;0.5138142845964011;0.013814284596401105
701;1;1;female;18.0;227.525;1;0;C;Astor, Mrs. John Jacob (Madeleine Talmadge Force);C62 C64;PC 17757;0.9759457301351998;1;True;true_positive;0.9759457301351998;0.4759457301351998
20;1;3;female;;7.225;0;0;C;Masselmani, Mrs. Fatima;;2649;0.504856933264595;1;True;true_positive;0.504856933264595;0.00485693326459502
880;1;1;female;56.0;83.1583;0;1;C;Potter, Mrs. Thomas Jr (Lily Alexenia Wilson);C50;11767;0.9722855127243121;1;True;true_positive;0.9722855127243121;0.4722855127243121
224;0;3;male;;7.8958;0;0;S;Nenkoff, Mr. Christo;;349234;0.16392840766736289;0;True;true_negative;0.8360715923326372;0.3360715923326371
843;1;1;female;30.0;31.0;0;0;C;Serepeca, Miss. Augusta;;113798;0.9139197619493878;1;True;true_positive;0.9139197619493878;0.41391976194938784
775;1;2;female;54.0;23.0;1;3;S;Hocking, Mrs. Elizabeth (Eliza Needs);;29105;0.7715574654355757;1;True;true_positive;0.7715574654355757;0.2715574654355757
462;0;3;male;34.0;8.05;0;0;S;Morley, Mr. William;;364506;0.44792988853245685;0;True;true_negative;0.5520701114675431;0.052070111467543145
770;0;3;male;32.0;8.3625;0;0;S;Gronnestad, Mr. Daniel Danielsen;;8471;0.17217747963454674;0;True;true_negative;0.8278225203654532;0.32782252036545323
806;0;3;male;31.0;7.775;0;0;S;Johansson, Mr. Karl Johan;;347063;0.26675329398245023;0;True;true_negative;0.7332467060175498;0.23324670601754977
559;1;1;female;39.0;79.65;1;1;S;Taussig, Mrs. Emil (Tillie Mandelbaum);E67;110413;0.977562061892004;1;True;true_positive;0.977562061892004;0.477562061892004
518;0;3;male;;24.15;0;0;Q;Ryan, Mr. Patrick;;371110;0.27426711824997557;0;True;true_negative;0.7257328817500244;0.22573288175002443
95;0;3;male;59.0;7.25;0;0;S;Coxon, Mr. Daniel;;364500;0.2732648165264115;0;True;true_negative;0.7267351834735885;0.2267351834735885
619;1;2;female;4.0;39.0;2;1;S;Becker, Miss. Marion Louise;F4;230136;0.5209904309490088;1;True;true_positive;0.5209904309490088;0.020990430949008765
778;1;3;female;5.0;12.475;0;0;S;Emanuel, Miss. Virginia Ethel;;364516;0.5121770584317749;1;True;true_positive;0.5121770584317749;0.012177058431774856
693;1;3;male;;56.4958;0;0;S;Lam, Mr. Ali;;1601;0.2091193748130142;0;False;false_negative;0.7908806251869858;0.29088062518698576
117;0;3;male;70.5;7.75;0;0;Q;Connors, Mr. Patrick;;370369;0.12006389638568632;0;True;true_negative;0.8799361036143136;0.3799361036143137
228;0;3;male;20.5;7.25;0;0;S;"Lovell, Mr. John Hall (""Henry"")";;A/5 21173;0.16070165195084216;0;True;true_negative;0.8392983480491578;0.3392983480491578
768;0;3;female;30.5;7.75;0;0;Q;Mangan, Miss. Mary;;364850;0.688462723254643;1;False;false_positive;0.688462723254643;0.18846272325464297
15;0;3;female;14.0;7.8542;0;0;S;Vestrom, Miss. Hulda Amanda Adolfina;;350406;0.5240483620289034;1;False;false_positive;0.5240483620289034;0.02404836202890337
749;0;1;male;19.0;53.1;1;0;S;Marvin, Mr. Daniel Warner;D30;113773;0.4161589507749627;0;True;true_negative;0.5838410492250373;0.08384104922503732
306;1;1;male;0.92;151.55;1;2;S;Allison, Master. Hudson Trevor;C22 C26;113781;0.8533315818251306;1;True;true_positive;0.8533315818251306;0.3533315818251306
872;1;1;female;47.0;52.5542;1;1;S;Beckwith, Mrs. Richard Leonard (Sallie Monypeny);D35;11751;0.9313108512763573;1;True;true_positive;0.9313108512763573;0.43131085127635727
666;0;2;male;32.0;73.5;2;0;S;Hickman, Mr. Lewis;;S.O.C. 14879;0.2305155026555202;0;True;true_negative;0.7694844973444798;0.26948449734447977
555;1;3;female;22.0;7.775;0;0;S;Ohman, Miss. Velin;;347085;0.5292740949795707;1;True;true_positive;0.5292740949795707;0.029274094979570675
27;0;3;male;;7.225;0;0;C;Emir, Mr. Farred Chehab;;2631;0.13278554665848827;0;True;true_negative;0.8672144533415117;0.3672144533415117
537;0;1;male;45.0;26.55;0;0;S;Butt, Major. Archibald Willingham;B38;113050;0.8252907166057785;1;False;false_positive;0.8252907166057785;0.32529071660577846
536;1;2;female;7.0;26.25;0;2;S;Hart, Miss. Eva Miriam;;F.C.C. 13529;0.7994372226445482;1;True;true_positive;0.7994372226445482;0.2994372226445482
356;0;3;male;28.0;9.5;0;0;S;Vanden Steen, Mr. Leo Peter;;345783;0.1651362226287128;0;True;true_negative;0.8348637773712873;0.3348637773712872
668;0;3;male;;7.775;0;0;S;Rommetvedt, Mr. Knud Paust;;312993;0.15361826359895728;0;True;true_negative;0.8463817364010428;0.34638173640104275
495;0;3;male;21.0;8.05;0;0;S;Stanley, Mr. Edward Roland;;A/4 45380;0.44792988853245685;0;True;true_negative;0.5520701114675431;0.052070111467543145
441;1;2;female;45.0;26.25;1;1;S;Hart, Mrs. Benjamin (Esther Ada Bloomfield);;F.C.C. 13529;0.7641980572455793;1;True;true_positive;0.7641980572455793;0.2641980572455793
870;1;3;male;4.0;11.1333;1;1;S;Johnson, Master. Harold Theodor;;347742;0.4501471164456318;0;False;false_negative;0.5498528835543681;0.04985288355436818
363;0;3;female;45.0;14.4542;0;1;C;Barbara, Mrs. (Catherine David);;2691;0.5604226477116008;1;False;false_positive;0.5604226477116008;0.060422647711600774
468;0;1;male;56.0;26.55;0;0;S;Smart, Mr. John Montgomery;;113792;0.2708387105047953;0;True;true_negative;0.7291612894952046;0.2291612894952047
35;0;1;male;28.0;82.1708;1;0;C;Meyer, Mr. Edgar Joseph;;PC 17604;0.2525723041549498;0;True;true_negative;0.7474276958450502;0.2474276958450502
554;1;3;male;22.0;7.225;0;0;C;"Leeni, Mr. Fahim (""Philip Zenni"")";;2620;0.44792988853245685;0;False;false_negative;0.5520701114675431;0.052070111467543145
891;0;3;male;32.0;7.75;0;0;Q;Dooley, Mr. Patrick;;370376;0.44792988853245685;0;True;true_negative;0.5520701114675431;0.052070111467543145
733;0;2;male;;0.0;0;0;S;Knight, Mr. Robert J;;239855;0.21106524650751296;0;True;true_negative;0.7889347534924871;0.28893475349248704
883;0;3;female;22.0;10.5167;0;0;S;Dahlberg, Miss. Gerda Ulrika;;7552;0.5678788474040966;1;False;false_positive;0.5678788474040966;0.06787884740409655
133;0;3;female;47.0;14.5;1;0;S;Robins, Mrs. Alexander A (Grace Charity Laury);;A/5. 3337;0.44862041990898516;0;True;true_negative;0.5513795800910148;0.05137958009101484
846;0;3;male;42.0;7.55;0;0;S;Abbing, Mr. Anthony;;C.A. 5547;0.2732648165264115;0;True;true_negative;0.7267351834735885;0.2267351834735885
873;0;1;male;33.0;5.0;0;0;S;Carlsson, Mr. Frans Olof;B51 B53 B55;695;0.3561020445597444;0;True;true_negative;0.6438979554402555;0.14389795544025558
618;0;3;female;26.0;16.1;1;0;S;Lobb, Mrs. William Arthur (Cordelia K Stanlick);;A/5. 3336;0.5260962013884797;1;False;false_positive;0.5260962013884797;0.02609620138847968
33;1;3;female;;7.75;0;0;Q;Glynn, Miss. Mary Agatha;;335677;0.5125199707683136;1;True;true_positive;0.5125199707683136;0.01251997076831357
716;0;3;male;19.0;7.65;0;0;S;Soholt, Mr. Peter Andreas Lauritz Andersen;F G73;348124;0.288584729625718;0;True;true_negative;0.711415270374282;0.21141527037428198
377;1;3;female;22.0;7.25;0;0;S;Landergren, Miss. Aurora Adelia;;C 7077;0.5387733361927;1;True;true_positive;0.5387733361927;0.03877333619269996
797;1;1;female;49.0;25.9292;0;0;S;Leader, Dr. Alice (Farnham);D17;17465;0.5940561117292852;1;True;true_positive;0.5940561117292852;0.09405611172928519
639;0;3;female;41.0;39.6875;0;5;S;Panula, Mrs. Juha (Maria Emilia Ojala);;3101295;0.41565350478086444;0;True;true_negative;0.5843464952191355;0.08434649521913556
308;1;1;female;17.0;108.9;1;0;C;Penasco y Castellana, Mrs. Victor de Satode (Maria Josefa Perez de Soto y Vallejo);C65;PC 17758;0.9759457301351998;1;True;true_positive;0.9759457301351998;0.4759457301351998
491;0;3;male;;19.9667;1;0;S;Hagland, Mr. Konrad Mathias Reiersen;;65304;0.26763524914751874;0;True;true_negative;0.7323647508524813;0.23236475085248126
414;0;2;male;;0.0;0;0;S;Cunningham, Mr. Alfred Fleming;;239853;0.15116003340310386;0;True;true_negative;0.8488399665968962;0.34883996659689614
562;0;3;male;40.0;7.8958;0;0;S;Sivic, Mr. Husein;;349251;0.26675329398245023;0;True;true_negative;0.7332467060175498;0.23324670601754977
890;1;1;male;26.0;30.0;0;0;C;Behr, Mr. Karl Howell;C148;111369;0.38340645982775773;0;False;false_negative;0.6165935401722422;0.11659354017224227
739;0;3;male;;7.8958;0;0;S;Ivanoff, Mr. Kanio;;349201;0.16392840766736289;0;True;true_negative;0.8360715923326372;0.3360715923326371
72;0;3;female;16.0;46.9;5;2;S;Goodwin, Miss. Lillian Amy;;CA 2144;0.1696098203257237;0;True;true_negative;0.8303901796742763;0.3303901796742763
378;0;1;male;27.0;211.5;0;2;C;Widener, Mr. Harry Elkins;C82;113503;0.472158859280153;0;True;true_negative;0.527841140719847;0.027841140719847002
576;0;3;male;19.0;14.5;0;0;S;Patchett, Mr. George;;358585;0.4625622417617206;0;True;true_negative;0.5374377582382794;0.037437758238279384
705;0;3;male;26.0;7.8542;1;0;S;Hansen, Mr. Henrik Juul;;350025;0.15462088587042053;0;True;true_negative;0.8453791141295794;0.34537911412957945
531;1;2;female;2.0;26.0;1;1;S;Quick, Miss. Phyllis May;;26360;0.8683910091392893;1;True;true_positive;0.8683910091392893;0.36839100913928935
129;1;3;female;;22.3583;1;1;C;Peter, Miss. Anna;F E69;2668;0.7308450232836059;1;True;true_positive;0.7308450232836059;0.2308450232836059
824;1;3;female;27.0;12.475;0;1;S;Moor, Mrs. (Beila);E121;392096;0.5465638559689635;1;True;true_positive;0.5465638559689635;0.04656385596896351
724;0;2;male;50.0;13.0;0;0;S;Hodges, Mr. Henry Price;;250643;0.13292238762004305;0;True;true_negative;0.867077612379957;0.36707761237995695
164;0;3;male;17.0;8.6625;0;0;S;Calic, Mr. Jovo;;315093;0.15484486072611342;0;True;true_negative;0.8451551392738865;0.3451551392738866
205;1;3;male;18.0;8.05;0;0;S;"Cohen, Mr. Gurshon ""Gus""";;A/5 3540;0.15484486072611342;0;False;false_negative;0.8451551392738865;0.3451551392738866
248;1;2;female;24.0;14.5;0;2;S;Hamalainen, Mrs. William (Anna);;250649;0.5364608230690936;1;True;true_positive;0.5364608230690936;0.036460823069093595
719;0;3;male;;15.5;0;0;Q;McEvoy, Mr. Michael;;36568;0.1730774434579534;0;True;true_negative;0.8269225565420466;0.3269225565420466
541;1;1;female;36.0;71.0;0;2;S;Crosby, Miss. Harriet R;B22;WE/P 5735;0.982184162132437;1;True;true_positive;0.982184162132437;0.482184162132437
874;0;3;male;47.0;9.0;0;0;S;Vander Cruyssen, Mr. Victor;;345765;0.44792988853245685;0;True;true_negative;0.5520701114675431;0.052070111467543145
393;0;3;male;28.0;7.925;2;0;S;Gustafsson, Mr. Johan Birger;;3101277;0.132864245167182;0;True;true_negative;0.867135754832818;0.367135754832818
73;0;2;male;21.0;73.5;0;0;S;Hood, Mr. Ambrose Jr;;S.O.C. 14879;0.4687968099490141;0;True;true_negative;0.5312031900509859;0.031203190050985874
528;0;1;male;;221.7792;0;0;S;Farthing, Mr. John;C95;PC 17483;0.481885574725097;0;True;true_negative;0.518114425274903;0.01811442527490298
783;0;1;male;29.0;30.0;0;0;S;Long, Mr. Milton Clyde;D6;113501;0.4417025451322216;0;True;true_negative;0.5582974548677784;0.058297454867778375
830;1;1;female;62.0;80.0;0;0;;Stone, Mrs. George Nelson (Martha Evelyn);B28;113572;0.8552666811691033;1;True;true_positive;0.8552666811691033;0.3552666811691033
613;1;3;female;;15.5;1;0;Q;Murphy, Miss. Margaret Jane;;367230;0.5260962013884797;1;True;true_positive;0.5260962013884797;0.02609620138847968
856;1;3;female;18.0;9.35;0;1;S;Aks, Mrs. Sam (Leah Rosen);;392091;0.5156613416009803;1;True;true_positive;0.5156613416009803;0.015661341600980316
663;0;1;male;47.0;25.5875;0;0;S;Colley, Mr. Edward Pomeroy;E58;5727;0.481885574725097;0;True;true_negative;0.518114425274903;0.01811442527490298
253;0;1;male;62.0;26.55;0;0;S;Stead, Mr. William Thomas;C87;113514;0.3827418253555999;0;True;true_negative;0.6172581746444001;0.11725817464440008
126;1;3;male;12.0;11.2417;1;0;C;Nicola-Yarred, Master. Elias;;2651;0.525086443417376;1;True;true_positive;0.525086443417376;0.02508644341737598
504;0;3;female;37.0;9.5875;0;0;S;Laitinen, Miss. Kristina Sofia;;4135;0.5293131607363468;1;False;false_positive;0.5293131607363468;0.02931316073634682
167;1;1;female;;55.0;0;1;S;Chibnall, Mrs. (Edith Martha Bowerman);E33;113505;0.9488348048868053;1;True;true_positive;0.9488348048868053;0.44883480488680527
382;1;3;female;1.0;15.7417;0;2;C;"Nakid, Miss. Maria (""Mary"")";;2653;0.5173950079441656;1;True;true_positive;0.5173950079441656;0.017395007944165597
832;1;2;male;0.83;18.75;1;1;S;Richards, Master. George Sibley;;29106;0.6320374314169724;1;True;true_positive;0.6320374314169724;0.13203743141697244
460;0;3;male;;7.75;0;0;Q;O'Connor, Mr. Maurice;;371060;0.44792988853245685;0;True;true_negative;0.5520701114675431;0.052070111467543145
226;0;3;male;22.0;9.35;0;0;S;Berglund, Mr. Karl Ivar Sven;;PP 4348;0.1651362226287128;0;True;true_negative;0.8348637773712873;0.3348637773712872
563;0;2;male;28.0;13.5;0;0;S;Norman, Mr. Robert Douglas;;218629;0.14597637362493154;0;True;true_negative;0.8540236263750685;0.35402362637506846
675;0;2;male;;0.0;0;0;S;Watson, Mr. Ennis Hastings;;239856;0.21106524650751296;0;True;true_negative;0.7889347534924871;0.28893475349248704
734;0;2;male;23.0;13.0;0;0;S;Berriman, Mr. William John;;28425;0.11542103816458678;0;True;true_negative;0.8845789618354132;0.38457896183541324
589;0;3;male;22.0;8.05;0;0;S;Gilinski, Mr. Eliezer;;14973;0.44792988853245685;0;True;true_negative;0.5520701114675431;0.052070111467543145
799;0;3;male;30.0;7.2292;0;0;C;Ibrahim Shawah, Mr. Yousseff;;2685;0.17491716311277367;0;True;true_negative;0.8250828368872263;0.32508283688722633
333;0;1;male;38.0;153.4625;0;1;S;Graham, Mr. George Edward;C91;PC 17582;0.43929087308848574;0;True;true_negative;0.5607091269115143;0.060709126911514255
127;0;3;male;;7.75;0;0;Q;McMahon, Mr. Martin;;370372;0.10518083524885237;0;True;true_negative;0.8948191647511476;0.39481916475114764
57;1;2;female;21.0;10.5;0;0;S;Rugg, Miss. Emily;;C.A. 31026;0.7668106118715217;1;True;true_positive;0.7668106118715217;0.26681061187152166
496;0;3;male;;14.4583;0;0;C;Yousseff, Mr. Gerious;;2627;0.18147960028527382;0;True;true_negative;0.8185203997147261;0.3185203997147262
604;0;3;male;44.0;8.05;0;0;S;Torber, Mr. Ernst William;;364511;0.44792988853245685;0;True;true_negative;0.5520701114675431;0.052070111467543145
99;1;2;female;34.0;23.0;0;1;S;Doling, Mrs. John T (Ada Julia Bone);;231919;0.8049991515087337;1;True;true_positive;0.8049991515087337;0.3049991515087337
249;1;1;male;37.0;52.5542;1;1;S;Beckwith, Mr. Richard Leonard;D35;11751;0.354674113742506;0;False;false_negative;0.645325886257494;0.14532588625749399
575;0;3;male;16.0;8.05;0;0;S;Rush, Mr. Alfred George John;;A/4. 20589;0.2595985621427628;0;True;true_negative;0.7404014378572372;0.24040143785723722
439;0;1;male;64.0;263.0;1;4;S;Fortune, Mr. Mark;C23 C25 C27;19950;0.46074884370308056;0;True;true_negative;0.5392511562969194;0.03925115629691944
861;0;3;male;41.0;14.1083;2;0;S;Hansen, Mr. Claus Peter;;350026;0.1418664759578718;0;True;true_negative;0.8581335240421282;0.35813352404212817
567;0;3;male;19.0;7.8958;0;0;S;Stoytcheff, Mr. Ilia;;349205;0.4625622417617206;0;True;true_negative;0.5374377582382794;0.037437758238279384
214;0;2;male;30.0;13.0;0;0;S;Givard, Mr. Hans Kristensen;;250646;0.11855598748258096;0;True;true_negative;0.881444012517419;0.38144401251741905
653;0;3;male;21.0;8.4333;0;0;S;Kalvik, Mr. Johannes Halvorsen;;8475;0.14491106928444525;0;True;true_negative;0.8550889307155547;0.35508893071555475
564;0;3;male;;8.05;0;0;S;Simmons, Mr. John;;SOTON/OQ 392082;0.2598803651800763;0;True;true_negative;0.7401196348199237;0.2401196348199237
649;0;3;male;;7.55;0;0;S;Willey, Mr. Edward;;S.O./P.P. 751;0.16392840766736289;0;True;true_negative;0.8360715923326372;0.3360715923326371
2;1;1;female;38.0;71.2833;1;0;C;Cumings, Mrs. John Bradley (Florence Briggs Thayer);C85;PC 17599;0.9725813195570671;1;True;true_positive;0.9725813195570671;0.47258131955706706
422;0;3;male;21.0;7.7333;0;0;Q;Charters, Mr. David;;A/5. 13032;0.13968935790478598;0;True;true_negative;0.860310642095214;0.360310642095214
674;1;2;male;31.0;13.0;0;0;S;Wilhelms, Mr. Charles;;244270;0.15608066110588667;0;False;false_negative;0.8439193388941133;0.3439193388941133
119;0;1;male;24.0;247.5208;0;1;C;Baxter, Mr. Quigg Edmond;B58 B60;PC 17558;0.5225840889239235;1;False;false_positive;0.5225840889239235;0.022584088923923495
61;0;3;male;22.0;7.2292;0;0;C;Sirayanian, Mr. Orsen;;2669;0.14183812368000576;0;True;true_negative;0.8581618763199943;0.35816187631999424
37;1;3;male;;7.2292;0;0;C;Mamee, Mr. Hanna;;2677;0.13278554665848827;0;False;false_negative;0.8672144533415117;0.3672144533415117
708;1;1;male;42.0;26.2875;0;0;S;Calderhead, Mr. Edward Pennington;E24;PC 17476;0.3825022389462122;0;False;false_negative;0.6174977610537877;0.11749776105378779
703;0;3;female;18.0;14.4542;0;1;C;Barbara, Miss. Saiide;;2691;0.5537846347245268;1;False;false_positive;0.5537846347245268;0.05378463472452677
529;0;3;male;39.0;7.925;0;0;S;Salonen, Mr. Johan Werner;;3101296;0.17069376411195028;0;True;true_negative;0.8293062358880497;0.32930623588804975
63;0;1;male;45.0;83.475;1;0;S;Harris, Mr. Henry Birkhardt;C83;36973;0.37635891974725083;0;True;true_negative;0.6236410802527492;0.12364108025274917
315;0;2;male;43.0;26.25;1;1;S;Hart, Mr. Benjamin;;F.C.C. 13529;0.4687968099490141;0;True;true_negative;0.5312031900509859;0.031203190050985874
742;0;1;male;36.0;78.85;1;0;S;Cavendish, Mr. Tyrell William;C46;19877;0.42289505839019104;0;True;true_negative;0.577104941609809;0.07710494160980896
290;1;3;female;22.0;7.75;0;0;Q;Connolly, Miss. Kate;;370373;0.6479434499301655;1;True;true_positive;0.6479434499301655;0.1479434499301655
90;0;3;male;24.0;8.05;0;0;S;Celotti, Mr. Francesco;;343275;0.1651362226287128;0;True;true_negative;0.8348637773712873;0.3348637773712872
367;1;1;female;60.0;75.25;1;0;C;Warren, Mrs. Frank Manley (Anna Sophia Atkinson);D37;110813;0.968424655973639;1;True;true_positive;0.968424655973639;0.468424655973639
74;0;3;male;26.0;14.4542;1;0;C;Chronopoulos, Mr. Apostolos;;2680;0.18245623909483116;0;True;true_negative;0.8175437609051688;0.31754376090516884
744;0;3;male;24.0;16.1;1;0;S;McNamee, Mr. Neal;;376566;0.13600525528886326;0;True;true_negative;0.8639947447111367;0.36399474471113674
682;1;1;male;27.0;76.7292;0;0;C;Hassab, Mr. Hammad;D49;PC 17572;0.2858785586756305;0;False;false_negative;0.7141214413243695;0.2141214413243695
96;0;3;male;;8.05;0;0;S;Shorney, Mr. Charles Joseph;;374910;0.16392840766736289;0;True;true_negative;0.8360715923326372;0.3360715923326371
14;0;3;male;39.0;31.275;1;5;S;Andersson, Mr. Anders Johan;;347082;0.46063182564822863;0;True;true_negative;0.5393681743517713;0.03936817435177137
240;0;2;male;33.0;12.275;0;0;S;Hunt, Mr. George Henry;;SCO/W 1585;0.11947009783984668;0;True;true_negative;0.8805299021601534;0.3805299021601533
406;0;2;male;34.0;21.0;1;0;S;Gale, Mr. Shadrach;;28664;0.28786397019187976;0;True;true_negative;0.7121360298081203;0.21213602980812024
707;1;2;female;45.0;13.5;0;0;S;"Kelly, Mrs. Florence ""Fannie""";;223596;0.743909146052391;1;True;true_positive;0.743909146052391;0.243909146052391
695;0;1;male;60.0;26.55;0;0;S;Weir, Col. John;;113800;0.481885574725097;0;True;true_negative;0.518114425274903;0.01811442527490298
275;1;3;female;;7.75;0;0;Q;"Healy, Miss. Hanora ""Nora""";;370375;0.6459415128275044;1;True;true_positive;0.6459415128275044;0.14594151282750445
762;0;3;male;41.0;7.125;0;0;S;Nirva, Mr. Iisakki Antino Aijo;;SOTON/O2 3101272;0.15605892958579645;0;True;true_negative;0.8439410704142035;0.3439410704142035
321;0;3;male;22.0;7.25;0;0;S;Dennis, Mr. Samuel;;A/5 21172;0.15832187634593242;0;True;true_negative;0.8416781236540676;0.3416781236540676
23;1;3;female;15.0;8.0292;0;0;Q;"McGowan, Miss. Anna ""Annie""";;330923;0.631069655264825;1;True;true_positive;0.631069655264825;0.13106965526482495
544;1;2;male;32.0;26.0;1;0;S;Beane, Mr. Edward;;2908;0.28786397019187976;0;False;false_negative;0.7121360298081203;0.21213602980812024
683;0;3;male;20.0;9.225;0;0;S;Olsvigen, Mr. Thor Anderson;;6563;0.15930543139011527;0;True;true_negative;0.8406945686098848;0.34069456860988473
86;1;3;female;33.0;15.85;3;0;S;Backstrom, Mrs. Karl Alfred (Maria Mathilda Gustafsson);;3101278;0.4721397994500174;0;False;false_negative;0.5278602005499826;0.027860200549982617
354;0;3;male;25.0;17.8;1;0;S;Arnold-Franchi, Mr. Josef;;349237;0.25997979541620675;0;True;true_negative;0.7400202045837933;0.24002020458379325
178;0;1;female;50.0;28.7125;0;0;C;Isham, Miss. Ann Elizabeth;C49;PC 17595;0.973744289171015;1;False;false_positive;0.973744289171015;0.47374428917101497
6;0;3;male;;8.4583;0;0;Q;Moran, Mr. James;;330877;0.2598803651800763;0;True;true_negative;0.7401196348199237;0.2401196348199237
815;0;3;male;30.5;8.05;0;0;S;Tomlin, Mr. Ernest Portage;;364499;0.16392840766736289;0;True;true_negative;0.8360715923326372;0.3360715923326371
48;1;3;female;;7.75;0;0;Q;O'Driscoll, Miss. Bridget;;14311;0.6965723844477814;1;True;true_positive;0.6965723844477814;0.19657238444778136
516;0;1;male;47.0;34.0208;0;0;S;Walker, Mr. William Anderson;D46;36967;0.481885574725097;0;True;true_negative;0.518114425274903;0.01811442527490298
383;0;3;male;32.0;7.925;0;0;S;Tikkanen, Mr. Juho;;STON/O 2. 3101293;0.26675329398245023;0;True;true_negative;0.7332467060175498;0.23324670601754977
359;1;3;female;;7.8792;0;0;Q;McGovern, Miss. Mary;;330931;0.5125199707683136;1;True;true_positive;0.5125199707683136;0.01251997076831357
84;0;1;male;28.0;47.1;0;0;S;Carrau, Mr. Francisco M;;113059;0.2309125379478452;0;True;true_negative;0.7690874620521548;0.26908746205215484
579;0;3;female;;14.4583;1;0;C;Caram, Mrs. Joseph (Maria Elias);;2689;0.526461225150813;1;False;false_positive;0.526461225150813;0.02646122515081295
201;0;3;male;28.0;9.5;0;0;S;Vande Walle, Mr. Nestor Cyriel;;345770;0.1691744286092236;0;True;true_negative;0.8308255713907764;0.3308255713907764
671;1;2;female;40.0;39.0;1;1;S;Brown, Mrs. Thomas William Solomon (Elizabeth Catherine Ford);;29750;0.9140103296185788;1;True;true_positive;0.9140103296185788;0.41401032961857875
92;0;3;male;20.0;7.8542;0;0;S;Andreasson, Mr. Paul Edvin;;347466;0.16070165195084216;0;True;true_negative;0.8392983480491578;0.3392983480491578
352;0;1;male;;35.0;0;0;S;Williams-Lambert, Mr. Fletcher Fellows;C128;113510;0.2875956664512588;0;True;true_negative;0.7124043335487412;0.21240433354874122
842;0;2;male;16.0;10.5;0;0;S;Mudd, Mr. Thomas Charles;;S.O./P.P. 3;0.1247757546468514;0;True;true_negative;0.8752242453531486;0.3752242453531486
620;0;2;male;26.0;10.5;0;0;S;Gavey, Mr. Lawrence;;31028;0.21169845438690937;0;True;true_negative;0.7883015456130906;0.2883015456130906
242;1;3;female;;15.5;1;0;Q;"Murphy, Miss. Katherine ""Kate""";;367230;0.5564192068260091;1;True;true_positive;0.5564192068260091;0.056419206826009094
189;0;3;male;40.0;15.5;1;1;Q;Bourke, Mr. John;;364849;0.10671665279775992;0;True;true_negative;0.8932833472022401;0.39328334720224006
810;1;1;female;33.0;53.1;1;0;S;Chambers, Mrs. Norman Campbell (Bertha Griggs);E8;113806;0.9779371831788395;1;True;true_positive;0.9779371831788395;0.4779371831788395
159;0;3;male;;8.6625;0;0;S;Smiljanic, Mr. Mile;;315037;0.16392840766736289;0;True;true_negative;0.8360715923326372;0.3360715923326371
454;1;1;male;49.0;89.1042;1;0;C;Goldenberg, Mr. Samuel L;C92;17453;0.3688828948936886;0;False;false_negative;0.6311171051063114;0.13111710510631142
140;0;1;male;24.0;79.2;0;0;C;Giglio, Mr. Victor;B86;PC 17593;0.3805086098140203;0;True;true_negative;0.6194913901859798;0.1194913901859797
4;1;1;female;35.0;53.1;1;0;S;Futrelle, Mrs. Jacques Heath (Lily May Peel);C123;113803;0.9025647611800102;1;True;true_positive;0.9025647611800102;0.40256476118001017
532;0;3;male;;7.2292;0;0;C;Toufik, Mr. Nakli;;2641;0.44792988853245685;0;True;true_negative;0.5520701114675431;0.052070111467543145
498;0;3;male;;15.1;0;0;S;Shellard, Mr. Frederick William;;C.A. 6212;0.27426711824997557;0;True;true_negative;0.7257328817500244;0.22573288175002443
455;0;3;male;;8.05;0;0;S;Peduzzi, Mr. Joseph;;A/5 2817;0.16913396197836497;0;True;true_negative;0.8308660380216351;0.33086603802163506
245;0;3;male;30.0;7.225;0;0;C;Attalah, Mr. Sleiman;;2694;0.44792988853245685;0;True;true_negative;0.5520701114675431;0.052070111467543145
88;0;3;male;;8.05;0;0;S;Slocovski, Mr. Selman Francis;;SOTON/OQ 392086;0.16913396197836497;0;True;true_negative;0.8308660380216351;0.33086603802163506
195;1;1;female;44.0;27.7208;0;0;C;Brown, Mrs. James Joseph (Margaret Tobin);B4;PC 17610;0.5940561117292852;1;True;true_positive;0.5940561117292852;0.09405611172928519
494;0;1;male;71.0;49.5042;0;0;C;Artagaveytia, Mr. Ramon;;PC 17609;0.2691803433308905;0;True;true_negative;0.7308196566691094;0.23081965666910947
484;1;3;female;63.0;9.5875;0;0;S;Turkula, Mrs. (Hedwig);;4134;0.5347046353156233;1;True;true_positive;0.5347046353156233;0.03470463531562329
828;1;2;male;1.0;37.0042;0;2;C;Mallet, Master. Andre;;S.C./PARIS 2079;0.6231776345134578;1;True;true_positive;0.6231776345134578;0.12317763451345776
876;1;3;female;15.0;7.225;0;0;C;"Najib, Miss. Adele Kiamie ""Jane""";;2667;0.5030709609267779;1;True;true_positive;0.5030709609267779;0.0030709609267779436
641;0;3;male;20.0;7.8542;0;0;S;Jensen, Mr. Hans Peder;;350050;0.15491035411366735;0;True;true_negative;0.8450896458863326;0.3450896458863326
339;1;3;male;45.0;8.05;0;0;S;Dahl, Mr. Karl Edwart;;7598;0.44792988853245685;0;False;false_negative;0.5520701114675431;0.052070111467543145
368;1;3;female;;7.2292;0;0;C;Moussa, Mrs. (Mantoura Boulos);;2626;0.504856933264595;1;True;true_positive;0.504856933264595;0.00485693326459502
803;1;1;male;11.0;120.0;1;2;S;Carter, Master. William Thornton II;B96 B98;113760;0.6833911918358093;1;True;true_positive;0.6833911918358093;0.18339119183580932
456;1;3;male;29.0;7.8958;0;0;C;Jalsevac, Mr. Ivan;;349240;0.22926583132239003;0;False;false_negative;0.7707341686776099;0.27073416867760997
485;1;1;male;25.0;91.0792;1;0;C;Bishop, Mr. Dickinson H;B49;11967;0.2853785174134167;0;False;false_negative;0.7146214825865833;0.2146214825865833
745;1;3;male;31.0;7.925;0;0;S;Stranden, Mr. Juho;;STON/O 2. 3101288;0.44792988853245685;0;False;false_negative;0.5520701114675431;0.052070111467543145
632;0;3;male;51.0;7.0542;0;0;S;Lundahl, Mr. Johan Svensson;;347743;0.15146374145284283;0;True;true_negative;0.8485362585471572;0.3485362585471572
627;0;2;male;57.0;12.35;0;0;Q;Kirkland, Rev. Charles Leonard;;219533;0.31711834020969676;0;True;true_negative;0.6828816597903032;0.18288165979030324
215;0;3;male;;7.75;1;0;Q;Kiernan, Mr. Philip;;367229;0.25347487058851975;0;True;true_negative;0.7465251294114803;0.24652512941148025
786;0;3;male;25.0;7.25;0;0;S;Harmer, Mr. Abraham (David Lishin);;374887;0.2586545722316571;0;True;true_negative;0.7413454277683429;0.2413454277683429
254;0;3;male;30.0;16.1;1;0;S;Lobb, Mr. William Arthur;;A/5. 3336;0.2686402416710682;0;True;true_negative;0.7313597583289317;0.2313597583289318
202;0;3;male;;69.55;8;2;S;Sage, Mr. Frederick;;CA. 2343;0.46063182564822863;0;True;true_negative;0.5393681743517713;0.03936817435177137
821;1;1;female;52.0;93.5;1;1;S;Hays, Mrs. Charles Melville (Clara Jennings Gregg);B69;12749;0.9282377224945364;1;True;true_positive;0.9282377224945364;0.4282377224945364
104;0;3;male;33.0;8.6542;0;0;S;Johansson, Mr. Gustaf Joel;;7540;0.44792988853245685;0;True;true_negative;0.5520701114675431;0.052070111467543145
220;0;2;male;30.0;10.5;0;0;S;Harris, Mr. Walter;;W/C 14208;0.2165310515784804;0;True;true_negative;0.7834689484215196;0.2834689484215196
134;1;2;female;29.0;26.0;1;0;S;Weisz, Mrs. Leopold (Mathilde Francoise Pede);;228414;0.8149506401441198;1;True;true_positive;0.8149506401441198;0.3149506401441198
427;1;2;female;28.0;26.0;1;0;S;Clarke, Mrs. Charles V (Ada Maria Winfield);;2003;0.8216163729986596;1;True;true_positive;0.8216163729986596;0.32161637299865964
556;0;1;male;62.0;26.55;0;0;S;Wright, Mr. George;;113807;0.36358168694169063;0;True;true_negative;0.6364183130583094;0.13641831305830937
530;0;2;male;23.0;11.5;2;1;S;Hocking, Mr. Richard George;;29104;0.12477932444182166;0;True;true_negative;0.8752206755581784;0.37522067555817834
331;1;3;female;;23.25;2;0;Q;McCoy, Miss. Agnes;;367226;0.5288134690599142;1;True;true_positive;0.5288134690599142;0.02881346905991422
334;0;3;male;16.0;18.0;2;0;S;Vander Planke, Mr. Leo Edmondus;;345764;0.11849168416278422;0;True;true_negative;0.8815083158372158;0.3815083158372158
255;0;3;female;41.0;20.2125;0;2;S;Rosblom, Mrs. Viktor (Helena Wilhelmina);;370129;0.5330583709441321;1;False;false_positive;0.5330583709441321;0.03305837094413211
106;0;3;male;28.0;7.8958;0;0;S;Mionoff, Mr. Stoytcho;;349207;0.1492227101162826;0;True;true_negative;0.8507772898837174;0.35077728988371737
428;1;2;female;19.0;26.0;0;0;S;"Phillips, Miss. Kate Florence (""Mrs Kate Louise Phillips Marshall"")";;250655;0.7684267992131262;1;True;true_positive;0.7684267992131262;0.2684267992131262
12;1;1;female;58.0;26.55;0;0;S;Bonnell, Miss. Elizabeth;C103;113783;0.8714034134939767;1;True;true_positive;0.8714034134939767;0.37140341349397665
662;0;3;male;40.0;7.225;0;0;C;Badt, Mr. Mohamed;;2623;0.2347193165788573;0;True;true_negative;0.7652806834211427;0.2652806834211427
42;0;2;female;27.0;21.0;1;0;S;Turpin, Mrs. William John Robert (Dorothy Ann Wonnacott);;11668;0.9232164938164892;1;False;false_positive;0.9232164938164892;0.4232164938164892
436;1;1;female;14.0;120.0;1;2;S;Carter, Miss. Lucile Polk;B96 B98;113760;0.7644905835216379;1;True;true_positive;0.7644905835216379;0.2644905835216379
553;0;3;male;;7.8292;0;0;Q;O'Brien, Mr. Timothy;;330979;0.2598803651800763;0;True;true_negative;0.7401196348199237;0.2401196348199237
