PassengerId;Survived;Pclass;Sex;Age;Fare;SibSp;Parch;Embarked;Name;Cabin;Ticket;oof_probability;oof_prediction;is_correct;prediction_type;confidence;distance_to_threshold
850;1;1;female;;89.1042;1;0;C;Goldenberg, Mrs. Samuel L (Edwiga Grabowska);C92;17453;0.9791746559748216;1;True;true_positive;0.9791746559748216;0.47917465597482156
262;1;3;male;3.0;31.3875;4;2;S;Asplund, Master. Edvin Rojj Felix;;347077;0.08793193956370457;0;False;false_negative;0.9120680604362954;0.4120680604362954
753;0;3;male;33.0;9.5;0;0;S;Vande Velde, Mr. Johannes Joseph;;345780;0.10247371894302851;0;True;true_negative;0.8975262810569715;0.3975262810569715
538;1;1;female;30.0;106.425;0;0;C;LeRoy, Miss. Bertha;;PC 17761;0.936118318514589;1;True;true_positive;0.936118318514589;0.43611831851458904
433;1;2;female;42.0;26.0;1;0;S;Louch, Mrs. Charles Alexander (Alice Adelaide Slow);;SC/AH 3085;0.8335265527844257;1;True;true_positive;0.8335265527844257;0.33352655278442567
289;1;2;male;42.0;13.0;0;0;S;Hosono, Mr. Masabumi;;237798;0.3972299875394262;0;False;false_negative;0.6027700124605738;0.10277001246057382
831;1;3;female;15.0;14.4542;1;0;C;Yasbeck, Mrs. Antoni (Selini Alexander);;2659;0.5151661457102396;1;True;true_positive;0.5151661457102396;0.015166145710239554
776;0;3;male;18.0;7.75;0;0;S;Myhrman, Mr. Pehr Fabian Oliver Malkolm;;347078;0.08739356049186463;0;True;true_negative;0.9126064395081354;0.41260643950813536
522;0;3;male;22.0;7.8958;0;0;S;Vovk, Mr. Janko;;349252;0.13232080830726972;0;True;true_negative;0.8676791916927302;0.3676791916927303
40;1;3;female;14.0;11.2417;1;0;C;Nicola-Yarred, Miss. Jamila;;2651;0.4515202183432286;0;False;false_negative;0.5484797816567715;0.048479781656771415
177;0;3;male;;25.4667;3;1;S;Lefebre, Master. Henry Forbes;;4133;0.14355669509099803;0;True;true_negative;0.856443304909002;0.356443304909002
793;0;3;female;;69.55;8;2;S;Sage, Miss. Stella Anna;;CA. 2343;0.0968124889518077;0;True;true_negative;0.9031875110481923;0.4031875110481923
329;1;3;female;31.0;20.525;1;1;S;Goldsmith, Mrs. Frank John (Emily Alice Brown);;363291;0.5545557590507363;1;True;true_positive;0.5545557590507363;0.054555759050736286
616;1;2;female;24.0;65.0;1;2;S;Herman, Miss. Alice;;220845;0.8894455534587716;1;True;true_positive;0.8894455534587716;0.38944555345877163
370;1;1;female;24.0;69.3;0;0;C;Aubart, Mme. Leontine Pauline;B35;PC 17477;0.9805479751868383;1;True;true_positive;0.9805479751868383;0.48054797518683834
477;0;2;male;34.0;21.0;1;0;S;Renouf, Mr. Peter Henry;;31027;0.15151438999082717;0;True;true_negative;0.8484856100091729;0.34848561000917283
280;1;3;female;35.0;20.25;1;1;S;Abbott, Mrs. Stanton (Rosa Hunt);;C.A. 2673;0.5247167191106853;1;True;true_positive;0.5247167191106853;0.024716719110685292
5;0;3;male;35.0;8.05;0;0;S;Allen, Mr. William Henry;;373450;0.1732789848614519;0;True;true_negative;0.8267210151385481;0.3267210151385481
798;1;3;female;31.0;8.6833;0;0;S;Osman, Mrs. Mara;;349244;0.5247167191106853;1;True;true_positive;0.5247167191106853;0.024716719110685292
10;1;2;female;14.0;30.0708;1;0;C;Nasser, Mrs. Nicholas (Adele Achem);;237736;0.9113714524052828;1;True;true_positive;0.9113714524052828;0.41137145240528283
326;1;1;female;36.0;135.6333;0;0;C;Young, Miss. Marie Grice;C32;PC 17760;0.9843969377334547;1;True;true_positive;0.9843969377334547;0.4843969377334547
514;1;1;female;54.0;59.4;1;0;C;Rothschild, Mrs. Martin (Elizabeth L. Barrett);;PC 17603;0.9363994410630808;1;True;true_positive;0.9363994410630808;0.4363994410630808
801;0;2;male;34.0;13.0;0;0;S;Ponesell, Mr. Martin;;250647;0.07627049339293217;0;True;true_negative;0.9237295066070679;0.4237295066070678
474;1;2;female;23.0;13.7917;0;0;C;Jerwan, Mrs. Amin S (Marie Marthe Thuillard);D;SC/AH Basle 541;0.8991361139722966;1;True;true_positive;0.8991361139722966;0.39913611397229665
423;0;3;male;29.0;7.875;0;0;S;Zimmerman, Mr. Leo;;315082;0.3203842215442611;0;True;true_negative;0.6796157784557388;0.1796157784557389
87;0;3;male;16.0;34.375;1;3;S;Ford, Mr. William Neal;;W./C. 6608;0.3876906399956507;0;True;true_negative;0.6123093600043493;0.11230936000434932
629;0;3;male;26.0;7.8958;0;0;S;Bostandyeff, Mr. Guentcho;;349224;0.10056994364049653;0;True;true_negative;0.8994300563595035;0.39943005635950346
43;0;3;male;;7.8958;0;0;C;Kraeff, Mr. Theodor;;349253;0.15073884560175924;0;True;true_negative;0.8492611543982408;0.3492611543982408
743;1;1;female;21.0;262.375;2;2;C;"Ryerson, Miss. Susan Parker ""Suzette""";B57 B59 B63 B66;PC 17608;0.7598472853784092;1;True;true_positive;0.7598472853784092;0.2598472853784092
837;0;3;male;21.0;8.6625;0;0;S;Pasic, Mr. Jakob;;315097;0.07296579610678658;0;True;true_negative;0.9270342038932134;0.42703420389321345
611;0;3;female;39.0;31.275;1;5;S;Andersson, Mrs. Anders Johan (Alfrida Konstantia Brogren);;347082;0.44495799923622703;0;True;true_negative;0.555042000763773;0.05504200076377297
174;0;3;male;21.0;7.925;0;0;S;Sivola, Mr. Antti Wilhelm;;STON/O 2. 3101280;0.13232080830726972;0;True;true_negative;0.8676791916927302;0.3676791916927303
125;0;1;male;54.0;77.2875;0;1;S;White, Mr. Percival Wayland;D26;35281;0.2707120432524565;0;True;true_negative;0.7292879567475434;0.2292879567475435
747;0;3;male;16.0;20.25;1;1;S;Abbott, Mr. Rossmore Edward;;C.A. 2673;0.05242034984521097;0;True;true_negative;0.9475796501547891;0.447579650154789
313;0;2;female;26.0;26.0;1;1;S;Lahtinen, Mrs. William (Anna Sylfven);;250651;0.9076782868688241;1;False;false_positive;0.9076782868688241;0.4076782868688241
410;0;3;female;;25.4667;3;1;S;Lefebre, Miss. Ida;;4133;0.1537123200260988;0;True;true_negative;0.8462876799739012;0.3462876799739012
244;0;3;male;22.0;7.125;0;0;S;Maenpaa, Mr. Matti Alexanteri;;STON/O 2. 3101275;0.27441596368093185;0;True;true_negative;0.7255840363190682;0.22558403631906815
560;1;3;female;36.0;17.4;1;0;S;de Messemaeker, Mrs. Guillaume Joseph (Emma);;345572;0.43982603307235024;0;False;false_negative;0.5601739669276498;0.06017396692764976
293;0;2;male;36.0;12.875;0;0;C;Levy, Mr. Rene Jacques;D;SC/Paris 2163;0.254132033922299;0;True;true_negative;0.745867966077701;0.245867966077701
446;1;1;male;4.0;81.8583;0;2;S;Dodge, Master. Washington;A34;33638;0.7736488938157141;1;True;true_positive;0.7736488938157141;0.2736488938157141
413;1;1;female;33.0;90.0;1;0;Q;Minahan, Miss. Daisy E;C78;19928;0.9703031430975753;1;True;true_positive;0.9703031430975753;0.47030314309757526
615;0;3;male;35.0;8.05;0;0;S;Brocklebank, Mr. William Alfred;;364512;0.11304453390471234;0;True;true_negative;0.8869554660952876;0.38695546609528764
651;0;3;male;;7.8958;0;0;S;Mitkoff, Mr. Mito;;349221;0.398936310590757;0;True;true_negative;0.6010636894092429;0.10106368940924298
46;0;3;male;;8.05;0;0;S;Rogers, Mr. William John;;S.C./A.4. 23567;0.1081287619021637;0;True;true_negative;0.8918712380978363;0.3918712380978363
349;1;3;male;3.0;15.9;1;1;S;"Coutts, Master. William Loch ""William""";;C.A. 37671;0.8789959433084371;1;True;true_positive;0.8789959433084371;0.3789959433084371
107;1;3;female;21.0;7.65;0;0;S;Salkjelsvik, Miss. Anna Kristine;;343120;0.6006116032564849;1;True;true_positive;0.6006116032564849;0.10061160325648488
341;1;2;male;2.0;26.0;1;1;S;Navratil, Master. Edmond Roger;F2;230080;0.577780899416684;1;True;true_positive;0.577780899416684;0.07778089941668398
634;0;1;male;;0.0;0;0;S;Parr, Mr. William Henry Marsh;;112052;0.06652506474974441;0;True;true_negative;0.9334749352502556;0.4334749352502556
425;0;3;male;18.0;20.2125;1;1;S;Rosblom, Mr. Viktor Richard;;370129;0.398936310590757;0;True;true_negative;0.6010636894092429;0.10106368940924298
817;0;3;female;23.0;7.925;0;0;S;Heininen, Miss. Wendla Maria;;STON/O2. 3101290;0.5247167191106853;1;False;false_positive;0.5247167191106853;0.024716719110685292
357;1;1;female;22.0;55.0;0;1;S;Bowerman, Miss. Elsie Edith;E33;113505;0.979891203830325;1;True;true_positive;0.979891203830325;0.479891203830325
417;1;2;female;34.0;32.5;1;1;S;Drew, Mrs. James Vivian (Lulu Thorne Christian);;28220;0.8868875863816392;1;True;true_positive;0.8868875863816392;0.3868875863816392
150;0;2;male;42.0;13.0;0;0;S;Byles, Rev. Thomas Roussel Davids;;244310;0.18574676692833728;0;True;true_negative;0.8142532330716628;0.31425323307166275
599;0;3;male;;7.225;0;0;C;Boulos, Mr. Hanna;;2664;0.15489707859593135;0;True;true_negative;0.8451029214040686;0.3451029214040686
11;1;3;female;4.0;16.7;1;1;S;Sandstrom, Miss. Marguerite Rut;G6;PP 9549;0.5807126981800182;1;True;true_positive;0.5807126981800182;0.08071269818001825
343;0;2;male;28.0;13.0;0;0;S;Collander, Mr. Erik Gustaf;;248740;0.09948876349356317;0;True;true_negative;0.9005112365064368;0.40051123650643683
60;0;3;male;11.0;46.9;5;2;S;Goodwin, Master. William Frederick;;CA 2144;0.08723974640492613;0;True;true_negative;0.9127602535950738;0.41276025359507384
269;1;1;female;58.0;153.4625;0;1;S;Graham, Mrs. William Thompson (Edith Junkins);C125;PC 17582;0.9650068234791049;1;True;true_positive;0.9650068234791049;0.46500682347910494
551;1;1;male;17.0;110.8833;0;2;C;Thayer, Mr. John Borland Jr;C70;17421;0.41523430997531807;0;False;false_negative;0.5847656900246819;0.08476569002468193
54;1;2;female;29.0;26.0;1;0;S;Faunthorpe, Mrs. Lizzie (Elizabeth Anne Wilkinson);;2926;0.9099474065913741;1;True;true_positive;0.9099474065913741;0.4099474065913741
401;1;3;male;39.0;7.925;0;0;S;Niskanen, Mr. Juha;;STON/O 2. 3101289;0.0817563660916567;0;False;false_negative;0.9182436339083433;0.4182436339083433
610;1;1;female;40.0;153.4625;0;0;S;Shutes, Miss. Elizabeth W;C125;PC 17582;0.662626994139061;1;True;true_positive;0.662626994139061;0.162626994139061
540;1;1;female;22.0;49.5;0;2;C;Frolicher, Miss. Hedwig Margaritha;B39;13568;0.9828520859712344;1;True;true_positive;0.9828520859712344;0.4828520859712344
524;1;1;female;44.0;57.9792;0;1;C;Hippach, Mrs. Louis Albert (Ida Sophia Fischer);B18;111361;0.9630238941340945;1;True;true_positive;0.9630238941340945;0.4630238941340945
851;0;3;male;4.0;31.275;4;2;S;Andersson, Master. Sigvard Harald Elias;;347082;0.08793193956370457;0;True;true_negative;0.9120680604362954;0.4120680604362954
402;0;3;male;26.0;8.05;0;0;S;Adams, Mr. John;;341826;0.13232080830726972;0;True;true_negative;0.8676791916927302;0.3676791916927303
767;0;1;male;;39.6;0;0;C;Brewe, Dr. Arthur Jackson;;112379;0.27983593541711366;0;True;true_negative;0.7201640645828864;0.22016406458288634
533;0;3;male;17.0;7.2292;1;1;C;Elias, Mr. Joseph Jr;;2690;0.398936310590757;0;True;true_negative;0.6010636894092429;0.10106368940924298
270;1;1;female;35.0;135.6333;0;0;S;Bissette, Miss. Amelia;C99;PC 17760;0.9624101620768036;1;True;true_positive;0.9624101620768036;0.46241016207680363
166;1;3;male;9.0;20.525;0;2;S;"Goldsmith, Master. Frank John William ""Frankie""";;363291;0.7342129470464012;1;True;true_positive;0.7342129470464012;0.23421294704640117
320;1;1;female;40.0;134.5;1;1;C;Spedden, Mrs. Frederic Oakley (Margaretta Corning Stone);E34;16966;0.9781799321377256;1;True;true_positive;0.9781799321377256;0.4781799321377256
520;0;3;male;32.0;7.8958;0;0;S;Pavlovic, Mr. Stefo;;349242;0.1147754953219788;0;True;true_negative;0.8852245046780212;0.3852245046780212
108;1;3;male;;7.775;0;0;S;Moss, Mr. Albert Johan;;312991;0.08729679168397138;0;False;false_negative;0.9127032083160286;0.41270320831602864
888;1;1;female;19.0;30.0;0;0;S;Graham, Miss. Margaret Edith;B42;112053;0.967314278754703;1;True;true_positive;0.967314278754703;0.467314278754703
709;1;1;female;22.0;151.55;0;0;S;Cleaver, Miss. Alice;;113781;0.9429082319863253;1;True;true_positive;0.9429082319863253;0.44290823198632534
396;0;3;male;22.0;7.7958;0;0;S;Johansson, Mr. Erik;;350052;0.11654157296895876;0;True;true_negative;0.8834584270310413;0.38345842703104127
715;0;2;male;52.0;13.0;0;0;S;Greenberg, Mr. Samuel;;250647;0.10428774606258435;0;True;true_negative;0.8957122539374156;0.39571225393741566
771;0;3;male;24.0;9.5;0;0;S;Lievens, Mr. Rene Aime;;345781;0.09134414419130268;0;True;true_negative;0.9086558558086973;0.40865585580869734
731;1;1;female;29.0;211.3375;0;0;S;Allen, Miss. Elisabeth Walton;B5;24160;0.9716622394994399;1;True;true_positive;0.9716622394994399;0.47166223949943986
358;0;2;female;38.0;13.0;0;0;S;Funk, Miss. Annie Clemmer;;237671;0.5570044711695237;1;False;false_positive;0.5570044711695237;0.057004471169523674
655;0;3;female;18.0;6.75;0;0;Q;"Hegarty, Miss. Hanora ""Nora""";;365226;0.6697623471734822;1;False;false_positive;0.6697623471734822;0.16976234717348215
746;0;1;male;70.0;71.0;1;1;S;Crosby, Capt. Edward Gifford;B22;WE/P 5735;0.4842984692084793;0;True;true_negative;0.5157015307915207;0.0157015307915207
26;1;3;female;38.0;31.3875;1;5;S;Asplund, Mrs. Carl Oscar (Selma Augusta Emilia Johansson);;347077;0.08846732837296119;0;False;false_negative;0.9115326716270388;0.4115326716270388
152;1;1;female;22.0;66.6;1;0;S;Pears, Mrs. Thomas (Edith Wearne);C2;113776;0.9652198683477907;1;True;true_positive;0.9652198683477907;0.4652198683477907
415;1;3;male;44.0;7.925;0;0;S;Sundman, Mr. Johan Julian;;STON/O 2. 3101269;0.06887987978997943;0;False;false_negative;0.9311201202100206;0.43112012021002055
623;1;3;male;20.0;15.7417;1;1;C;Nakid, Mr. Sahid;;2653;0.398936310590757;0;False;false_negative;0.6010636894092429;0.10106368940924298
476;0;1;male;;52.0;0;0;S;Clifford, Mr. George Quincy;A14;110465;0.3944329517827306;0;True;true_negative;0.6055670482172695;0.10556704821726942
405;0;3;female;20.0;8.6625;0;0;S;Oreskovic, Miss. Marija;;315096;0.37982073161486263;0;True;true_negative;0.6201792683851374;0.12017926838513737
595;0;2;male;37.0;26.0;1;0;S;Chapman, Mr. John Henry;;SC/AH 29037;0.4148194813268971;0;True;true_negative;0.585180518673103;0.08518051867310289
336;0;3;male;;7.8958;0;0;S;Denkoff, Mr. Mitto;;349225;0.13428180508108506;0;True;true_negative;0.865718194918915;0.36571819491891494
687;0;3;male;14.0;39.6875;4;1;S;Panula, Mr. Jaako Arnold;;3101295;0.028049016775386834;0;True;true_negative;0.9719509832246132;0.47195098322461315
694;0;3;male;25.0;7.225;0;0;C;Saad, Mr. Khalil;;2672;0.10169759892301691;0;True;true_negative;0.8983024010769831;0.3983024010769831
3;1;3;female;26.0;7.925;0;0;S;Heikkinen, Miss. Laina;;STON/O2. 3101282;0.5471352740643107;1;True;true_positive;0.5471352740643107;0.04713527406431073
805;1;3;male;27.0;6.975;0;0;S;Hedman, Mr. Oskar Arvid;;347089;0.10557313557768236;0;False;false_negative;0.8944268644223177;0.39442686442231767
512;0;3;male;;8.05;0;0;S;Webber, Mr. James;;SOTON/OQ 3101316;0.398936310590757;0;True;true_negative;0.6010636894092429;0.10106368940924298
822;1;3;male;27.0;8.6625;0;0;S;Lulic, Mr. Nikola;;315098;0.11091072632054165;0;False;false_negative;0.8890892736794583;0.38908927367945834
116;0;3;male;21.0;7.925;0;0;S;Pekoniemi, Mr. Edvard;;STON/O 2. 3101294;0.06281810093440499;0;True;true_negative;0.937181899065595;0.437181899065595
738;1;1;male;35.0;512.3292;0;0;C;Lesurer, Mr. Gustave J;B101;PC 17755;0.5040431254904268;1;True;true_positive;0.5040431254904268;0.0040431254904268465
56;1;1;male;;35.5;0;0;S;Woolner, Mr. Hugh;C52;19947;0.3718355432686618;0;False;false_negative;0.6281644567313382;0.1281644567313382
268;1;3;male;25.0;7.775;1;0;S;Persson, Mr. Ernst Ulrik;;347083;0.0845059109245223;0;False;false_negative;0.9154940890754777;0.4154940890754777
505;1;1;female;16.0;86.5;0;0;S;Maioni, Miss. Roberta;B79;110152;0.662626994139061;1;True;true_positive;0.662626994139061;0.162626994139061
276;1;1;female;63.0;77.9583;1;0;S;Andrews, Miss. Kornelia Theodosia;D7;13502;0.9579157880137039;1;True;true_positive;0.9579157880137039;0.4579157880137039
849;0;2;male;28.0;33.0;0;1;S;Harper, Rev. John;;248727;0.27099321972128526;0;True;true_negative;0.7290067802787148;0.22900678027871474
800;0;3;female;30.0;24.15;1;1;S;Van Impe, Mrs. Jean Baptiste (Rosalie Paula Govaert);;345773;0.4807862620683367;0;True;true_negative;0.5192137379316633;0.01921373793166331
97;0;1;male;71.0;34.6542;0;0;C;Goldschmidt, Mr. George B;A5;PC 17754;0.37139250747876457;0;True;true_negative;0.6286074925212355;0.12860749252123543
463;0;1;male;47.0;38.5;0;0;S;Gee, Mr. Arthur H;E63;111320;0.37295734743811537;0;True;true_negative;0.6270426525618846;0.12704265256188463
503;0;3;female;;7.6292;0;0;Q;O'Sullivan, Miss. Bridget Mary;;330909;0.88412671590052;1;False;false_positive;0.88412671590052;0.38412671590052005
769;0;3;male;;24.15;1;0;Q;Moran, Mr. Daniel J;;371110;0.06591791537113058;0;True;true_negative;0.9340820846288694;0.43408208462886944
332;0;1;male;45.5;28.5;0;0;S;Partner, Mr. Austen;C124;113043;0.3539424231006162;0;True;true_negative;0.6460575768993838;0.1460575768993838
534;1;3;female;;22.3583;0;2;C;Peter, Mrs. Catherine (Catherine Rizk);;2668;0.5563136682715475;1;True;true_positive;0.5563136682715475;0.05631366827154749
804;1;3;male;0.42;8.5167;0;1;C;Thomas, Master. Assad Alexander;;2625;0.918231022937802;1;True;true_positive;0.918231022937802;0.418231022937802
679;0;3;female;43.0;46.9;1;6;S;Goodwin, Mrs. Frederick (Augusta Tyler);;CA 2144;0.18574857401006473;0;True;true_negative;0.8142514259899353;0.3142514259899353
420;0;3;female;10.0;24.15;0;2;S;Van Impe, Miss. Catharina;;345773;0.4767682665163933;0;True;true_negative;0.5232317334836067;0.023231733483606687
458;1;1;female;;51.8625;1;0;S;Kenyon, Mrs. Frederick R (Marion);D21;17464;0.662626994139061;1;True;true_positive;0.662626994139061;0.162626994139061
444;1;2;female;28.0;13.0;0;0;S;Reynaldo, Ms. Encarnacion;;230434;0.7606899628392806;1;True;true_positive;0.7606899628392806;0.2606899628392806
223;0;3;male;51.0;8.05;0;0;S;Green, Mr. George Henry;;21440;0.1381985527760961;0;True;true_negative;0.861801447223904;0.3618014472239039
41;0;3;female;40.0;9.475;1;0;S;Ahlin, Mrs. Johan (Johanna Persdotter Larsson);;7546;0.445254823614384;0;True;true_negative;0.5547451763856159;0.05474517638561599
640;0;3;male;;16.1;1;0;S;Thorneycroft, Mr. Percival;;376564;0.10543543636333748;0;True;true_negative;0.8945645636366625;0.39456456363666254
216;1;1;female;31.0;113.275;1;0;C;Newell, Miss. Madeleine;D36;35273;0.9753238358247626;1;True;true_positive;0.9753238358247626;0.47532383582476256
650;1;3;female;23.0;7.55;0;0;S;Stanley, Miss. Amy Zillah Elsie;;CA. 2314;0.7887561203848902;1;True;true_positive;0.7887561203848902;0.2887561203848902
527;1;2;female;50.0;10.5;0;0;S;Ridsdale, Miss. Lucy;;W./C. 14258;0.741782964791222;1;True;true_positive;0.741782964791222;0.24178296479122197
44;1;2;female;3.0;41.5792;1;2;C;Laroche, Miss. Simonne Marie Anne Andree;;SC/Paris 2123;0.8578783290233297;1;True;true_positive;0.8578783290233297;0.3578783290233297
442;0;3;male;20.0;9.5;0;0;S;Hampe, Mr. Leon;;345769;0.398936310590757;0;True;true_negative;0.6010636894092429;0.10106368940924298
24;1;1;male;28.0;35.5;0;0;S;Sloper, Mr. William Thompson;A6;113788;0.3684256769602953;0;False;false_negative;0.6315743230397046;0.13157432303970468
713;1;1;male;48.0;52.0;1;0;S;Taylor, Mr. Elmer Zebley;C126;19996;0.3257067046183754;0;False;false_negative;0.6742932953816245;0.17429329538162458
465;0;3;male;;8.05;0;0;S;Maisner, Mr. Simon;;A/S 2816;0.1081287619021637;0;True;true_negative;0.8918712380978363;0.3918712380978363
565;0;3;female;;8.05;0;0;S;Meanwell, Miss. (Marion Ogden);;SOTON/O.Q. 392087;0.4356596039954906;0;True;true_negative;0.5643403960045095;0.06434039600450941
584;0;1;male;36.0;40.125;0;0;C;Ross, Mr. John Hugo;A10;13049;0.4021377901905756;0;True;true_negative;0.5978622098094244;0.0978622098094244
845;0;3;male;17.0;8.6625;0;0;S;Culumovic, Mr. Jeso;;315090;0.08969945089089566;0;True;true_negative;0.9103005491091043;0.41030054910910435
865;0;2;male;24.0;13.0;0;0;S;Gill, Mr. John William;;233866;0.10369546702023827;0;True;true_negative;0.8963045329797618;0.39630453297976176
235;0;2;male;24.0;10.5;0;0;S;Leyson, Mr. Robert William Norman;;C.A. 29566;0.09546265558087903;0;True;true_negative;0.9045373444191209;0.404537344419121
656;0;2;male;24.0;73.5;2;0;S;Hickman, Mr. Leonard Mark;;S.O.C. 14879;0.09995158171639654;0;True;true_negative;0.9000484182836035;0.4000484182836035
389;0;3;male;;7.7292;0;0;Q;Sadlier, Mr. Matthew;;367655;0.07075979000572771;0;True;true_negative;0.9292402099942723;0.42924020999427226
391;1;1;male;36.0;120.0;1;2;S;Carter, Mr. William Ernest;B96 B98;113760;0.2231568529840908;0;False;false_negative;0.7768431470159092;0.2768431470159092
727;1;2;female;30.0;21.0;3;0;S;Renouf, Mrs. Peter Henry (Lillian Jefferys);;31027;0.7529696129262936;1;True;true_positive;0.7529696129262936;0.2529696129262936
478;0;3;male;29.0;7.0458;1;0;S;Braund, Mr. Lewis Richard;;3460;0.398936310590757;0;True;true_negative;0.6010636894092429;0.10106368940924298
203;0;3;male;34.0;6.4958;0;0;S;Johanson, Mr. Jakob Alfred;;3101264;0.08105961071972996;0;True;true_negative;0.91894038928027;0.41894038928027005
754;0;3;male;23.0;7.8958;0;0;S;Jonkoff, Mr. Lalio;;349204;0.0969876207956934;0;True;true_negative;0.9030123792043065;0.4030123792043066
307;1;1;female;;110.8833;0;0;C;Fleming, Miss. Margaret;;17421;0.9397687847169518;1;True;true_positive;0.9397687847169518;0.4397687847169518
373;0;3;male;19.0;8.05;0;0;S;Beavan, Mr. William Thomas;;323951;0.0803082181500799;0;True;true_negative;0.9196917818499201;0.4196917818499201
509;0;3;male;28.0;22.525;0;0;S;Olsen, Mr. Henry Margido;;C 4001;0.11704260060482373;0;True;true_negative;0.8829573993951763;0.38295739939517626
574;1;3;female;;7.75;0;0;Q;Kelly, Miss. Mary;;14312;0.6299424140414251;1;True;true_positive;0.6299424140414251;0.12994241404142515
706;0;2;male;39.0;26.0;0;0;S;"Morley, Mr. Henry Samuel (""Mr Henry Marshall"")";;250655;0.4148194813268971;0;True;true_negative;0.585180518673103;0.08518051867310289
32;1;1;female;;146.5208;1;0;C;Spencer, Mrs. William Augustus (Marie Eugenie);B78;PC 17569;0.9814095432355914;1;True;true_positive;0.9814095432355914;0.4814095432355914
748;1;2;female;30.0;13.0;0;0;S;Sinkkonen, Miss. Anna;;250648;0.7860901534565711;1;True;true_positive;0.7860901534565711;0.2860901534565711
807;0;1;male;39.0;0.0;0;0;S;Andrews, Mr. Thomas Jr;A36;112050;0.10716924459331724;0;True;true_negative;0.8928307554066828;0.3928307554066828
765;0;3;male;16.0;7.775;0;0;S;Eklund, Mr. Hans Linus;;347074;0.398936310590757;0;True;true_negative;0.6010636894092429;0.10106368940924298
100;0;2;male;34.0;26.0;1;0;S;Kantor, Mr. Sinai;;244367;0.18621511094969304;0;True;true_negative;0.813784889050307;0.313784889050307
328;1;2;female;36.0;13.0;0;0;S;Ball, Mrs. (Ada E Hall);D;28551;0.9032235975477153;1;True;true_positive;0.9032235975477153;0.4032235975477153
725;1;1;male;27.0;53.1;1;0;S;Chambers, Mr. Norman Campbell;E8;113806;0.4361300647479534;0;False;false_negative;0.5638699352520467;0.0638699352520466
9;1;3;female;27.0;11.1333;0;2;S;Johnson, Mrs. Oscar W (Elisabeth Vilhelmina Berg);;347742;0.44793738546398165;0;False;false_negative;0.5520626145360183;0.05206261453601835
633;1;1;male;32.0;30.5;0;0;C;Stahelin-Maeglin, Dr. Max;B50;13214;0.5223408493105933;1;True;true_positive;0.5223408493105933;0.022340849310593325
459;1;2;female;50.0;10.5;0;0;S;Toomey, Miss. Ellen;;F.C.C. 13531;0.5570044711695237;1;True;true_positive;0.5570044711695237;0.057004471169523674
698;1;3;female;;7.7333;0;0;Q;"Mullens, Miss. Katherine ""Katie""";;35852;0.632938970067695;1;True;true_positive;0.632938970067695;0.13293897006769495
825;0;3;male;2.0;39.6875;4;1;S;Panula, Master. Urho Abraham;;3101295;0.08178457459341215;0;True;true_negative;0.9182154254065878;0.41821542540658785
327;0;3;male;61.0;6.2375;0;0;S;Nysveen, Mr. Johan Hansen;;345364;0.07823198640378422;0;True;true_negative;0.9217680135962157;0.4217680135962158
115;0;3;female;17.0;14.4583;0;0;C;Attalah, Miss. Malake;;2627;0.5247167191106853;1;False;false_positive;0.5247167191106853;0.024716719110685292
492;0;3;male;21.0;7.25;0;0;S;Windelov, Mr. Einar;;SOTON/OQ 3101317;0.398936310590757;0;True;true_negative;0.6010636894092429;0.10106368940924298
172;0;3;male;4.0;29.125;4;1;Q;Rice, Master. Arthur;;382652;0.09424722446932382;0;True;true_negative;0.9057527755306762;0.4057527755306762
603;0;1;male;;42.4;0;0;S;Harrington, Mr. Charles H;;113796;0.1827922347340402;0;True;true_negative;0.8172077652659598;0.31720776526595984
303;0;3;male;19.0;0.0;0;0;S;Johnson, Mr. William Cahoone Jr;;LINE;0.1273858073484906;0;True;true_negative;0.8726141926515094;0.3726141926515094
426;0;3;male;;7.25;0;0;S;Wiseman, Mr. Phillippe;;A/4. 34244;0.12928456473328967;0;True;true_negative;0.8707154352667104;0.37071543526671036
440;0;2;male;31.0;10.5;0;0;S;Kvillner, Mr. Johan Henrik Johannesson;;C.A. 18723;0.11767871409613517;0;True;true_negative;0.8823212859038648;0.3823212859038648
677;0;3;male;24.5;8.05;0;0;S;Sawyer, Mr. Frederick Charles;;342826;0.09549598360532176;0;True;true_negative;0.9045040163946783;0.40450401639467826
795;0;3;male;25.0;7.8958;0;0;S;Dantcheff, Mr. Ristiu;;349203;0.13232080830726972;0;True;true_negative;0.8676791916927302;0.3676791916927303
658;0;3;female;32.0;15.5;1;1;Q;Bourke, Mrs. John (Catherine);;364849;0.7130654878394063;1;False;false_positive;0.7130654878394063;0.21306548783940626
547;1;2;female;19.0;26.0;1;0;S;Beane, Mrs. Edward (Ethel Clarke);;2908;0.9068393316026355;1;True;true_positive;0.9068393316026355;0.4068393316026355
838;0;3;male;;8.05;0;0;S;Sirota, Mr. Maurice;;392092;0.13428180508108506;0;True;true_negative;0.865718194918915;0.36571819491891494
597;1;2;female;;33.0;0;0;S;Leitch, Miss. Jessie Wills;;248727;0.8982371593262236;1;True;true_positive;0.8982371593262236;0.3982371593262236
365;0;3;male;;15.5;1;0;Q;O'Brien, Mr. Thomas;;370365;0.08317831365270481;0;True;true_negative;0.9168216863472952;0.4168216863472952
792;0;2;male;16.0;26.0;0;0;S;Gaskell, Mr. Alfred;;239865;0.23252654793589123;0;True;true_negative;0.7674734520641088;0.2674734520641088
712;0;1;male;;26.55;0;0;S;Klaber, Mr. Herman;C124;113028;0.4864802607303407;0;True;true_negative;0.5135197392696593;0.013519739269659325
605;1;1;male;35.0;26.55;0;0;C;"Homer, Mr. Harry (""Mr E Haven"")";;111426;0.21764142993400293;0;False;false_negative;0.7823585700659971;0.28235857006599707
854;1;1;female;16.0;39.4;0;1;S;Lines, Miss. Mary Conover;D28;PC 17592;0.9919241728730619;1;True;true_positive;0.9919241728730619;0.4919241728730619
864;0;3;female;;69.55;8;2;S;"Sage, Miss. Dorothy Edith ""Dolly""";;CA. 2343;0.44495799923622703;0;True;true_negative;0.555042000763773;0.05504200076377297
141;0;3;female;;15.2458;0;2;C;Boulos, Mrs. Joseph (Sultana);;2678;0.5247167191106853;1;False;false_positive;0.5247167191106853;0.024716719110685292
13;0;3;male;20.0;8.05;0;0;S;Saundercock, Mr. William Henry;;A/5. 2151;0.0712969063604363;0;True;true_negative;0.9287030936395637;0.4287030936395637
273;1;2;female;41.0;19.5;0;1;S;Mellinger, Mrs. (Elizabeth Anne Maidment);;250644;0.5570044711695237;1;True;true_positive;0.5570044711695237;0.057004471169523674
210;1;1;male;40.0;31.0;0;0;C;Blank, Mr. Henry;A31;112277;0.4864802607303407;0;False;false_negative;0.5135197392696593;0.013519739269659325
277;0;3;female;45.0;7.75;0;0;S;Lindblom, Miss. Augusta Charlotta;;347073;0.42755605542185604;0;True;true_negative;0.572443944578144;0.07244394457814396
855;0;2;female;44.0;26.0;1;0;S;Carter, Mrs. Ernest Courtenay (Lilian Hughes);;244252;0.5990947102250508;1;False;false_positive;0.5990947102250508;0.09909471022505079
38;0;3;male;21.0;8.05;0;0;S;Cann, Mr. Ernest Charles;;A./5. 2152;0.398936310590757;0;True;true_negative;0.6010636894092429;0.10106368940924298
569;0;3;male;;7.2292;0;0;C;Doharr, Mr. Tannous;;2686;0.398936310590757;0;True;true_negative;0.6010636894092429;0.10106368940924298
247;0;3;female;25.0;7.775;0;0;S;Lindahl, Miss. Agda Thorilda Viktoria;;347071;0.7800462745101073;1;False;false_positive;0.7800462745101073;0.28004627451010733
513;1;1;male;36.0;26.2875;0;0;S;McGough, Mr. James Robert;E25;PC 17473;0.5387486544882102;1;True;true_positive;0.5387486544882102;0.03874865448821019
545;0;1;male;50.0;106.425;1;0;C;Douglas, Mr. Walter Donald;C86;PC 17761;0.11623174581155488;0;True;true_negative;0.8837682541884451;0.3837682541884451
207;0;3;male;32.0;15.85;1;0;S;Backstrom, Mr. Karl Alfred;;3101278;0.15921542531964478;0;True;true_negative;0.8407845746803553;0.3407845746803552
400;1;2;female;28.0;12.65;0;0;S;Trout, Mrs. William H (Jessie L);;240929;0.8506951698877268;1;True;true_positive;0.8506951698877268;0.35069516988772675
238;1;2;female;8.0;26.25;0;2;S;"Collyer, Miss. Marjorie ""Lottie""";;C.A. 31921;0.8718814090734759;1;True;true_positive;0.8718814090734759;0.3718814090734759
788;0;3;male;8.0;29.125;4;1;Q;Rice, Master. George Hugh;;382652;0.15700980857806546;0;True;true_negative;0.8429901914219345;0.34299019142193454
566;0;3;male;24.0;24.15;2;0;S;Davies, Mr. Alfred J;;A/4 48871;0.10225988104086048;0;True;true_negative;0.8977401189591395;0.3977401189591395
808;0;3;female;18.0;7.775;0;0;S;Pettersson, Miss. Ellen Natalia;;347087;0.5260839512022032;1;False;false_positive;0.5260839512022032;0.026083951202203193
197;0;3;male;;7.75;0;0;Q;Mernagh, Mr. Robert;;368703;0.11958913880474145;0;True;true_negative;0.8804108611952586;0.3804108611952586
237;0;2;male;44.0;26.0;1;0;S;Hold, Mr. Stephen;;26707;0.0768742764050857;0;True;true_negative;0.9231257235949143;0.4231257235949143
869;0;3;male;;9.5;0;0;S;van Melkebeke, Mr. Philemon;;345777;0.10662470818807775;0;True;true_negative;0.8933752918119222;0.39337529181192227
718;1;2;female;27.0;10.5;0;0;S;"Troutt, Miss. Edwina Celia ""Winnie""";E101;34218;0.7820892558719855;1;True;true_positive;0.7820892558719855;0.2820892558719855
438;1;2;female;24.0;18.75;2;3;S;Richards, Mrs. Sidney (Emily Hocking);;29106;0.8151863193950231;1;True;true_positive;0.8151863193950231;0.31518631939502306
472;0;3;male;38.0;8.6625;0;0;S;Cacic, Mr. Luka;;315089;0.18158909350998373;0;True;true_negative;0.8184109064900162;0.31841090649001624
151;0;2;male;51.0;12.525;0;0;S;Bateman, Rev. Robert James;;S.O.P. 1166;0.13225228926846277;0;True;true_negative;0.8677477107315372;0.3677477107315372
437;0;3;female;21.0;34.375;2;2;S;"Ford, Miss. Doolina Margaret ""Daisy""";;W./C. 6608;0.1413762109938924;0;True;true_negative;0.8586237890061076;0.3586237890061076
542;0;3;female;9.0;31.275;4;2;S;Andersson, Miss. Ingeborg Constanzia;;347082;0.11456033115177024;0;True;true_negative;0.8854396688482298;0.3854396688482298
761;0;3;male;;14.5;0;0;S;Garfirth, Mr. John;;358585;0.11344202977805411;0;True;true_negative;0.8865579702219459;0.3865579702219459
165;0;3;male;1.0;39.6875;4;1;S;Panula, Master. Eino Viljami;;3101295;0.4142943583349456;0;True;true_negative;0.5857056416650543;0.0857056416650544
481;0;3;male;9.0;46.9;5;2;S;Goodwin, Master. Harold Victor;;CA 2144;0.08723974640492613;0;True;true_negative;0.9127602535950738;0.41276025359507384
250;0;2;male;54.0;26.0;1;0;S;Carter, Rev. Ernest Courtenay;;244252;0.41281562730828764;0;True;true_negative;0.5871843726917123;0.08718437269171236
814;0;3;female;6.0;31.275;4;2;S;Andersson, Miss. Ebba Iris Alfrida;;347082;0.1529371239741218;0;True;true_negative;0.8470628760258783;0.3470628760258782
690;1;1;female;15.0;211.3375;0;1;S;Madill, Miss. Georgette Alexandra;B5;24160;0.9583122178356109;1;True;true_positive;0.9583122178356109;0.45831221783561094
149;0;2;male;36.5;26.0;0;2;S;"Navratil, Mr. Michel (""Louis M Hoffman"")";F2;230080;0.40025318492362555;0;True;true_negative;0.5997468150763745;0.09974681507637445
868;0;1;male;31.0;50.4958;0;0;S;Roebling, Mr. Washington Augustus II;A24;PC 17590;0.6248142335054653;1;False;false_positive;0.6248142335054653;0.12481423350546528
479;0;3;male;22.0;7.5208;0;0;S;Karlsson, Mr. Nils August;;350060;0.14420387573451296;0;True;true_negative;0.855796124265487;0.355796124265487
680;1;1;male;36.0;512.3292;0;1;C;Cardeza, Mr. Thomas Drake Martinez;B51 B53 B55;PC 17755;0.5253830512370304;1;True;true_positive;0.5253830512370304;0.02538305123703044
351;0;3;male;23.0;9.225;0;0;S;Odahl, Mr. Nils Martin;;7267;0.056706641610103935;0;True;true_negative;0.943293358389896;0.4432933583898961
500;0;3;male;24.0;7.7958;0;0;S;Svensson, Mr. Olof;;350035;0.08639986312636193;0;True;true_negative;0.9136001368736381;0.41360013687363806
525;0;3;male;;7.2292;0;0;C;Kassem, Mr. Fared;;2700;0.15489707859593135;0;True;true_negative;0.8451029214040686;0.3451029214040686
346;1;2;female;24.0;13.0;0;0;S;"Brown, Miss. Amelia ""Mildred""";F33;248733;0.6423307152923972;1;True;true_positive;0.6423307152923972;0.14233071529239716
168;0;3;female;45.0;27.9;1;4;S;Skoog, Mrs. William (Anna Bernhardina Karlsson);;347088;0.10727215139483985;0;True;true_negative;0.8927278486051602;0.39272784860516013
621;0;3;male;27.0;14.4542;1;0;C;Yasbeck, Mr. Antoni;;2659;0.08810679971390005;0;True;true_negative;0.9118932002861;0.41189320028609994
598;0;3;male;49.0;0.0;0;0;S;Johnson, Mr. Alfred;;LINE;0.06043078599209189;0;True;true_negative;0.9395692140079082;0.4395692140079081
291;1;1;female;26.0;78.85;0;0;S;"Barber, Miss. Ellen ""Nellie""";;19877;0.9679966238229173;1;True;true_positive;0.9679966238229173;0.4679966238229173
233;0;2;male;59.0;13.5;0;0;S;Sjostedt, Mr. Ernst Adolf;;237442;0.17348998081684053;0;True;true_negative;0.8265100191831595;0.3265100191831595
380;0;3;male;19.0;7.775;0;0;S;Gustafsson, Mr. Karl Gideon;;347069;0.1001756703162876;0;True;true_negative;0.8998243296837124;0.3998243296837124
381;1;1;female;42.0;227.525;0;0;C;Bidois, Miss. Rosalie;;PC 17757;0.5990947102250508;1;True;true_positive;0.5990947102250508;0.09909471022505079
624;0;3;male;21.0;7.8542;0;0;S;Hansen, Mr. Henry Damsgaard;;350029;0.1410100972427889;0;True;true_negative;0.8589899027572111;0.3589899027572111
590;0;3;male;;8.05;0;0;S;Murdlin, Mr. Joseph;;A./5. 3235;0.13428180508108506;0;True;true_negative;0.865718194918915;0.36571819491891494
50;0;3;female;18.0;17.8;1;0;S;Arnold-Franchi, Mrs. Josef (Josefine Franchi);;349237;0.4839355012284811;0;True;true_negative;0.5160644987715188;0.016064498771518887
246;0;1;male;44.0;90.0;2;0;Q;Minahan, Dr. William Edward;C78;19928;0.5652396232491489;1;False;false_positive;0.5652396232491489;0.06523962324914889
729;0;2;male;25.0;26.0;1;0;S;Bryhl, Mr. Kurt Arnold Gottfrid;;236853;0.17925008391350367;0;True;true_negative;0.8207499160864964;0.32074991608649633
29;1;3;female;;7.8792;0;0;Q;"O'Dwyer, Miss. Ellen ""Nellie""";;330959;0.6447347190570628;1;True;true_positive;0.6447347190570628;0.1447347190570628
274;0;1;male;37.0;29.7;0;1;C;Natsch, Mr. Charles H;C118;PC 17596;0.599551626430464;1;False;false_positive;0.599551626430464;0.099551626430464
490;1;3;male;9.0;15.9;1;1;S;"Coutts, Master. Eden Leslie ""Neville""";;C.A. 37671;0.5024777141693745;1;True;true_positive;0.5024777141693745;0.0024777141693744786
591;0;3;male;35.0;7.125;0;0;S;Rintamaki, Mr. Matti;;STON/O 2. 3101273;0.07608229426972074;0;True;true_negative;0.9239177057302792;0.42391770573027926
109;0;3;male;38.0;7.8958;0;0;S;Rekic, Mr. Tido;;349249;0.09799363237995845;0;True;true_negative;0.9020063676200416;0.40200636762004155
361;0;3;male;40.0;27.9;1;4;S;Skoog, Mr. Wilhelm;;347088;0.3876906399956507;0;True;true_negative;0.6123093600043493;0.11230936000434932
218;0;2;male;42.0;27.0;1;0;S;Jacobsohn, Mr. Sidney Samuel;;243847;0.18898737595259069;0;True;true_negative;0.8110126240474094;0.3110126240474093
790;0;1;male;46.0;79.2;0;0;C;Guggenheim, Mr. Benjamin;B82 B84;PC 17593;0.29260726620781313;0;True;true_negative;0.7073927337921868;0.20739273379218687
508;1;1;male;;26.55;0;0;S;"Bradley, Mr. George (""George Arthur Brayton"")";;111427;0.2416562380245306;0;False;false_negative;0.7583437619754694;0.2583437619754694
568;0;3;female;29.0;21.075;0;4;S;Palsson, Mrs. Nils (Alma Cornelia Berglund);;349909;0.2032461325986436;0;True;true_negative;0.7967538674013563;0.2967538674013564
7;0;1;male;54.0;51.8625;0;0;S;McCarthy, Mr. Timothy J;E46;17463;0.4460113733841144;0;True;true_negative;0.5539886266158855;0.053988626615885604
304;1;2;female;;12.35;0;0;Q;Keane, Miss. Nora A;E101;226593;0.9199540327792702;1;True;true_positive;0.9199540327792702;0.41995403277927024
85;1;2;female;17.0;10.5;0;0;S;Ilett, Miss. Bertha;;SO/C 14885;0.8315786032972466;1;True;true_positive;0.8315786032972466;0.33157860329724664
681;0;3;female;;8.1375;0;0;Q;Peters, Miss. Katie;;330935;0.7476424253803939;1;False;false_positive;0.7476424253803939;0.24764242538039394
519;1;2;female;36.0;26.0;1;0;S;"Angle, Mrs. William A (Florence ""Mary"" Agnes Hughes)";;226875;0.5990947102250508;1;True;true_positive;0.5990947102250508;0.09909471022505079
258;1;1;female;30.0;86.5;0;0;S;Cherry, Miss. Gladys;B77;110152;0.662626994139061;1;True;true_positive;0.662626994139061;0.162626994139061
728;1;3;female;;7.7375;0;0;Q;Mannion, Miss. Margareth;;36866;0.8255672549093607;1;True;true_positive;0.8255672549093607;0.32556725490936067
614;0;3;male;;7.75;0;0;Q;Horgan, Mr. John;;370377;0.04392348265862032;0;True;true_negative;0.9560765173413797;0.45607651734137966
138;0;1;male;37.0;53.1;1;0;S;Futrelle, Mr. Jacques Heath;C123;113803;0.3691482367130722;0;True;true_negative;0.6308517632869278;0.13085176328692782
153;0;3;male;55.5;8.05;0;0;S;Meo, Mr. Alfonzo;;A.5. 11206;0.3969571355890609;0;True;true_negative;0.6030428644109391;0.10304286441093907
777;0;3;male;;7.75;0;0;Q;Tobin, Mr. Roger;F38;383121;0.05479417577099287;0;True;true_negative;0.9452058242290071;0.4452058242290071
8;0;3;male;2.0;21.075;3;1;S;Palsson, Master. Gosta Leonard;;349909;0.1917471020160005;0;True;true_negative;0.8082528979839995;0.30825289798399946
884;0;2;male;28.0;10.5;0;0;S;Banfield, Mr. Frederick James;;C.A./SOTON 34068;0.08701618934759846;0;True;true_negative;0.9129838106524015;0.41298381065240153
395;1;3;female;24.0;16.7;0;2;S;Sandstrom, Mrs. Hjalmar (Agnes Charlotta Bengtsson);G6;PP 9549;0.5795750880081849;1;True;true_positive;0.5795750880081849;0.07957508800818491
305;0;3;male;;8.05;0;0;S;"Williams, Mr. Howard Hugh ""Harry""";;A/5 2466;0.13428180508108506;0;True;true_negative;0.865718194918915;0.36571819491891494
316;1;3;female;26.0;7.8542;0;0;S;Nilsson, Miss. Helmina Josefina;;347470;0.5247167191106853;1;True;true_positive;0.5247167191106853;0.024716719110685292
581;1;2;female;25.0;30.0;1;1;S;Christy, Miss. Julie Rachel;;237789;0.8930787271074693;1;True;true_positive;0.8930787271074693;0.3930787271074693
272;1;3;male;25.0;0.0;0;0;S;Tornquist, Mr. William Henry;;LINE;0.1273858073484906;0;False;false_negative;0.8726141926515094;0.3726141926515094
833;0;3;male;;7.2292;0;0;C;Saad, Mr. Amin;;2671;0.398936310590757;0;True;true_negative;0.6010636894092429;0.10106368940924298
670;1;1;female;;52.0;1;0;S;Taylor, Mrs. Elmer Zebley (Juliet Cummins Wright);C126;19996;0.662626994139061;1;True;true_positive;0.662626994139061;0.162626994139061
735;0;2;male;23.0;13.0;0;0;S;Troupiansky, Mr. Moses Aaron;;233639;0.09279630383566131;0;True;true_negative;0.9072036961643387;0.4072036961643387
875;1;2;female;28.0;24.0;1;0;C;Abelson, Mrs. Samuel (Hannah Wizosky);;P/PP 3381;0.896463992406162;1;True;true_positive;0.896463992406162;0.39646399240616204
464;0;2;male;48.0;13.0;0;0;S;Milling, Mr. Jacob Christian;;234360;0.10428774606258435;0;True;true_negative;0.8957122539374156;0.39571225393741566
288;0;3;male;22.0;7.8958;0;0;S;Naidenoff, Mr. Penko;;349206;0.06907799255142293;0;True;true_negative;0.9309220074485771;0.43092200744857706
91;0;3;male;29.0;8.05;0;0;S;Christmann, Mr. Emil;;343276;0.1081287619021637;0;True;true_negative;0.8918712380978363;0.3918712380978363
376;1;1;female;;82.1708;1;0;C;Meyer, Mrs. Edgar Joseph (Leila Saks);;PC 17604;0.5990947102250508;1;True;true_positive;0.5990947102250508;0.09909471022505079
397;0;3;female;31.0;7.8542;0;0;S;Olsson, Miss. Elina;;350407;0.7620352718341448;1;False;false_positive;0.7620352718341448;0.26203527183414477
103;0;1;male;21.0;77.2875;0;1;S;White, Mr. Richard Frasar;D26;35281;0.4581674024544794;0;True;true_negative;0.5418325975455206;0.0418325975455206
82;1;3;male;29.0;9.5;0;0;S;Sheerlinck, Mr. Jan Baptist;;345779;0.1081287619021637;0;False;false_negative;0.8918712380978363;0.3918712380978363
637;0;3;male;32.0;7.925;0;0;S;Leinonen, Mr. Antti Gustaf;;STON/O 2. 3101292;0.398936310590757;0;True;true_negative;0.6010636894092429;0.10106368940924298
225;1;1;male;38.0;90.0;1;0;S;Hoyt, Mr. Frederick Maxfield;C93;19943;0.3445714525298175;0;False;false_negative;0.6554285474701824;0.15542854747018248
523;0;3;male;;7.225;0;0;C;Lahoud, Mr. Sarkis;;2624;0.07085870725835239;0;True;true_negative;0.9291412927416476;0.4291412927416476
200;0;2;female;24.0;13.0;0;0;S;"Yrois, Miss. Henriette (""Mrs Harbeck"")";;248747;0.5570044711695237;1;False;false_positive;0.5570044711695237;0.057004471169523674
285;0;1;male;;26.0;0;0;S;Smith, Mr. Richard William;A19;113056;0.36396301273834125;0;True;true_negative;0.6360369872616587;0.13603698726165875
139;0;3;male;16.0;9.2167;0;0;S;Osen, Mr. Olaf Elon;;7534;0.09662427753099216;0;True;true_negative;0.9033757224690079;0.4033757224690078
271;0;1;male;;31.0;0;0;S;Cairns, Mr. Alexander;;113798;0.4148194813268971;0;True;true_negative;0.585180518673103;0.08518051867310289
113;0;3;male;22.0;8.05;0;0;S;Barton, Mr. David John;;324669;0.13232080830726972;0;True;true_negative;0.8676791916927302;0.3676791916927303
721;1;2;female;6.0;33.0;0;1;S;"Harper, Miss. Annie Jessie ""Nina""";;248727;0.8340470697827729;1;True;true_positive;0.8340470697827729;0.3340470697827729
181;0;3;female;;69.55;8;2;S;Sage, Miss. Constance Gladys;;CA. 2343;0.15351360220373722;0;True;true_negative;0.8464863977962628;0.3464863977962628
636;1;2;female;28.0;13.0;0;0;S;Davis, Miss. Mary;;237668;0.8042801369293815;1;True;true_positive;0.8042801369293815;0.3042801369293815
862;0;2;male;21.0;11.5;1;0;S;Giles, Mr. Frederick Edward;;28134;0.08124404120109621;0;True;true_negative;0.9187559587989038;0.4187559587989038
412;0;3;male;;6.8583;0;0;Q;Hart, Mr. Henry;;394140;0.1211634525070609;0;True;true_negative;0.8788365474929392;0.3788365474929391
18;1;2;male;;13.0;0;0;S;Williams, Mr. Charles Eugene;;244373;0.10528371131729572;0;False;false_negative;0.8947162886827043;0.39471628868270425
222;0;2;male;27.0;13.0;0;0;S;Bracken, Mr. James H;;220367;0.0568878443791531;0;True;true_negative;0.9431121556208469;0.4431121556208469
170;0;3;male;28.0;56.4958;0;0;S;Ling, Mr. Lee;;1601;0.4870460549271705;0;True;true_negative;0.5129539450728295;0.012953945072829487
234;1;3;female;5.0;31.3875;4;2;S;Asplund, Miss. Lillian Gertrud;;347077;0.11339104515561313;0;False;false_negative;0.8866089548443868;0.38660895484438684
434;0;3;male;17.0;7.125;0;0;S;Kallio, Mr. Nikolai Erland;;STON/O 2. 3101274;0.398936310590757;0;True;true_negative;0.6010636894092429;0.10106368940924298
847;0;3;male;;69.55;8;2;S;Sage, Mr. Douglas Bullen;;CA. 2343;0.07024054165627946;0;True;true_negative;0.9297594583437205;0.42975945834372054
711;1;1;female;24.0;49.5042;0;0;C;"Mayne, Mlle. Berthe Antonine (""Mrs de Villiers"")";C90;PC 17482;0.9836215500809177;1;True;true_positive;0.9836215500809177;0.4836215500809177
325;0;3;male;;69.55;8;2;S;Sage, Mr. George John Jr;;CA. 2343;0.03132555301539597;0;True;true_negative;0.968674446984604;0.46867444698460403
526;0;3;male;40.5;7.75;0;0;Q;Farrell, Mr. James;;367232;0.09310852482846366;0;True;true_negative;0.9068914751715363;0.40689147517153634
78;0;3;male;;8.05;0;0;S;Moutal, Mr. Rahamin Haim;;374746;0.13428180508108506;0;True;true_negative;0.865718194918915;0.36571819491891494
642;1;1;female;24.0;69.3;0;0;C;Sagesser, Mlle. Emma;B35;PC 17477;0.662626994139061;1;True;true_positive;0.662626994139061;0.162626994139061
348;1;3;female;;16.1;1;0;S;Davison, Mrs. Thomas Henry (Mary E Finck);;386525;0.42778416069156644;0;False;false_negative;0.5722158393084336;0.07221583930843356
758;0;2;male;18.0;11.5;0;0;S;Bailey, Mr. Percy Andrew;;29108;0.08720020613237113;0;True;true_negative;0.9127997938676289;0.4127997938676289
374;0;1;male;22.0;135.6333;0;0;C;Ringhini, Mr. Sante;;PC 17760;0.4148194813268971;0;True;true_negative;0.585180518673103;0.08518051867310289
124;1;2;female;32.5;13.0;0;0;S;Webber, Miss. Susan;E101;27267;0.864292750453788;1;True;true_positive;0.864292750453788;0.36429275045378795
473;1;2;female;33.0;27.75;1;2;S;West, Mrs. Edwy Arthur (Ada Mary Worth);;C.A. 34651;0.5990947102250508;1;True;true_positive;0.5990947102250508;0.09909471022505079
204;0;3;male;45.5;7.225;0;0;C;Youseff, Mr. Gerious;;2628;0.015102881832698634;0;True;true_negative;0.9848971181673014;0.48489711816730136
231;1;1;female;35.0;83.475;1;0;S;Harris, Mrs. Henry Birkhardt (Irene Wallach);C83;36973;0.9657852117117532;1;True;true_positive;0.9657852117117532;0.46578521171175324
47;0;3;male;;15.5;1;0;Q;Lennon, Mr. Denis;;370371;0.034864593202217437;0;True;true_negative;0.9651354067977825;0.46513540679778254
692;1;3;female;4.0;13.4167;0;1;C;Karun, Miss. Manca;;349256;0.7201895405293133;1;True;true_positive;0.7201895405293133;0.22018954052931328
647;0;3;male;19.0;7.8958;0;0;S;Cor, Mr. Liudevit;;349231;0.398936310590757;0;True;true_negative;0.6010636894092429;0.10106368940924298
696;0;2;male;52.0;13.5;0;0;S;Chapman, Mr. Charles Henry;;248731;0.08142870148371988;0;True;true_negative;0.9185712985162802;0.4185712985162801
857;1;1;female;45.0;164.8667;1;1;S;Wick, Mrs. George Dennick (Mary Hitchcock);;36928;0.9583846201367351;1;True;true_positive;0.9583846201367351;0.4583846201367351
720;0;3;male;33.0;7.775;0;0;S;Johnson, Mr. Malkolm Joackim;;347062;0.398936310590757;0;True;true_negative;0.6010636894092429;0.10106368940924298
429;0;3;male;;7.75;0;0;Q;Flynn, Mr. James;;364851;0.11958913880474145;0;True;true_negative;0.8804108611952586;0.3804108611952586
461;1;1;male;48.0;26.55;0;0;S;Anderson, Mr. Harry;E12;19952;0.2798345746694086;0;False;false_negative;0.7201654253305914;0.2201654253305914
820;0;3;male;10.0;27.9;3;2;S;Skoog, Master. Karl Thorsten;;347088;0.09869445675131064;0;True;true_negative;0.9013055432486894;0.4013055432486894
311;1;1;female;24.0;83.1583;0;0;C;Hays, Miss. Margaret Bechstein;C54;11767;0.662626994139061;1;True;true_positive;0.662626994139061;0.162626994139061
760;1;1;female;33.0;86.5;0;0;S;Rothes, the Countess. of (Lucy Noel Martha Dyer-Edwards);B77;110152;0.662626994139061;1;True;true_positive;0.662626994139061;0.162626994139061
350;0;3;male;42.0;8.6625;0;0;S;Dimic, Mr. Jovan;;315088;0.11617032360499066;0;True;true_negative;0.8838296763950093;0.3838296763950093
445;1;3;male;;8.1125;0;0;S;Johannesen-Bratthammer, Mr. Bernt;;65306;0.1081287619021637;0;False;false_negative;0.8918712380978363;0.3918712380978363
136;0;2;male;23.0;15.0458;0;0;C;Richard, Mr. Emile;;SC/PARIS 2133;0.10419211360793723;0;True;true_negative;0.8958078863920628;0.39580788639206277
848;0;3;male;35.0;7.8958;0;0;C;Markoff, Mr. Marin;;349213;0.083530405973524;0;True;true_negative;0.916469594026476;0.416469594026476
66;1;3;male;;15.2458;1;1;C;Moubarek, Master. Gerios;;2661;0.5024777141693745;1;True;true_positive;0.5024777141693745;0.0024777141693744786
654;1;3;female;;7.8292;0;0;Q;"O'Leary, Miss. Hanora ""Norah""";;330919;0.6447347190570628;1;True;true_positive;0.6447347190570628;0.1447347190570628
750;0;3;male;31.0;7.75;0;0;Q;Connaghton, Mr. Michael;;335097;0.05026896995016278;0;True;true_negative;0.9497310300498372;0.4497310300498372
362;0;2;male;29.0;27.7208;1;0;C;del Carlo, Mr. Sebastiano;;SC/PARIS 2167;0.12732500496117038;0;True;true_negative;0.8726749950388296;0.3726749950388296
387;0;3;male;1.0;46.9;5;2;S;Goodwin, Master. Sidney Leonard;;CA 2144;0.13231347846951239;0;True;true_negative;0.8676865215304876;0.36768652153048764
122;0;3;male;;8.05;0;0;S;Moore, Mr. Leonard Charles;;A4. 54510;0.10427255737260524;0;True;true_negative;0.8957274426273948;0.3957274426273948
535;0;3;female;30.0;8.6625;0;0;S;Cacic, Miss. Marija;;315084;0.4948585835916528;0;True;true_negative;0.5051414164083472;0.005141416408347199
827;0;3;male;;56.4958;0;0;S;Lam, Mr. Len;;1601;0.5405229095629935;1;False;false_positive;0.5405229095629935;0.040522909562993537
685;0;2;male;60.0;39.0;1;1;S;Brown, Mr. Thomas William Solomon;;29750;0.41281562730828764;0;True;true_negative;0.5871843726917123;0.08718437269171236
347;1;2;female;40.0;13.0;0;0;S;Smith, Miss. Marion Elsie;;31418;0.5570044711695237;1;True;true_positive;0.5570044711695237;0.057004471169523674
889;0;3;female;;23.45;1;2;S;"Johnston, Miss. Catherine Helen ""Carrie""";;W./C. 6607;0.21878891130607983;0;True;true_negative;0.7812110886939202;0.2812110886939202
319;1;1;female;31.0;164.8667;0;2;S;Wick, Miss. Mary Natalie;C7;36928;0.9833728637242806;1;True;true_positive;0.9833728637242806;0.48337286372428057
252;0;3;female;29.0;10.4625;1;1;S;Strom, Mrs. Wilhelm (Elna Matilda Persson);G6;347054;0.8063850887358653;1;False;false_positive;0.8063850887358653;0.30638508873586534
301;1;3;female;;7.75;0;0;Q;"Kelly, Miss. Anna Katherine ""Annie Kate""";;9234;0.632938970067695;1;True;true_positive;0.632938970067695;0.13293897006769495
580;1;3;male;32.0;7.925;0;0;S;Jussila, Mr. Eiriik;;STON/O 2. 3101286;0.1147754953219788;0;False;false_negative;0.8852245046780212;0.3852245046780212
407;0;3;male;51.0;7.75;0;0;S;Widegren, Mr. Carl/Charles Peter;;347064;0.08799479598384442;0;True;true_negative;0.9120052040161556;0.4120052040161556
338;1;1;female;41.0;134.5;0;0;C;Burns, Miss. Elizabeth Margaret;E40;16966;0.9757013120774921;1;True;true_positive;0.9757013120774921;0.4757013120774921
717;1;1;female;38.0;227.525;0;0;C;Endres, Miss. Caroline Louise;C45;PC 17757;0.979034259633181;1;True;true_positive;0.979034259633181;0.479034259633181
298;0;1;female;2.0;151.55;1;2;S;Allison, Miss. Helen Loraine;C22 C26;113781;0.5234793668360792;1;False;false_positive;0.5234793668360792;0.023479366836079207
573;1;1;male;36.0;26.3875;0;0;S;"Flynn, Mr. John Irwin (""Irving"")";E25;PC 17474;0.45759137171883146;0;False;false_negative;0.5424086282811685;0.04240862828116854
51;0;3;male;7.0;39.6875;4;1;S;Panula, Master. Juha Niilo;;3101295;0.09013284543069502;0;True;true_negative;0.909867154569305;0.409867154569305
676;0;3;male;18.0;7.775;0;0;S;Edvardsson, Mr. Gustaf Hjalmar;;349912;0.07788354151689168;0;True;true_negative;0.9221164584831083;0.4221164584831083
571;1;2;male;62.0;10.5;0;0;S;Harris, Mr. George;;S.W./PP 752;0.06123885326720788;0;False;false_negative;0.9387611467327921;0.4387611467327921
756;1;2;male;0.67;14.5;1;1;S;Hamalainen, Master. Viljo;;250649;0.8087976112709179;1;True;true_positive;0.8087976112709179;0.30879761127091787
120;0;3;female;2.0;31.275;4;2;S;Andersson, Miss. Ellis Anna Maria;;347082;0.15978487822260423;0;True;true_negative;0.8402151217773958;0.34021512177739577
466;0;3;male;38.0;7.05;0;0;S;Goncalves, Mr. Manuel Estanslas;;SOTON/O.Q. 3101306;0.10090314283687109;0;True;true_negative;0.8990968571631289;0.3990968571631289
570;1;3;male;32.0;7.8542;0;0;S;Jonsson, Mr. Carl;;350417;0.398936310590757;0;False;false_negative;0.6010636894092429;0.10106368940924298
418;1;2;female;18.0;13.0;0;2;S;Silven, Miss. Lyyli Karoliina;;250652;0.7860154661729145;1;True;true_positive;0.7860154661729145;0.2860154661729145
17;0;3;male;2.0;29.125;4;1;Q;Rice, Master. Eugene;;382652;0.1860310549159545;0;True;true_negative;0.8139689450840455;0.3139689450840455
264;0;1;male;40.0;0.0;0;0;S;Harrison, Mr. William;B94;112059;0.20950254403003984;0;True;true_negative;0.7904974559699601;0.2904974559699601
64;0;3;male;4.0;27.9;3;2;S;Skoog, Master. Harald;;347088;0.12453244280109477;0;True;true_negative;0.8754675571989052;0.37546755719890523
448;1;1;male;34.0;26.55;0;0;S;Seward, Mr. Frederic Kimber;;113794;0.21170964268330855;0;False;false_negative;0.7882903573166915;0.28829035731669145
689;0;3;male;18.0;7.7958;0;0;S;Fischer, Mr. Eberhard Thelander;;350036;0.398936310590757;0;True;true_negative;0.6010636894092429;0.10106368940924298
877;0;3;male;20.0;9.8458;0;0;S;Gustafsson, Mr. Alfred Ossian;;7534;0.0632829644148039;0;True;true_negative;0.9367170355851961;0.4367170355851961
475;0;3;female;22.0;9.8375;0;0;S;Strandberg, Miss. Ida Sofia;;7553;0.5247167191106853;1;False;false_positive;0.5247167191106853;0.024716719110685292
840;1;1;male;;29.7;0;0;C;Marechal, Mr. Pierre;C47;11774;0.3696232057699109;0;False;false_negative;0.6303767942300891;0.13037679423008908
398;0;2;male;46.0;26.0;0;0;S;McKane, Mr. Peter David;;28403;0.10896466083543767;0;True;true_negative;0.8910353391645623;0.39103533916456235
114;0;3;female;20.0;9.825;1;0;S;Jussila, Miss. Katriina;;4136;0.5247167191106853;1;False;false_positive;0.5247167191106853;0.024716719110685292
83;1;3;female;;7.7875;0;0;Q;McDermott, Miss. Brigdet Delia;;330932;0.8840218802662787;1;True;true_positive;0.8840218802662787;0.3840218802662787
882;0;3;male;33.0;7.8958;0;0;S;Markun, Mr. Johann;;349257;0.398936310590757;0;True;true_negative;0.6010636894092429;0.10106368940924298
98;1;1;male;23.0;63.3583;0;1;C;Greenfield, Mr. William Bertram;D10 D12;PC 17759;0.5051434931738246;1;True;true_positive;0.5051434931738246;0.005143493173824565
469;0;3;male;;7.725;0;0;Q;Scanlan, Mr. James;;36209;0.398936310590757;0;True;true_negative;0.6010636894092429;0.10106368940924298
612;0;3;male;;7.05;0;0;S;Jardin, Mr. Jose Neto;;SOTON/O.Q. 3101305;0.08031743754300409;0;True;true_negative;0.9196825624569959;0.4196825624569959
549;0;3;male;33.0;20.525;1;1;S;Goldsmith, Mr. Frank John;;363291;0.12529634265223846;0;True;true_negative;0.8747036573477616;0.37470365734776157
773;0;2;female;57.0;10.5;0;0;S;Mack, Mrs. (Mary);E77;S.O./P.P. 3;0.6301092636785947;1;False;false_positive;0.6301092636785947;0.13010926367859466
678;1;3;female;18.0;9.8417;0;0;S;Turja, Miss. Anna Sofia;;4138;0.3670151335761813;0;False;false_negative;0.6329848664238187;0.13298486642381868
182;0;2;male;;15.05;0;0;C;Pernot, Mr. Rene;;SC/PARIS 2131;0.07959638463282376;0;True;true_negative;0.9204036153671762;0.42040361536717624
36;0;1;male;42.0;52.0;1;0;S;Holverson, Mr. Alexander Oskar;;113789;0.17866742766900773;0;True;true_negative;0.8213325723309923;0.32133257233099227
295;0;3;male;24.0;7.8958;0;0;S;Mineff, Mr. Ivan;;349233;0.398936310590757;0;True;true_negative;0.6010636894092429;0.10106368940924298
871;0;3;male;26.0;7.8958;0;0;S;Balkic, Mr. Cerin;;349248;0.398936310590757;0;True;true_negative;0.6010636894092429;0.10106368940924298
714;0;3;male;29.0;9.4833;0;0;S;Larsson, Mr. August Viktor;;7545;0.398936310590757;0;True;true_negative;0.6010636894092429;0.10106368940924298
148;0;3;female;9.0;34.375;2;2;S;"Ford, Miss. Robina Maggie ""Ruby""";;W./C. 6608;0.09575047996880474;0;True;true_negative;0.9042495200311953;0.40424952003119524
128;1;3;male;24.0;7.1417;0;0;S;Madsen, Mr. Fridtjof Arne;;C 17369;0.398936310590757;0;False;false_negative;0.6010636894092429;0.10106368940924298
502;0;3;female;21.0;7.75;0;0;Q;Canavan, Miss. Mary;;364846;0.8120118907109725;1;False;false_positive;0.8120118907109725;0.31201189071097246
191;1;2;female;32.0;13.0;0;0;S;Pinsky, Mrs. (Rosa);;234604;0.7943627050463336;1;True;true_positive;0.7943627050463336;0.29436270504633355
659;0;2;male;23.0;13.0;0;0;S;Eitemiller, Mr. George Floyd;;29751;0.10369546702023827;0;True;true_negative;0.8963045329797618;0.39630453297976176
283;0;3;male;16.0;9.5;0;0;S;de Pelsmaeker, Mr. Alfons;;345778;0.0616100955320698;0;True;true_negative;0.9383899044679302;0.4383899044679302
608;1;1;male;27.0;30.5;0;0;S;Daniel, Mr. Robert Williams;;113804;0.4148194813268971;0;False;false_negative;0.585180518673103;0.08518051867310289
375;0;3;female;3.0;21.075;3;1;S;Palsson, Miss. Stina Viola;;349909;0.22761579364604928;0;True;true_negative;0.7723842063539508;0.2723842063539507
384;1;1;female;35.0;52.0;1;0;S;Holverson, Mrs. Alexander Oskar (Mary Aline Towner);;113789;0.9738803350269789;1;True;true_positive;0.9738803350269789;0.4738803350269789
183;0;3;male;9.0;31.3875;4;2;S;Asplund, Master. Clarence Gustaf Hugo;;347077;0.07932055717671152;0;True;true_negative;0.9206794428232885;0.4206794428232885
75;1;3;male;32.0;56.4958;0;0;S;Bing, Mr. Lee;;1601;0.1827025738691626;0;False;false_negative;0.8172974261308374;0.3172974261308374
169;0;1;male;;25.925;0;0;S;Baumann, Mr. John D;;PC 17318;0.4148194813268971;0;True;true_negative;0.585180518673103;0.08518051867310289
390;1;2;female;17.0;12.0;0;0;C;Lehmann, Miss. Bertha;;SC 1748;0.5570044711695237;1;True;true_positive;0.5570044711695237;0.057004471169523674
67;1;2;female;29.0;10.5;0;0;S;Nye, Mrs. (Elizabeth Ramell);F33;C.A. 29395;0.8812383039724948;1;True;true_positive;0.8812383039724948;0.3812383039724948
766;1;1;female;51.0;77.9583;1;0;S;Hogeboom, Mrs. John C (Anna Andrews);D11;13502;0.662626994139061;1;True;true_positive;0.662626994139061;0.162626994139061
213;0;3;male;22.0;7.25;0;0;S;Perkin, Mr. John Henry;;A/5 21174;0.1273858073484906;0;True;true_negative;0.8726141926515094;0.3726141926515094
49;0;3;male;;21.6792;2;0;C;Samaan, Mr. Youssef;;2662;0.11997977798768955;0;True;true_negative;0.8800202220123104;0.38002022201231045
296;0;1;male;;27.7208;0;0;C;Lewy, Mr. Ervin G;;PC 17612;0.36613323717829055;0;True;true_negative;0.6338667628217094;0.13386676282170945
147;1;3;male;27.0;7.7958;0;0;S;"Andersson, Mr. August Edvard (""Wennerstrom"")";;350043;0.10502976361245629;0;False;false_negative;0.8949702363875437;0.3949702363875437
360;1;3;female;;7.8792;0;0;Q;"Mockler, Miss. Helen Mary ""Ellie""";;330980;0.6447347190570628;1;True;true_positive;0.6447347190570628;0.1447347190570628
322;0;3;male;27.0;7.8958;0;0;S;Danoff, Mr. Yoto;;349219;0.13232080830726972;0;True;true_negative;0.8676791916927302;0.3676791916927303
794;0;1;male;;30.6958;0;0;C;Hoyt, Mr. William Fisher;;PC 17600;0.24815509261463503;0;True;true_negative;0.751844907385365;0.25184490738536497
25;0;3;female;8.0;21.075;3;1;S;Palsson, Miss. Torborg Danira;;349909;0.11254463735370532;0;True;true_negative;0.8874553626462947;0.38745536264629465
736;0;3;male;28.5;16.1;0;0;S;Williams, Mr. Leslie;;54636;0.12719972212191147;0;True;true_negative;0.8728002778780886;0.37280027787808856
111;0;1;male;47.0;52.0;0;0;S;Porter, Mr. Walter Chamberlain;C110;110465;0.34332536885047266;0;True;true_negative;0.6566746311495273;0.15667463114952734
340;0;1;male;45.0;35.5;0;0;S;Blackwell, Mr. Stephen Weart;T;113784;0.3355927369343331;0;True;true_negative;0.6644072630656669;0.1644072630656669
539;0;3;male;;14.5;0;0;S;Risien, Mr. Samuel Beard;;364498;0.11832507214611852;0;True;true_negative;0.8816749278538815;0.38167492785388146
394;1;1;female;23.0;113.275;1;0;C;Newell, Miss. Marjorie;D36;35273;0.9958764114714276;1;True;true_positive;0.9958764114714276;0.4958764114714276
443;0;3;male;25.0;7.775;1;0;S;Petterson, Mr. Johan Emil;;347076;0.10754653495528942;0;True;true_negative;0.8924534650447106;0.39245346504471057
416;0;3;female;;8.05;0;0;S;Meek, Mrs. Thomas (Annie Louise Rowley);;343095;0.5506414683203333;1;False;false_positive;0.5506414683203333;0.05064146832033334
364;0;3;male;35.0;7.05;0;0;S;Asim, Mr. Adola;;SOTON/O.Q. 3101310;0.08105961071972996;0;True;true_negative;0.91894038928027;0.41894038928027005
392;1;3;male;21.0;7.7958;0;0;S;Jansson, Mr. Carl Olof;;350034;0.398936310590757;0;False;false_negative;0.6010636894092429;0.10106368940924298
643;0;3;female;2.0;27.9;3;2;S;Skoog, Miss. Margit Elizabeth;;347088;0.21963248583206688;0;True;true_negative;0.7803675141679332;0.28036751416793315
699;0;1;male;49.0;110.8833;1;1;C;Thayer, Mr. John Borland;C68;17421;0.4864802607303407;0;True;true_negative;0.5135197392696593;0.013519739269659325
787;1;3;female;18.0;7.4958;0;0;S;Sjoblom, Miss. Anna Sofia;;3101265;0.5964211388297911;1;True;true_positive;0.5964211388297911;0.09642113882979109
70;0;3;male;26.0;8.6625;2;0;S;Kink, Mr. Vincenz;;315151;0.09636698397840805;0;True;true_negative;0.903633016021592;0.40363301602159196
467;0;2;male;;0.0;0;0;S;Campbell, Mr. William;;239853;0.05241134625871403;0;True;true_negative;0.947588653741286;0.447588653741286
176;0;3;male;18.0;7.8542;1;1;S;Klasen, Mr. Klas Albin;;350404;0.398936310590757;0;True;true_negative;0.6010636894092429;0.10106368940924298
281;0;3;male;65.0;7.75;0;0;Q;Duane, Mr. Frank;;336439;0.012774135047985458;0;True;true_negative;0.9872258649520146;0.48722586495201453
835;0;3;male;18.0;8.3;0;0;S;Allum, Mr. Owen George;;2223;0.13832989203177015;0;True;true_negative;0.8616701079682298;0.36167010796822985
669;0;3;male;43.0;8.05;0;0;S;Cook, Mr. Jacob;;A/5 3536;0.11617032360499066;0;True;true_negative;0.8838296763950093;0.3838296763950093
449;1;3;female;5.0;19.2583;2;1;C;Baclini, Miss. Marie Catherine;;2666;0.6134787447090434;1;True;true_positive;0.6134787447090434;0.1134787447090434
229;0;2;male;18.0;13.0;0;0;S;Fahlstrom, Mr. Arne Jonas;;236171;0.08714785107845886;0;True;true_negative;0.9128521489215411;0.41285214892154115
421;0;3;male;;7.8958;0;0;C;Gheorgheff, Mr. Stanio;;349254;0.15073884560175924;0;True;true_negative;0.8492611543982408;0.3492611543982408
221;1;3;male;16.0;8.05;0;0;S;Sunderland, Mr. Victor Francis;;SOTON/OQ 392089;0.06548659024913121;0;False;false_negative;0.9345134097508688;0.4345134097508688
71;0;2;male;32.0;10.5;0;0;S;Jenkin, Mr. Stephen Curnow;;C.A. 33111;0.11767871409613517;0;True;true_negative;0.8823212859038648;0.3823212859038648
834;0;3;male;23.0;7.8542;0;0;S;Augustsson, Mr. Albert;;347468;0.13431415758868692;0;True;true_negative;0.8656858424113131;0.3656858424113131
886;0;3;female;39.0;29.125;0;5;Q;Rice, Mrs. William (Margaret Norton);;382652;0.44495799923622703;0;True;true_negative;0.555042000763773;0.05504200076377297
16;1;2;female;55.0;16.0;0;0;S;Hewlett, Mrs. (Mary D Kingcome) ;;248706;0.7296888090383302;1;True;true_positive;0.7296888090383302;0.22968880903833022
587;0;2;male;47.0;15.0;0;0;S;Jarvis, Mr. John Denzil;;237565;0.3972299875394262;0;True;true_negative;0.6027700124605738;0.10277001246057382
582;1;1;female;39.0;110.8833;1;1;C;Thayer, Mrs. John Borland (Marian Longstreth Morris);C68;17421;0.9813495208355923;1;True;true_positive;0.9813495208355923;0.48134952083559235
628;1;1;female;21.0;77.9583;0;0;S;Longley, Miss. Gretchen Fiske;D9;13502;0.9686430157175173;1;True;true_positive;0.9686430157175173;0.4686430157175173
330;1;1;female;16.0;57.9792;0;1;C;Hippach, Miss. Jean Gertrude;B18;111361;0.662626994139061;1;True;true_positive;0.662626994139061;0.162626994139061
726;0;3;male;20.0;8.6625;0;0;S;Oreskovic, Mr. Luka;;315094;0.398936310590757;0;True;true_negative;0.6010636894092429;0.10106368940924298
409;0;3;male;21.0;7.775;0;0;S;Birkeland, Mr. Hans Martin Monsen;;312992;0.398936310590757;0;True;true_negative;0.6010636894092429;0.10106368940924298
664;0;3;male;36.0;7.4958;0;0;S;Coleff, Mr. Peju;;349210;0.07608229426972074;0;True;true_negative;0.9239177057302792;0.42391770573027926
507;1;2;female;33.0;26.0;0;2;S;Quick, Mrs. Frederick Charles (Jane Richards);;26360;0.8767794712243305;1;True;true_positive;0.8767794712243305;0.37677947122433053
737;0;3;female;48.0;34.375;1;3;S;Ford, Mrs. Edward (Margaret Ann Watson);;W./C. 6608;0.44495799923622703;0;True;true_negative;0.555042000763773;0.05504200076377297
578;1;1;female;39.0;55.9;1;0;S;Silvey, Mrs. William Baird (Alice Munger);E44;13507;0.980335469363043;1;True;true_positive;0.980335469363043;0.48033546936304305
607;0;3;male;30.0;7.8958;0;0;S;Karaic, Mr. Milan;;349246;0.11289834083032099;0;True;true_negative;0.887101659169679;0.387101659169679
287;1;3;male;30.0;9.5;0;0;S;de Mulder, Mr. Theodore;;345774;0.1111921333297702;0;False;false_negative;0.8888078666702298;0.3888078666702298
839;1;3;male;32.0;56.4958;0;0;S;Chip, Mr. Chang;;1601;0.6526942484021098;1;True;true_positive;0.6526942484021098;0.15269424840210977
435;0;1;male;50.0;55.9;1;0;S;Silvey, Mr. William Baird;E44;13507;0.38794813541267914;0;True;true_negative;0.6120518645873209;0.11205186458732086
592;1;1;female;52.0;78.2667;1;0;C;Stephenson, Mrs. Walter Bertram (Martha Eustis);D20;36947;0.9763947880168554;1;True;true_positive;0.9763947880168554;0.4763947880168554
145;0;2;male;18.0;11.5;0;0;S;Andrew, Mr. Edgardo Samuel;;231945;0.04414829230850431;0;True;true_negative;0.9558517076914956;0.4558517076914957
243;0;2;male;29.0;10.5;0;0;S;Coleridge, Mr. Reginald Charles;;W./C. 14263;0.07507866572016018;0;True;true_negative;0.9249213342798398;0.4249213342798398
601;1;2;female;24.0;27.0;2;1;S;Jacobsohn, Mrs. Sidney Samuel (Amy Frances Christy);;243847;0.7320180166843842;1;True;true_positive;0.7320180166843842;0.23201801668438415
819;0;3;male;43.0;6.45;0;0;S;Holm, Mr. John Fredrik Alexander;;C 7075;0.054685817842472534;0;True;true_negative;0.9453141821575275;0.4453141821575275
722;0;3;male;17.0;7.0542;1;0;S;Jensen, Mr. Svend Lauritz;;350048;0.06377270008609622;0;True;true_negative;0.9362272999139037;0.4362272999139038
19;0;3;female;31.0;18.0;1;0;S;Vander Planke, Mrs. Julius (Emelia Maria Vandemoortele);;345763;0.42778416069156644;0;True;true_negative;0.5722158393084336;0.07221583930843356
631;1;1;male;80.0;30.0;0;0;S;Barkworth, Mr. Algernon Henry Wilson;A23;27042;0.29097836004299005;0;False;false_negative;0.70902163995701;0.20902163995700995
256;1;3;female;29.0;15.2458;0;2;C;Touma, Mrs. Darwis (Hanne Youssef Razi);;2650;0.5247167191106853;1;True;true_positive;0.5247167191106853;0.024716719110685292
809;0;2;male;39.0;13.0;0;0;S;Meyer, Mr. August;;248723;0.1387970567007004;0;True;true_negative;0.8612029432992996;0.3612029432992996
39;0;3;female;18.0;18.0;2;0;S;Vander Planke, Miss. Augusta Maria;;345764;0.4214025072913119;0;True;true_negative;0.5785974927086881;0.0785974927086881
686;0;2;male;25.0;41.5792;1;2;C;Laroche, Mr. Joseph Philippe Lemercier;;SC/Paris 2123;0.4148194813268971;0;True;true_negative;0.585180518673103;0.08518051867310289
299;1;1;male;;30.5;0;0;S;Saalfeld, Mr. Adolphe;C106;19988;0.3659223651962568;0;False;false_negative;0.6340776348037431;0.13407763480374318
369;1;3;female;;7.75;0;0;Q;Jermyn, Miss. Annie;;14313;0.5247167191106853;1;True;true_positive;0.5247167191106853;0.024716719110685292
112;0;3;female;14.5;14.4542;1;0;C;Zabour, Miss. Hileni;;2665;0.6025723272651782;1;False;false_positive;0.6025723272651782;0.10257232726517818
501;0;3;male;17.0;8.6625;0;0;S;Calic, Mr. Petar;;315086;0.398936310590757;0;True;true_negative;0.6010636894092429;0.10106368940924298
863;1;1;female;48.0;25.9292;0;0;S;Swift, Mrs. Frederick Joel (Margaret Welles Barron);D17;17466;0.9469723785327903;1;True;true_positive;0.9469723785327903;0.44697237853279026
388;1;2;female;36.0;13.0;0;0;S;Buss, Miss. Kate;;27849;0.8001293218865063;1;True;true_positive;0.8001293218865063;0.3001293218865063
593;0;3;male;47.0;7.25;0;0;S;Elsbury, Mr. William James;;A/5 3902;0.0650739757642558;0;True;true_negative;0.9349260242357442;0.4349260242357442
45;1;3;female;19.0;7.8792;0;0;Q;Devaney, Miss. Margaret Delia;;330958;0.6883304749673058;1;True;true_positive;0.6883304749673058;0.18833047496730582
594;0;3;female;;7.75;0;2;Q;Bourke, Miss. Mary;;364848;0.7772976204056815;1;False;false_positive;0.7772976204056815;0.2772976204056815
386;0;2;male;18.0;73.5;0;0;S;Davies, Mr. Charles Henry;;S.O.C. 14879;0.13670446045418483;0;True;true_negative;0.8632955395458152;0.36329553954581517
867;1;2;female;27.0;13.8583;1;0;C;Duran y More, Miss. Asuncion;;SC/PARIS 2149;0.5570044711695237;1;True;true_positive;0.5570044711695237;0.057004471169523674
572;1;1;female;53.0;51.4792;2;0;S;Appleton, Mrs. Edward Dale (Charlotte Lamson);C101;11769;0.9508535502581686;1;True;true_positive;0.9508535502581686;0.45085355025816864
764;1;1;female;36.0;120.0;1;2;S;Carter, Mrs. William Ernest (Lucile Polk);B96 B98;113760;0.9881074689384636;1;True;true_positive;0.9881074689384636;0.4881074689384636
187;1;3;female;;15.5;1;0;Q;"O'Brien, Mrs. Thomas (Johanna ""Hannah"" Godfrey)";;370365;0.4785841522967175;0;False;false_negative;0.5214158477032824;0.021415847703282476
162;1;2;female;40.0;15.75;0;0;S;"Watt, Mrs. James (Elizabeth ""Bessie"" Inglis Milne)";;C.A. 33595;0.7824533571192093;1;True;true_positive;0.7824533571192093;0.28245335711920927
411;0;3;male;;7.8958;0;0;S;Sdycoff, Mr. Todor;;349222;0.13428180508108506;0;True;true_negative;0.865718194918915;0.36571819491891494
408;1;2;male;3.0;18.75;1;1;S;Richards, Master. William Rowe;;29106;0.6086260596884048;1;True;true_positive;0.6086260596884048;0.10862605968840477
131;0;3;male;33.0;7.8958;0;0;C;Drazenoic, Mr. Jozef;;349241;0.15073884560175924;0;True;true_negative;0.8492611543982408;0.3492611543982408
193;1;3;female;19.0;7.8542;1;0;S;Andersen-Jensen, Miss. Carla Christine Nielsine;;350046;0.47118182978897766;0;False;false_negative;0.5288181702110224;0.028818170211022343
450;1;1;male;52.0;30.5;0;0;S;Peuchen, Major. Arthur Godfrey;C104;113786;0.4040383866838284;0;False;false_negative;0.5959616133161716;0.09596161331617159
853;0;3;female;9.0;15.2458;1;1;C;Boulos, Miss. Nourelain;;2678;0.7126650680097162;1;False;false_positive;0.7126650680097162;0.21266506800971618
704;0;3;male;25.0;7.7417;0;0;Q;Gallagher, Mr. Martin;;36864;0.07491549287071152;0;True;true_negative;0.9250845071292885;0.42508450712928847
487;1;1;female;35.0;90.0;1;0;S;Hoyt, Mrs. Frederick Maxfield (Jane Anne Forby);C93;19943;0.662626994139061;1;True;true_positive;0.662626994139061;0.162626994139061
309;0;2;male;30.0;24.0;1;0;C;Abelson, Mr. Samuel;;P/PP 3381;0.11473473173087306;0;True;true_negative;0.8852652682691269;0.38526526826912694
121;0;2;male;21.0;73.5;2;0;S;Hickman, Mr. Stanley George;;S.O.C. 14879;0.09385770242398787;0;True;true_negative;0.9061422975760122;0.4061422975760121
600;1;1;male;49.0;56.9292;1;0;C;"Duff Gordon, Sir. Cosmo Edmund (""Mr Morgan"")";A20;PC 17485;0.7129116360860872;1;True;true_positive;0.7129116360860872;0.2129116360860872
324;1;2;female;22.0;29.0;1;1;S;Caldwell, Mrs. Albert Francis (Sylvia Mae Harbaugh);;248738;0.9132233830315932;1;True;true_positive;0.9132233830315932;0.4132233830315932
457;0;1;male;65.0;26.55;0;0;S;Millet, Mr. Francis Davis;E38;13509;0.21908583240174526;0;True;true_negative;0.7809141675982547;0.2809141675982547
557;1;1;female;48.0;39.6;1;0;C;"Duff Gordon, Lady. (Lucille Christiana Sutherland) (""Mrs Morgan"")";A16;11755;0.662626994139061;1;True;true_positive;0.662626994139061;0.162626994139061
186;0;1;male;;50.0;0;0;S;Rood, Mr. Hugh Roscoe;A32;113767;0.392845699354523;0;True;true_negative;0.6071543006454769;0.10715430064547699
297;0;3;male;23.5;7.2292;0;0;C;Hanna, Mr. Mansour;;2693;0.2016930459159494;0;True;true_negative;0.7983069540840506;0.2983069540840506
796;0;2;male;39.0;13.0;0;0;S;Otter, Mr. Richard;;28213;0.3972299875394262;0;True;true_negative;0.6027700124605738;0.10277001246057382
144;0;3;male;19.0;6.75;0;0;Q;Burke, Mr. Jeremiah;;365222;0.09174606425799278;0;True;true_negative;0.9082539357420072;0.4082539357420072
241;0;3;female;;14.4542;1;0;C;Zabour, Miss. Thamine;;2665;0.5247167191106853;1;False;false_positive;0.5247167191106853;0.024716719110685292
836;1;1;female;39.0;83.1583;1;1;C;Compton, Miss. Sara Rebecca;E49;PC 17756;0.966196101639518;1;True;true_positive;0.966196101639518;0.46619610163951797
802;1;2;female;31.0;26.25;1;1;S;Collyer, Mrs. Harvey (Charlotte Annie Tate);;C.A. 31921;0.8871074660417397;1;True;true_positive;0.8871074660417397;0.38710746604173973
609;1;2;female;22.0;41.5792;1;2;C;Laroche, Mrs. Joseph (Juliette Marie Louise Lafargue);;SC/Paris 2123;0.8353961621938973;1;True;true_positive;0.8353961621938973;0.33539616219389734
488;0;1;male;58.0;29.7;0;0;C;Kent, Mr. Edward Austin;B37;11771;0.44395640720446894;0;True;true_negative;0.5560435927955311;0.05604359279553106
784;0;3;male;;23.45;1;2;S;Johnston, Mr. Andrew G;;W./C. 6607;0.10152667902498476;0;True;true_negative;0.8984733209750152;0.39847332097501525
239;0;2;male;19.0;10.5;0;0;S;Pengelly, Mr. Frederick William;;28665;0.03834182701564533;0;True;true_negative;0.9616581729843546;0.4616581729843547
638;0;2;male;31.0;26.25;1;1;S;Collyer, Mr. Harvey;;C.A. 31921;0.16664633556559336;0;True;true_negative;0.8333536644344066;0.3333536644344066
550;1;2;male;8.0;36.75;1;1;S;Davies, Master. John Morgan Jr;;C.A. 33112;0.8268405040662005;1;True;true_positive;0.8268405040662005;0.32684050406620047
190;0;3;male;36.0;7.8958;0;0;S;Turcin, Mr. Stjepan;;349247;0.398936310590757;0;True;true_negative;0.6010636894092429;0.10106368940924298
660;0;1;male;58.0;113.275;0;2;C;Newell, Mr. Arthur Webster;D48;35273;0.33922351199096706;0;True;true_negative;0.660776488009033;0.16077648800903294
399;0;2;male;23.0;10.5;0;0;S;Pain, Dr. Alfred;;244278;0.1606611273776196;0;True;true_negative;0.8393388726223804;0.3393388726223804
730;0;3;female;25.0;7.925;1;0;S;Ilmakangas, Miss. Pieta Sofia;;STON/O2. 3101271;0.49987576387521626;0;True;true_negative;0.5001242361247837;0.0001242361247837387
606;0;3;male;36.0;15.55;1;0;S;Lindell, Mr. Edvard Bengtsson;;349910;0.1188730977565721;0;True;true_negative;0.8811269022434279;0.38112690224342793
198;0;3;male;42.0;8.4042;0;1;S;Olsen, Mr. Karl Siegwart Andreas;;4579;0.07875369566960087;0;True;true_negative;0.9212463043303991;0.4212463043303991
430;1;3;male;32.0;8.05;0;0;S;Pickard, Mr. Berk (Berk Trembisky);E10;SOTON/O.Q. 392078;0.10575419979619907;0;False;false_negative;0.894245800203801;0.39424580020380096
230;0;3;female;;25.4667;3;1;S;Lefebre, Miss. Mathilde;;4133;0.44495799923622703;0;True;true_negative;0.555042000763773;0.05504200076377297
812;0;3;male;39.0;24.15;0;0;S;Lester, Mr. James;;A/4 48871;0.12500219030080117;0;True;true_negative;0.8749978096991988;0.3749978096991988
887;0;2;male;27.0;13.0;0;0;S;Montvila, Rev. Juozas;;211536;0.24679627908998472;0;True;true_negative;0.7532037209100153;0.2532037209100153
858;1;1;male;51.0;26.55;0;0;S;Daly, Mr. Peter Denis ;E17;113055;0.4864802607303407;0;False;false_negative;0.5135197392696593;0.013519739269659325
300;1;1;female;50.0;247.5208;0;1;C;Baxter, Mrs. James (Helene DeLaudeniere Chaput);B58 B60;PC 17558;0.9496734419326505;1;True;true_positive;0.9496734419326505;0.44967344193265046
188;1;1;male;45.0;26.55;0;0;S;"Romaine, Mr. Charles Hallace (""Mr C Rolmane"")";;111428;0.15376141872431698;0;False;false_negative;0.846238581275683;0.346238581275683
155;0;3;male;;7.3125;0;0;S;Olsen, Mr. Ole Martin;;Fa 265302;0.12928456473328967;0;True;true_negative;0.8707154352667104;0.37071543526671036
344;0;2;male;25.0;13.0;0;0;S;Sedgwick, Mr. Charles Frederick Waddington;;244361;0.10369546702023827;0;True;true_negative;0.8963045329797618;0.39630453297976176
818;0;2;male;31.0;37.0042;1;1;C;Mallet, Mr. Albert;;S.C./PARIS 2079;0.09362259249143294;0;True;true_negative;0.9063774075085671;0.40637740750856705
94;0;3;male;26.0;20.575;1;2;S;Dean, Mr. Bertram Frank;;C.A. 2315;0.0853820221631803;0;True;true_negative;0.9146179778368198;0.4146179778368197
635;0;3;female;9.0;27.9;3;2;S;Skoog, Miss. Mabel;;347088;0.10396312758461458;0;True;true_negative;0.8960368724153854;0.39603687241538543
561;0;3;male;;7.75;0;0;Q;Morrow, Mr. Thomas Rowan;;372622;0.07075978141958518;0;True;true_negative;0.9292402185804148;0.42924021858041483
586;1;1;female;18.0;79.65;0;2;S;Taussig, Miss. Ruth;E68;110413;0.9801482702744114;1;True;true_positive;0.9801482702744114;0.4801482702744114
146;0;2;male;19.0;36.75;1;1;S;Nicholls, Mr. Joseph Charles;;C.A. 33112;0.10078502595074486;0;True;true_negative;0.8992149740492551;0.39921497404925516
130;0;3;male;45.0;6.975;0;0;S;Ekstrom, Mr. Johan;;347061;0.10090314283687109;0;True;true_negative;0.8990968571631289;0.3990968571631289
69;1;3;female;17.0;7.925;4;2;S;Andersson, Miss. Erna Alexandra;;3101281;0.1967779537722326;0;False;false_negative;0.8032220462277674;0.3032220462277674
353;0;3;male;15.0;7.2292;1;1;C;Elias, Mr. Tannous;;2695;0.148982195627125;0;True;true_negative;0.851017804372875;0.351017804372875
323;1;2;female;30.0;12.35;0;0;Q;Slayter, Miss. Hilda Mary;;234818;0.5570044711695237;1;True;true_positive;0.5570044711695237;0.057004471169523674
841;0;3;male;20.0;7.925;0;0;S;Alhomaki, Mr. Ilmari Rudolf;;SOTON/O2 3101287;0.06907799255142293;0;True;true_negative;0.9309220074485771;0.43092200744857706
199;1;3;female;;7.75;0;0;Q;"Madigan, Miss. Margaret ""Maggie""";;370370;0.6299424140414251;1;True;true_positive;0.6299424140414251;0.12994241404142515
741;1;1;male;;30.0;0;0;S;Hawksford, Mr. Walter James;D45;16988;0.4419251035038996;0;False;false_negative;0.5580748964961004;0.058074896496100425
644;1;3;male;;56.4958;0;0;S;Foo, Mr. Choong;;1601;0.1827025738691626;0;False;false_negative;0.8172974261308374;0.3172974261308374
385;0;3;male;;7.8958;0;0;S;Plotcharsky, Mr. Vasil;;349227;0.13428180508108506;0;True;true_negative;0.865718194918915;0.36571819491891494
171;0;1;male;61.0;33.5;0;0;S;Van der hoef, Mr. Wyckoff;B19;111240;0.06636010606166086;0;True;true_negative;0.9336398939383391;0.4336398939383391
453;0;1;male;30.0;27.75;0;0;C;Foreman, Mr. Benjamin Laventall;C111;113051;0.43439295111309784;0;True;true_negative;0.5656070488869022;0.06560704888690216
366;0;3;male;30.0;7.25;0;0;S;Adahl, Mr. Mauritz Nils Martin;;C 7076;0.07478450569265466;0;True;true_negative;0.9252154943073454;0.42521549430734534
480;1;3;female;2.0;12.2875;0;1;S;Hirvonen, Miss. Hildur E;;3101298;0.728582871131448;1;True;true_positive;0.728582871131448;0.22858287113144804
701;1;1;female;18.0;227.525;1;0;C;Astor, Mrs. John Jacob (Madeleine Talmadge Force);C62 C64;PC 17757;0.9868072281826106;1;True;true_positive;0.9868072281826106;0.4868072281826106
20;1;3;female;;7.225;0;0;C;Masselmani, Mrs. Fatima;;2649;0.5889774109385431;1;True;true_positive;0.5889774109385431;0.08897741093854306
880;1;1;female;56.0;83.1583;0;1;C;Potter, Mrs. Thomas Jr (Lily Alexenia Wilson);C50;11767;0.9669107554240842;1;True;true_positive;0.9669107554240842;0.4669107554240842
224;0;3;male;;7.8958;0;0;S;Nenkoff, Mr. Christo;;349234;0.13428180508108506;0;True;true_negative;0.865718194918915;0.36571819491891494
843;1;1;female;30.0;31.0;0;0;C;Serepeca, Miss. Augusta;;113798;0.9366877466374592;1;True;true_positive;0.9366877466374592;0.43668774663745924
775;1;2;female;54.0;23.0;1;3;S;Hocking, Mrs. Elizabeth (Eliza Needs);;29105;0.7363955207882824;1;True;true_positive;0.7363955207882824;0.2363955207882824
462;0;3;male;34.0;8.05;0;0;S;Morley, Mr. William;;364506;0.398936310590757;0;True;true_negative;0.6010636894092429;0.10106368940924298
770;0;3;male;32.0;8.3625;0;0;S;Gronnestad, Mr. Daniel Danielsen;;8471;0.14159091706603344;0;True;true_negative;0.8584090829339666;0.35840908293396656
806;0;3;male;31.0;7.775;0;0;S;Johansson, Mr. Karl Johan;;347063;0.11454152874567658;0;True;true_negative;0.8854584712543234;0.3854584712543234
559;1;1;female;39.0;79.65;1;1;S;Taussig, Mrs. Emil (Tillie Mandelbaum);E67;110413;0.9781049199914961;1;True;true_positive;0.9781049199914961;0.47810491999149607
518;0;3;male;;24.15;0;0;Q;Ryan, Mr. Patrick;;371110;0.04816374473048961;0;True;true_negative;0.9518362552695104;0.4518362552695104
95;0;3;male;59.0;7.25;0;0;S;Coxon, Mr. Daniel;;364500;0.031041220852608478;0;True;true_negative;0.9689587791473915;0.46895877914739154
619;1;2;female;4.0;39.0;2;1;S;Becker, Miss. Marion Louise;F4;230136;0.6967520253093561;1;True;true_positive;0.6967520253093561;0.1967520253093561
778;1;3;female;5.0;12.475;0;0;S;Emanuel, Miss. Virginia Ethel;;364516;0.5442487375216325;1;True;true_positive;0.5442487375216325;0.0442487375216325
693;1;3;male;;56.4958;0;0;S;Lam, Mr. Ali;;1601;0.5405229095629935;1;True;true_positive;0.5405229095629935;0.040522909562993537
117;0;3;male;70.5;7.75;0;0;Q;Connors, Mr. Patrick;;370369;0.08134529481534133;0;True;true_negative;0.9186547051846586;0.41865470518465864
228;0;3;male;20.5;7.25;0;0;S;"Lovell, Mr. John Hall (""Henry"")";;A/5 21173;0.1273858073484906;0;True;true_negative;0.8726141926515094;0.3726141926515094
768;0;3;female;30.5;7.75;0;0;Q;Mangan, Miss. Mary;;364850;0.6368734920672442;1;False;false_positive;0.6368734920672442;0.1368734920672442
15;0;3;female;14.0;7.8542;0;0;S;Vestrom, Miss. Hulda Amanda Adolfina;;350406;0.5247167191106853;1;False;false_positive;0.5247167191106853;0.024716719110685292
749;0;1;male;19.0;53.1;1;0;S;Marvin, Mr. Daniel Warner;D30;113773;0.3436633464536225;0;True;true_negative;0.6563366535463775;0.1563366535463775
306;1;1;male;0.92;151.55;1;2;S;Allison, Master. Hudson Trevor;C22 C26;113781;0.7442491005193166;1;True;true_positive;0.7442491005193166;0.2442491005193166
872;1;1;female;47.0;52.5542;1;1;S;Beckwith, Mrs. Richard Leonard (Sallie Monypeny);D35;11751;0.9576896070218679;1;True;true_positive;0.9576896070218679;0.4576896070218679
666;0;2;male;32.0;73.5;2;0;S;Hickman, Mr. Lewis;;S.O.C. 14879;0.4148194813268971;0;True;true_negative;0.585180518673103;0.08518051867310289
555;1;3;female;22.0;7.775;0;0;S;Ohman, Miss. Velin;;347085;0.7593712278115703;1;True;true_positive;0.7593712278115703;0.2593712278115703
27;0;3;male;;7.225;0;0;C;Emir, Mr. Farred Chehab;;2631;0.398936310590757;0;True;true_negative;0.6010636894092429;0.10106368940924298
537;0;1;male;45.0;26.55;0;0;S;Butt, Major. Archibald Willingham;B38;113050;0.4864802607303407;0;True;true_negative;0.5135197392696593;0.013519739269659325
536;1;2;female;7.0;26.25;0;2;S;Hart, Miss. Eva Miriam;;F.C.C. 13529;0.7642874655446584;1;True;true_positive;0.7642874655446584;0.26428746554465843
356;0;3;male;28.0;9.5;0;0;S;Vanden Steen, Mr. Leo Peter;;345783;0.10342000523853331;0;True;true_negative;0.8965799947614667;0.39657999476146666
668;0;3;male;;7.775;0;0;S;Rommetvedt, Mr. Knud Paust;;312993;0.25359849639787246;0;True;true_negative;0.7464015036021275;0.24640150360212754
495;0;3;male;21.0;8.05;0;0;S;Stanley, Mr. Edward Roland;;A/4 45380;0.398936310590757;0;True;true_negative;0.6010636894092429;0.10106368940924298
441;1;2;female;45.0;26.25;1;1;S;Hart, Mrs. Benjamin (Esther Ada Bloomfield);;F.C.C. 13529;0.8199478634006482;1;True;true_positive;0.8199478634006482;0.3199478634006482
870;1;3;male;4.0;11.1333;1;1;S;Johnson, Master. Harold Theodor;;347742;0.7549218804153152;1;True;true_positive;0.7549218804153152;0.25492188041531516
363;0;3;female;45.0;14.4542;0;1;C;Barbara, Mrs. (Catherine David);;2691;0.4185697621026755;0;True;true_negative;0.5814302378973245;0.08143023789732451
468;0;1;male;56.0;26.55;0;0;S;Smart, Mr. John Montgomery;;113792;0.31265653771437474;0;True;true_negative;0.6873434622856253;0.18734346228562526
35;0;1;male;28.0;82.1708;1;0;C;Meyer, Mr. Edgar Joseph;;PC 17604;0.4148194813268971;0;True;true_negative;0.585180518673103;0.08518051867310289
554;1;3;male;22.0;7.225;0;0;C;"Leeni, Mr. Fahim (""Philip Zenni"")";;2620;0.07540007241034681;0;False;false_negative;0.9245999275896531;0.4245999275896532
891;0;3;male;32.0;7.75;0;0;Q;Dooley, Mr. Patrick;;370376;0.11958913880474145;0;True;true_negative;0.8804108611952586;0.3804108611952586
733;0;2;male;;0.0;0;0;S;Knight, Mr. Robert J;;239855;0.05241134625871403;0;True;true_negative;0.947588653741286;0.447588653741286
883;0;3;female;22.0;10.5167;0;0;S;Dahlberg, Miss. Gerda Ulrika;;7552;0.43054557009768507;0;True;true_negative;0.569454429902315;0.06945442990231493
133;0;3;female;47.0;14.5;1;0;S;Robins, Mrs. Alexander A (Grace Charity Laury);;A/5. 3337;0.31128770771360703;0;True;true_negative;0.688712292286393;0.18871229228639297
846;0;3;male;42.0;7.55;0;0;S;Abbing, Mr. Anthony;;C.A. 5547;0.0666950900506146;0;True;true_negative;0.9333049099493854;0.4333049099493854
873;0;1;male;33.0;5.0;0;0;S;Carlsson, Mr. Frans Olof;B51 B53 B55;695;0.2291486837806848;0;True;true_negative;0.7708513162193152;0.27085131621931524
618;0;3;female;26.0;16.1;1;0;S;Lobb, Mrs. William Arthur (Cordelia K Stanlick);;A/5. 3336;0.4762481245072571;0;True;true_negative;0.5237518754927428;0.02375187549274288
33;1;3;female;;7.75;0;0;Q;Glynn, Miss. Mary Agatha;;335677;0.5247167191106853;1;True;true_positive;0.5247167191106853;0.024716719110685292
716;0;3;male;19.0;7.65;0;0;S;Soholt, Mr. Peter Andreas Lauritz Andersen;F G73;348124;0.49521084808922705;0;True;true_negative;0.504789151910773;0.0047891519107729486
377;1;3;female;22.0;7.25;0;0;S;Landergren, Miss. Aurora Adelia;;C 7077;0.6217368121836452;1;True;true_positive;0.6217368121836452;0.12173681218364518
797;1;1;female;49.0;25.9292;0;0;S;Leader, Dr. Alice (Farnham);D17;17465;0.8022227686717481;1;True;true_positive;0.8022227686717481;0.30222276867174813
639;0;3;female;41.0;39.6875;0;5;S;Panula, Mrs. Juha (Maria Emilia Ojala);;3101295;0.21306833777995066;0;True;true_negative;0.7869316622200493;0.28693166222004934
308;1;1;female;17.0;108.9;1;0;C;Penasco y Castellana, Mrs. Victor de Satode (Maria Josefa Perez de Soto y Vallejo);C65;PC 17758;0.662626994139061;1;True;true_positive;0.662626994139061;0.162626994139061
491;0;3;male;;19.9667;1;0;S;Hagland, Mr. Konrad Mathias Reiersen;;65304;0.08974892673220225;0;True;true_negative;0.9102510732677978;0.41025107326779775
414;0;2;male;;0.0;0;0;S;Cunningham, Mr. Alfred Fleming;;239853;0.053842148872058404;0;True;true_negative;0.9461578511279416;0.4461578511279416
562;0;3;male;40.0;7.8958;0;0;S;Sivic, Mr. Husein;;349251;0.11617032360499066;0;True;true_negative;0.8838296763950093;0.3838296763950093
890;1;1;male;26.0;30.0;0;0;C;Behr, Mr. Karl Howell;C148;111369;0.5087920951818402;1;True;true_positive;0.5087920951818402;0.00879209518184021
739;0;3;male;;7.8958;0;0;S;Ivanoff, Mr. Kanio;;349201;0.10113913494761542;0;True;true_negative;0.8988608650523846;0.3988608650523846
72;0;3;female;16.0;46.9;5;2;S;Goodwin, Miss. Lillian Amy;;CA 2144;0.14751371662233065;0;True;true_negative;0.8524862833776694;0.35248628337766935
378;0;1;male;27.0;211.5;0;2;C;Widener, Mr. Harry Elkins;C82;113503;0.4557418371146577;0;True;true_negative;0.5442581628853422;0.04425816288534229
576;0;3;male;19.0;14.5;0;0;S;Patchett, Mr. George;;358585;0.12647144905980173;0;True;true_negative;0.8735285509401982;0.37352855094019827
705;0;3;male;26.0;7.8542;1;0;S;Hansen, Mr. Henrik Juul;;350025;0.398936310590757;0;True;true_negative;0.6010636894092429;0.10106368940924298
531;1;2;female;2.0;26.0;1;1;S;Quick, Miss. Phyllis May;;26360;0.8566191139546602;1;True;true_positive;0.8566191139546602;0.35661911395466017
129;1;3;female;;22.3583;1;1;C;Peter, Miss. Anna;F E69;2668;0.7924371422207386;1;True;true_positive;0.7924371422207386;0.2924371422207386
824;1;3;female;27.0;12.475;0;1;S;Moor, Mrs. (Beila);E121;392096;0.6509648613480303;1;True;true_positive;0.6509648613480303;0.15096486134803033
724;0;2;male;50.0;13.0;0;0;S;Hodges, Mr. Henry Price;;250643;0.3972299875394262;0;True;true_negative;0.6027700124605738;0.10277001246057382
164;0;3;male;17.0;8.6625;0;0;S;Calic, Mr. Jovo;;315093;0.0616100955320698;0;True;true_negative;0.9383899044679302;0.4383899044679302
205;1;3;male;18.0;8.05;0;0;S;"Cohen, Mr. Gurshon ""Gus""";;A/5 3540;0.398936310590757;0;False;false_negative;0.6010636894092429;0.10106368940924298
248;1;2;female;24.0;14.5;0;2;S;Hamalainen, Mrs. William (Anna);;250649;0.7177748785951541;1;True;true_positive;0.7177748785951541;0.2177748785951541
719;0;3;male;;15.5;0;0;Q;McEvoy, Mr. Michael;;36568;0.09503375121460307;0;True;true_negative;0.9049662487853969;0.40496624878539694
541;1;1;female;36.0;71.0;0;2;S;Crosby, Miss. Harriet R;B22;WE/P 5735;0.662626994139061;1;True;true_positive;0.662626994139061;0.162626994139061
874;0;3;male;47.0;9.0;0;0;S;Vander Cruyssen, Mr. Victor;;345765;0.398936310590757;0;True;true_negative;0.6010636894092429;0.10106368940924298
393;0;3;male;28.0;7.925;2;0;S;Gustafsson, Mr. Johan Birger;;3101277;0.13009114516238443;0;True;true_negative;0.8699088548376156;0.3699088548376156
73;0;2;male;21.0;73.5;0;0;S;Hood, Mr. Ambrose Jr;;S.O.C. 14879;0.17414876360198422;0;True;true_negative;0.8258512363980157;0.3258512363980158
528;0;1;male;;221.7792;0;0;S;Farthing, Mr. John;C95;PC 17483;0.24324721356631138;0;True;true_negative;0.7567527864336886;0.2567527864336886
783;0;1;male;29.0;30.0;0;0;S;Long, Mr. Milton Clyde;D6;113501;0.4419251035038996;0;True;true_negative;0.5580748964961004;0.058074896496100425
830;1;1;female;62.0;80.0;0;0;;Stone, Mrs. George Nelson (Martha Evelyn);B28;113572;0.8319316103041293;1;True;true_positive;0.8319316103041293;0.3319316103041293
613;1;3;female;;15.5;1;0;Q;Murphy, Miss. Margaret Jane;;367230;0.5109183235381808;1;True;true_positive;0.5109183235381808;0.010918323538180785
856;1;3;female;18.0;9.35;0;1;S;Aks, Mrs. Sam (Leah Rosen);;392091;0.5247167191106853;1;True;true_positive;0.5247167191106853;0.024716719110685292
663;0;1;male;47.0;25.5875;0;0;S;Colley, Mr. Edward Pomeroy;E58;5727;0.1865203144287754;0;True;true_negative;0.8134796855712246;0.31347968557122463
253;0;1;male;62.0;26.55;0;0;S;Stead, Mr. William Thomas;C87;113514;0.4460113733841144;0;True;true_negative;0.5539886266158855;0.053988626615885604
126;1;3;male;12.0;11.2417;1;0;C;Nicola-Yarred, Master. Elias;;2651;0.6911952658534349;1;True;true_positive;0.6911952658534349;0.19119526585343494
504;0;3;female;37.0;9.5875;0;0;S;Laitinen, Miss. Kristina Sofia;;4135;0.3646929260693511;0;True;true_negative;0.6353070739306489;0.1353070739306489
167;1;1;female;;55.0;0;1;S;Chibnall, Mrs. (Edith Martha Bowerman);E33;113505;0.9838808795923443;1;True;true_positive;0.9838808795923443;0.48388087959234427
382;1;3;female;1.0;15.7417;0;2;C;"Nakid, Miss. Maria (""Mary"")";;2653;0.5729258533966957;1;True;true_positive;0.5729258533966957;0.07292585339669566
832;1;2;male;0.83;18.75;1;1;S;Richards, Master. George Sibley;;29106;0.8257897164094509;1;True;true_positive;0.8257897164094509;0.32578971640945087
460;0;3;male;;7.75;0;0;Q;O'Connor, Mr. Maurice;;371060;0.037413009631525156;0;True;true_negative;0.9625869903684748;0.46258699036847484
226;0;3;male;22.0;9.35;0;0;S;Berglund, Mr. Karl Ivar Sven;;PP 4348;0.398936310590757;0;True;true_negative;0.6010636894092429;0.10106368940924298
563;0;2;male;28.0;13.5;0;0;S;Norman, Mr. Robert Douglas;;218629;0.05874878170155938;0;True;true_negative;0.9412512182984406;0.4412512182984406
675;0;2;male;;0.0;0;0;S;Watson, Mr. Ennis Hastings;;239856;0.053842148872058404;0;True;true_negative;0.9461578511279416;0.4461578511279416
734;0;2;male;23.0;13.0;0;0;S;Berriman, Mr. William John;;28425;0.039631546440579354;0;True;true_negative;0.9603684535594207;0.46036845355942063
589;0;3;male;22.0;8.05;0;0;S;Gilinski, Mr. Eliezer;;14973;0.04992981092141444;0;True;true_negative;0.9500701890785855;0.45007018907858554
799;0;3;male;30.0;7.2292;0;0;C;Ibrahim Shawah, Mr. Yousseff;;2685;0.10138151416710287;0;True;true_negative;0.8986184858328972;0.39861848583289716
333;0;1;male;38.0;153.4625;0;1;S;Graham, Mr. George Edward;C91;PC 17582;0.4864802607303407;0;True;true_negative;0.5135197392696593;0.013519739269659325
127;0;3;male;;7.75;0;0;Q;McMahon, Mr. Martin;;370372;0.398936310590757;0;True;true_negative;0.6010636894092429;0.10106368940924298
57;1;2;female;21.0;10.5;0;0;S;Rugg, Miss. Emily;;C.A. 31026;0.79050834961902;1;True;true_positive;0.79050834961902;0.29050834961901995
496;0;3;male;;14.4583;0;0;C;Yousseff, Mr. Gerious;;2627;0.398936310590757;0;True;true_negative;0.6010636894092429;0.10106368940924298
604;0;3;male;44.0;8.05;0;0;S;Torber, Mr. Ernst William;;364511;0.398936310590757;0;True;true_negative;0.6010636894092429;0.10106368940924298
99;1;2;female;34.0;23.0;0;1;S;Doling, Mrs. John T (Ada Julia Bone);;231919;0.8503080379336158;1;True;true_positive;0.8503080379336158;0.35030803793361576
249;1;1;male;37.0;52.5542;1;1;S;Beckwith, Mr. Richard Leonard;D35;11751;0.32487840192229694;0;False;false_negative;0.675121598077703;0.17512159807770306
575;0;3;male;16.0;8.05;0;0;S;Rush, Mr. Alfred George John;;A/4. 20589;0.10982273940705989;0;True;true_negative;0.8901772605929401;0.3901772605929401
439;0;1;male;64.0;263.0;1;4;S;Fortune, Mr. Mark;C23 C25 C27;19950;0.18057638792953856;0;True;true_negative;0.8194236120704614;0.31942361207046144
861;0;3;male;41.0;14.1083;2;0;S;Hansen, Mr. Claus Peter;;350026;0.07008290494734662;0;True;true_negative;0.9299170950526534;0.4299170950526534
567;0;3;male;19.0;7.8958;0;0;S;Stoytcheff, Mr. Ilia;;349205;0.09110966696741307;0;True;true_negative;0.9088903330325869;0.40889033303258693
214;0;2;male;30.0;13.0;0;0;S;Givard, Mr. Hans Kristensen;;250646;0.3972299875394262;0;True;true_negative;0.6027700124605738;0.10277001246057382
653;0;3;male;21.0;8.4333;0;0;S;Kalvik, Mr. Johannes Halvorsen;;8475;0.06084432342602504;0;True;true_negative;0.9391556765739749;0.439155676573975
564;0;3;male;;8.05;0;0;S;Simmons, Mr. John;;SOTON/OQ 392082;0.15768838454316622;0;True;true_negative;0.8423116154568338;0.34231161545683375
649;0;3;male;;7.55;0;0;S;Willey, Mr. Edward;;S.O./P.P. 751;0.398936310590757;0;True;true_negative;0.6010636894092429;0.10106368940924298
2;1;1;female;38.0;71.2833;1;0;C;Cumings, Mrs. John Bradley (Florence Briggs Thayer);C85;PC 17599;0.9615287434898906;1;True;true_positive;0.9615287434898906;0.4615287434898906
422;0;3;male;21.0;7.7333;0;0;Q;Charters, Mr. David;;A/5. 13032;0.08462388924660263;0;True;true_negative;0.9153761107533973;0.41537611075339737
674;1;2;male;31.0;13.0;0;0;S;Wilhelms, Mr. Charles;;244270;0.07239275809074203;0;False;false_negative;0.927607241909258;0.427607241909258
119;0;1;male;24.0;247.5208;0;1;C;Baxter, Mr. Quigg Edmond;B58 B60;PC 17558;0.48065583553250485;0;True;true_negative;0.5193441644674952;0.01934416446749515
61;0;3;male;22.0;7.2292;0;0;C;Sirayanian, Mr. Orsen;;2669;0.16328810584913464;0;True;true_negative;0.8367118941508653;0.33671189415086533
37;1;3;male;;7.2292;0;0;C;Mamee, Mr. Hanna;;2677;0.398936310590757;0;False;false_negative;0.6010636894092429;0.10106368940924298
708;1;1;male;42.0;26.2875;0;0;S;Calderhead, Mr. Edward Pennington;E24;PC 17476;0.4864802607303407;0;False;false_negative;0.5135197392696593;0.013519739269659325
703;0;3;female;18.0;14.4542;0;1;C;Barbara, Miss. Saiide;;2691;0.6584291307856323;1;False;false_positive;0.6584291307856323;0.15842913078563226
529;0;3;male;39.0;7.925;0;0;S;Salonen, Mr. Johan Werner;;3101296;0.0817563660916567;0;True;true_negative;0.9182436339083433;0.4182436339083433
63;0;1;male;45.0;83.475;1;0;S;Harris, Mr. Henry Birkhardt;C83;36973;0.28807825891630723;0;True;true_negative;0.7119217410836928;0.21192174108369277
315;0;2;male;43.0;26.25;1;1;S;Hart, Mr. Benjamin;;F.C.C. 13529;0.12045727651653722;0;True;true_negative;0.8795427234834627;0.3795427234834628
742;0;1;male;36.0;78.85;1;0;S;Cavendish, Mr. Tyrell William;C46;19877;0.4864802607303407;0;True;true_negative;0.5135197392696593;0.013519739269659325
290;1;3;female;22.0;7.75;0;0;Q;Connolly, Miss. Kate;;370373;0.632938970067695;1;True;true_positive;0.632938970067695;0.13293897006769495
90;0;3;male;24.0;8.05;0;0;S;Celotti, Mr. Francesco;;343275;0.09549598360532176;0;True;true_negative;0.9045040163946783;0.40450401639467826
367;1;1;female;60.0;75.25;1;0;C;Warren, Mrs. Frank Manley (Anna Sophia Atkinson);D37;110813;0.9367579144851386;1;True;true_positive;0.9367579144851386;0.43675791448513857
74;0;3;male;26.0;14.4542;1;0;C;Chronopoulos, Mr. Apostolos;;2680;0.398936310590757;0;True;true_negative;0.6010636894092429;0.10106368940924298
744;0;3;male;24.0;16.1;1;0;S;McNamee, Mr. Neal;;376566;0.0504014657020122;0;True;true_negative;0.9495985342979878;0.4495985342979878
682;1;1;male;27.0;76.7292;0;0;C;Hassab, Mr. Hammad;D49;PC 17572;0.5175752624489448;1;True;true_positive;0.5175752624489448;0.017575262448944806
96;0;3;male;;8.05;0;0;S;Shorney, Mr. Charles Joseph;;374910;0.13428180508108506;0;True;true_negative;0.865718194918915;0.36571819491891494
14;0;3;male;39.0;31.275;1;5;S;Andersson, Mr. Anders Johan;;347082;0.05282317400845214;0;True;true_negative;0.9471768259915478;0.44717682599154784
240;0;2;male;33.0;12.275;0;0;S;Hunt, Mr. George Henry;;SCO/W 1585;0.12005843601504253;0;True;true_negative;0.8799415639849575;0.3799415639849575
406;0;2;male;34.0;21.0;1;0;S;Gale, Mr. Shadrach;;28664;0.10840607029708278;0;True;true_negative;0.8915939297029172;0.39159392970291723
707;1;2;female;45.0;13.5;0;0;S;"Kelly, Mrs. Florence ""Fannie""";;223596;0.7572196897112011;1;True;true_positive;0.7572196897112011;0.2572196897112011
695;0;1;male;60.0;26.55;0;0;S;Weir, Col. John;;113800;0.17247361087660817;0;True;true_negative;0.8275263891233918;0.3275263891233918
275;1;3;female;;7.75;0;0;Q;"Healy, Miss. Hanora ""Nora""";;370375;0.8120118907109725;1;True;true_positive;0.8120118907109725;0.31201189071097246
762;0;3;male;41.0;7.125;0;0;S;Nirva, Mr. Iisakki Antino Aijo;;SOTON/O2 3101272;0.398936310590757;0;True;true_negative;0.6010636894092429;0.10106368940924298
321;0;3;male;22.0;7.25;0;0;S;Dennis, Mr. Samuel;;A/5 21172;0.398936310590757;0;True;true_negative;0.6010636894092429;0.10106368940924298
23;1;3;female;15.0;8.0292;0;0;Q;"McGowan, Miss. Anna ""Annie""";;330923;0.6161821380642762;1;True;true_positive;0.6161821380642762;0.11618213806427624
544;1;2;male;32.0;26.0;1;0;S;Beane, Mr. Edward;;2908;0.10763699960901474;0;False;false_negative;0.8923630003909853;0.39236300039098526
683;0;3;male;20.0;9.225;0;0;S;Olsvigen, Mr. Thor Anderson;;6563;0.0843654234459305;0;True;true_negative;0.9156345765540695;0.4156345765540695
86;1;3;female;33.0;15.85;3;0;S;Backstrom, Mrs. Karl Alfred (Maria Mathilda Gustafsson);;3101278;0.43029572414155015;0;False;false_negative;0.5697042758584498;0.06970427585844985
354;0;3;male;25.0;17.8;1;0;S;Arnold-Franchi, Mr. Josef;;349237;0.06857745078578764;0;True;true_negative;0.9314225492142123;0.43142254921421236
178;0;1;female;50.0;28.7125;0;0;C;Isham, Miss. Ann Elizabeth;C49;PC 17595;0.9739748803767884;1;False;false_positive;0.9739748803767884;0.47397488037678837
6;0;3;male;;8.4583;0;0;Q;Moran, Mr. James;;330877;0.05645231160690924;0;True;true_negative;0.9435476883930908;0.4435476883930908
815;0;3;male;30.5;8.05;0;0;S;Tomlin, Mr. Ernest Portage;;364499;0.11304453390471234;0;True;true_negative;0.8869554660952876;0.38695546609528764
48;1;3;female;;7.75;0;0;Q;O'Driscoll, Miss. Bridget;;14311;0.632938970067695;1;True;true_positive;0.632938970067695;0.13293897006769495
516;0;1;male;47.0;34.0208;0;0;S;Walker, Mr. William Anderson;D46;36967;0.3115729538727633;0;True;true_negative;0.6884270461272367;0.1884270461272367
383;0;3;male;32.0;7.925;0;0;S;Tikkanen, Mr. Juho;;STON/O 2. 3101293;0.1147754953219788;0;True;true_negative;0.8852245046780212;0.3852245046780212
359;1;3;female;;7.8792;0;0;Q;McGovern, Miss. Mary;;330931;0.8120118907109725;1;True;true_positive;0.8120118907109725;0.31201189071097246
84;0;1;male;28.0;47.1;0;0;S;Carrau, Mr. Francisco M;;113059;0.24519738458136142;0;True;true_negative;0.7548026154186386;0.2548026154186386
579;0;3;female;;14.4583;1;0;C;Caram, Mrs. Joseph (Maria Elias);;2689;0.49440851623984183;0;True;true_negative;0.5055914837601582;0.005591483760158167
201;0;3;male;28.0;9.5;0;0;S;Vande Walle, Mr. Nestor Cyriel;;345770;0.105168653294576;0;True;true_negative;0.894831346705424;0.39483134670542397
671;1;2;female;40.0;39.0;1;1;S;Brown, Mrs. Thomas William Solomon (Elizabeth Catherine Ford);;29750;0.8410214989945873;1;True;true_positive;0.8410214989945873;0.34102149899458734
92;0;3;male;20.0;7.8542;0;0;S;Andreasson, Mr. Paul Edvin;;347466;0.398936310590757;0;True;true_negative;0.6010636894092429;0.10106368940924298
352;0;1;male;;35.0;0;0;S;Williams-Lambert, Mr. Fletcher Fellows;C128;113510;0.4747772104053369;0;True;true_negative;0.5252227895946631;0.02522278959466312
842;0;2;male;16.0;10.5;0;0;S;Mudd, Mr. Thomas Charles;;S.O./P.P. 3;0.10119095468181136;0;True;true_negative;0.8988090453181886;0.3988090453181886
620;0;2;male;26.0;10.5;0;0;S;Gavey, Mr. Lawrence;;31028;0.09567625908329706;0;True;true_negative;0.904323740916703;0.4043237409167029
242;1;3;female;;15.5;1;0;Q;"Murphy, Miss. Katherine ""Kate""";;367230;0.7733868523644473;1;True;true_positive;0.7733868523644473;0.27338685236444726
189;0;3;male;40.0;15.5;1;1;Q;Bourke, Mr. John;;364849;0.08335452182402936;0;True;true_negative;0.9166454781759706;0.41664547817597064
810;1;1;female;33.0;53.1;1;0;S;Chambers, Mrs. Norman Campbell (Bertha Griggs);E8;113806;0.9839378777298349;1;True;true_positive;0.9839378777298349;0.4839378777298349
159;0;3;male;;8.6625;0;0;S;Smiljanic, Mr. Mile;;315037;0.1081287619021637;0;True;true_negative;0.8918712380978363;0.3918712380978363
454;1;1;male;49.0;89.1042;1;0;C;Goldenberg, Mr. Samuel L;C92;17453;0.4864802607303407;0;False;false_negative;0.5135197392696593;0.013519739269659325
140;0;1;male;24.0;79.2;0;0;C;Giglio, Mr. Victor;B86;PC 17593;0.4864802607303407;0;True;true_negative;0.5135197392696593;0.013519739269659325
4;1;1;female;35.0;53.1;1;0;S;Futrelle, Mrs. Jacques Heath (Lily May Peel);C123;113803;0.9790447672861964;1;True;true_positive;0.9790447672861964;0.4790447672861964
532;0;3;male;;7.2292;0;0;C;Toufik, Mr. Nakli;;2641;0.398936310590757;0;True;true_negative;0.6010636894092429;0.10106368940924298
498;0;3;male;;15.1;0;0;S;Shellard, Mr. Frederick William;;C.A. 6212;0.10269245585176456;0;True;true_negative;0.8973075441482354;0.39730754414823544
455;0;3;male;;8.05;0;0;S;Peduzzi, Mr. Joseph;;A/5 2817;0.13428180508108506;0;True;true_negative;0.865718194918915;0.36571819491891494
245;0;3;male;30.0;7.225;0;0;C;Attalah, Mr. Sleiman;;2694;0.10138151416710287;0;True;true_negative;0.8986184858328972;0.39861848583289716
88;0;3;male;;8.05;0;0;S;Slocovski, Mr. Selman Francis;;SOTON/OQ 392086;0.1081287619021637;0;True;true_negative;0.8918712380978363;0.3918712380978363
195;1;1;female;44.0;27.7208;0;0;C;Brown, Mrs. James Joseph (Margaret Tobin);B4;PC 17610;0.9571953523470913;1;True;true_positive;0.9571953523470913;0.4571953523470913
494;0;1;male;71.0;49.5042;0;0;C;Artagaveytia, Mr. Ramon;;PC 17609;0.25800550054705956;0;True;true_negative;0.7419944994529404;0.24199449945294044
484;1;3;female;63.0;9.5875;0;0;S;Turkula, Mrs. (Hedwig);;4134;0.5442431973271316;1;True;true_positive;0.5442431973271316;0.044243197327131556
828;1;2;male;1.0;37.0042;0;2;C;Mallet, Master. Andre;;S.C./PARIS 2079;0.8762661744212705;1;True;true_positive;0.8762661744212705;0.3762661744212705
876;1;3;female;15.0;7.225;0;0;C;"Najib, Miss. Adele Kiamie ""Jane""";;2667;0.5247167191106853;1;True;true_positive;0.5247167191106853;0.024716719110685292
641;0;3;male;20.0;7.8542;0;0;S;Jensen, Mr. Hans Peder;;350050;0.398936310590757;0;True;true_negative;0.6010636894092429;0.10106368940924298
339;1;3;male;45.0;8.05;0;0;S;Dahl, Mr. Karl Edwart;;7598;0.11617032360499066;0;False;false_negative;0.8838296763950093;0.3838296763950093
368;1;3;female;;7.2292;0;0;C;Moussa, Mrs. (Mantoura Boulos);;2626;0.7516284935152359;1;True;true_positive;0.7516284935152359;0.25162849351523586
803;1;1;male;11.0;120.0;1;2;S;Carter, Master. William Thornton II;B96 B98;113760;0.8192579762234204;1;True;true_positive;0.8192579762234204;0.31925797622342045
456;1;3;male;29.0;7.8958;0;0;C;Jalsevac, Mr. Ivan;;349240;0.08276402614440936;0;False;false_negative;0.9172359738555906;0.41723597385559064
485;1;1;male;25.0;91.0792;1;0;C;Bishop, Mr. Dickinson H;B49;11967;0.49130433638467413;0;False;false_negative;0.5086956636153259;0.008695663615325866
745;1;3;male;31.0;7.925;0;0;S;Stranden, Mr. Juho;;STON/O 2. 3101288;0.398936310590757;0;False;false_negative;0.6010636894092429;0.10106368940924298
632;0;3;male;51.0;7.0542;0;0;S;Lundahl, Mr. Johan Svensson;;347743;0.0189258184713675;0;True;true_negative;0.9810741815286325;0.4810741815286325
627;0;2;male;57.0;12.35;0;0;Q;Kirkland, Rev. Charles Leonard;;219533;0.3952537111346197;0;True;true_negative;0.6047462888653803;0.10474628886538029
215;0;3;male;;7.75;1;0;Q;Kiernan, Mr. Philip;;367229;0.04761578667843076;0;True;true_negative;0.9523842133215692;0.45238421332156925
786;0;3;male;25.0;7.25;0;0;S;Harmer, Mr. Abraham (David Lishin);;374887;0.12189447385434421;0;True;true_negative;0.8781055261456558;0.3781055261456558
254;0;3;male;30.0;16.1;1;0;S;Lobb, Mr. William Arthur;;A/5. 3336;0.09020503920014558;0;True;true_negative;0.9097949607998544;0.40979496079985445
202;0;3;male;;69.55;8;2;S;Sage, Mr. Frederick;;CA. 2343;0.03132555301539597;0;True;true_negative;0.968674446984604;0.46867444698460403
821;1;1;female;52.0;93.5;1;1;S;Hays, Mrs. Charles Melville (Clara Jennings Gregg);B69;12749;0.9579318416499215;1;True;true_positive;0.9579318416499215;0.4579318416499215
104;0;3;male;33.0;8.6542;0;0;S;Johansson, Mr. Gustaf Joel;;7540;0.11304453390471234;0;True;true_negative;0.8869554660952876;0.38695546609528764
220;0;2;male;30.0;10.5;0;0;S;Harris, Mr. Walter;;W/C 14208;0.11333559281289485;0;True;true_negative;0.8866644071871052;0.38666440718710515
134;1;2;female;29.0;26.0;1;0;S;Weisz, Mrs. Leopold (Mathilde Francoise Pede);;228414;0.8854083482836812;1;True;true_positive;0.8854083482836812;0.3854083482836812
427;1;2;female;28.0;26.0;1;0;S;Clarke, Mrs. Charles V (Ada Maria Winfield);;2003;0.799490497037656;1;True;true_positive;0.799490497037656;0.29949049703765596
556;0;1;male;62.0;26.55;0;0;S;Wright, Mr. George;;113807;0.2089272946700061;0;True;true_negative;0.791072705329994;0.2910727053299939
530;0;2;male;23.0;11.5;2;1;S;Hocking, Mr. Richard George;;29104;0.09645737778010008;0;True;true_negative;0.9035426222198999;0.4035426222198999
331;1;3;female;;23.25;2;0;Q;McCoy, Miss. Agnes;;367226;0.5600190418791323;1;True;true_positive;0.5600190418791323;0.06001904187913232
334;0;3;male;16.0;18.0;2;0;S;Vander Planke, Mr. Leo Edmondus;;345764;0.0977110669081334;0;True;true_negative;0.9022889330918666;0.4022889330918666
255;0;3;female;41.0;20.2125;0;2;S;Rosblom, Mrs. Viktor (Helena Wilhelmina);;370129;0.535476434172643;1;False;false_positive;0.535476434172643;0.03547643417264301
106;0;3;male;28.0;7.8958;0;0;S;Mionoff, Mr. Stoytcho;;349207;0.13428180508108506;0;True;true_negative;0.865718194918915;0.36571819491891494
428;1;2;female;19.0;26.0;0;0;S;"Phillips, Miss. Kate Florence (""Mrs Kate Louise Phillips Marshall"")";;250655;0.8732630984731853;1;True;true_positive;0.8732630984731853;0.3732630984731853
12;1;1;female;58.0;26.55;0;0;S;Bonnell, Miss. Elizabeth;C103;113783;0.7981083936641786;1;True;true_positive;0.7981083936641786;0.29810839366417863
662;0;3;male;40.0;7.225;0;0;C;Badt, Mr. Mohamed;;2623;0.08613983162042224;0;True;true_negative;0.9138601683795777;0.41386016837957773
42;0;2;female;27.0;21.0;1;0;S;Turpin, Mrs. William John Robert (Dorothy Ann Wonnacott);;11668;0.8667824457563708;1;False;false_positive;0.8667824457563708;0.36678244575637076
436;1;1;female;14.0;120.0;1;2;S;Carter, Miss. Lucile Polk;B96 B98;113760;0.8748562673794266;1;True;true_positive;0.8748562673794266;0.37485626737942657
553;0;3;male;;7.8292;0;0;Q;O'Brien, Mr. Timothy;;330979;0.11958913880474145;0;True;true_negative;0.8804108611952586;0.3804108611952586
