PassengerId;Survived;Pclass;Sex;Age;Fare;SibSp;Parch;Embarked;Name;Cabin;Ticket;oof_probability;oof_prediction;is_correct;prediction_type;confidence;distance_to_threshold
850;1;1;female;;89.1042;1;0;C;Goldenberg, Mrs. Samuel L (Edwiga Grabowska);C92;17453;0.954132080078125;1;True;true_positive;0.954132080078125;0.454132080078125
262;1;3;male;3.0;31.3875;4;2;S;Asplund, Master. Edvin Rojj Felix;;347077;0.08789613842964172;0;False;false_negative;0.9121038615703583;0.4121038615703583
753;0;3;male;33.0;9.5;0;0;S;Vande Velde, Mr. Johannes Joseph;;345780;0.30405521392822266;0;True;true_negative;0.6959447860717773;0.19594478607177734
538;1;1;female;30.0;106.425;0;0;C;LeRoy, Miss. Bertha;;PC 17761;0.9934954643249512;1;True;true_positive;0.9934954643249512;0.49349546432495117
433;1;2;female;42.0;26.0;1;0;S;Louch, Mrs. Charles Alexander (Alice Adelaide Slow);;SC/AH 3085;0.5293824672698975;1;True;true_positive;0.5293824672698975;0.02938246726989746
289;1;2;male;42.0;13.0;0;0;S;Hosono, Mr. Masabumi;;237798;0.24905306100845337;0;False;false_negative;0.7509469389915466;0.25094693899154663
831;1;3;female;15.0;14.4542;1;0;C;Yasbeck, Mrs. Antoni (Selini Alexander);;2659;0.5254538655281067;1;True;true_positive;0.5254538655281067;0.02545386552810669
776;0;3;male;18.0;7.75;0;0;S;Myhrman, Mr. Pehr Fabian Oliver Malkolm;;347078;0.30405521392822266;0;True;true_negative;0.6959447860717773;0.19594478607177734
522;0;3;male;22.0;7.8958;0;0;S;Vovk, Mr. Janko;;349252;0.03850321099162102;0;True;true_negative;0.961496789008379;0.461496789008379
40;1;3;female;14.0;11.2417;1;0;C;Nicola-Yarred, Miss. Jamila;;2651;0.20626240968704224;0;False;false_negative;0.7937375903129578;0.29373759031295776
177;0;3;male;;25.4667;3;1;S;Lefebre, Master. Henry Forbes;;4133;0.0870213657617569;0;True;true_negative;0.9129786342382431;0.4129786342382431
793;0;3;female;;69.55;8;2;S;Sage, Miss. Stella Anna;;CA. 2343;0.10592930018901825;0;True;true_negative;0.8940706998109818;0.39407069981098175
329;1;3;female;31.0;20.525;1;1;S;Goldsmith, Mrs. Frank John (Emily Alice Brown);;363291;0.47836124897003174;0;False;false_negative;0.5216387510299683;0.02163875102996826
616;1;2;female;24.0;65.0;1;2;S;Herman, Miss. Alice;;220845;0.5293824672698975;1;True;true_positive;0.5293824672698975;0.02938246726989746
370;1;1;female;24.0;69.3;0;0;C;Aubart, Mme. Leontine Pauline;B35;PC 17477;0.5293824672698975;1;True;true_positive;0.5293824672698975;0.02938246726989746
477;0;2;male;34.0;21.0;1;0;S;Renouf, Mr. Peter Henry;;31027;0.09797853976488113;0;True;true_negative;0.9020214602351189;0.40202146023511887
280;1;3;female;35.0;20.25;1;1;S;Abbott, Mrs. Stanton (Rosa Hunt);;C.A. 2673;0.5309118628501892;1;True;true_positive;0.5309118628501892;0.03091186285018921
5;0;3;male;35.0;8.05;0;0;S;Allen, Mr. William Henry;;373450;0.14853905141353607;0;True;true_negative;0.8514609485864639;0.35146094858646393
798;1;3;female;31.0;8.6833;0;0;S;Osman, Mrs. Mara;;349244;0.32397520542144775;0;False;false_negative;0.6760247945785522;0.17602479457855225
10;1;2;female;14.0;30.0708;1;0;C;Nasser, Mrs. Nicholas (Adele Achem);;237736;0.9148793816566467;1;True;true_positive;0.9148793816566467;0.41487938165664673
326;1;1;female;36.0;135.6333;0;0;C;Young, Miss. Marie Grice;C32;PC 17760;0.5293824672698975;1;True;true_positive;0.5293824672698975;0.02938246726989746
514;1;1;female;54.0;59.4;1;0;C;Rothschild, Mrs. Martin (Elizabeth L. Barrett);;PC 17603;0.9553174376487732;1;True;true_positive;0.9553174376487732;0.4553174376487732
801;0;2;male;34.0;13.0;0;0;S;Ponesell, Mr. Martin;;250647;0.30405521392822266;0;True;true_negative;0.6959447860717773;0.19594478607177734
474;1;2;female;23.0;13.7917;0;0;C;Jerwan, Mrs. Amin S (Marie Marthe Thuillard);D;SC/AH Basle 541;0.8618780970573425;1;True;true_positive;0.8618780970573425;0.36187809705734253
423;0;3;male;29.0;7.875;0;0;S;Zimmerman, Mr. Leo;;315082;0.2397029548883438;0;True;true_negative;0.7602970451116562;0.2602970451116562
87;0;3;male;16.0;34.375;1;3;S;Ford, Mr. William Neal;;W./C. 6608;0.24131017923355103;0;True;true_negative;0.758689820766449;0.258689820766449
629;0;3;male;26.0;7.8958;0;0;S;Bostandyeff, Mr. Guentcho;;349224;0.30405521392822266;0;True;true_negative;0.6959447860717773;0.19594478607177734
43;0;3;male;;7.8958;0;0;C;Kraeff, Mr. Theodor;;349253;0.16526910662651062;0;True;true_negative;0.8347308933734894;0.3347308933734894
743;1;1;female;21.0;262.375;2;2;C;"Ryerson, Miss. Susan Parker ""Suzette""";B57 B59 B63 B66;PC 17608;0.664801299571991;1;True;true_positive;0.664801299571991;0.16480129957199097
837;0;3;male;21.0;8.6625;0;0;S;Pasic, Mr. Jakob;;315097;0.30405521392822266;0;True;true_negative;0.6959447860717773;0.19594478607177734
611;0;3;female;39.0;31.275;1;5;S;Andersson, Mrs. Anders Johan (Alfrida Konstantia Brogren);;347082;0.35927000641822815;0;True;true_negative;0.6407299935817719;0.14072999358177185
174;0;3;male;21.0;7.925;0;0;S;Sivola, Mr. Antti Wilhelm;;STON/O 2. 3101280;0.07264521718025208;0;True;true_negative;0.9273547828197479;0.4273547828197479
125;0;1;male;54.0;77.2875;0;1;S;White, Mr. Percival Wayland;D26;35281;0.057134825736284256;0;True;true_negative;0.9428651742637157;0.44286517426371574
747;0;3;male;16.0;20.25;1;1;S;Abbott, Mr. Rossmore Edward;;C.A. 2673;0.07437410950660706;0;True;true_negative;0.9256258904933929;0.42562589049339294
313;0;2;female;26.0;26.0;1;1;S;Lahtinen, Mrs. William (Anna Sylfven);;250651;0.9273698925971985;1;False;false_positive;0.9273698925971985;0.4273698925971985
410;0;3;female;;25.4667;3;1;S;Lefebre, Miss. Ida;;4133;0.007640423718839884;0;True;true_negative;0.9923595762811601;0.4923595762811601
244;0;3;male;22.0;7.125;0;0;S;Maenpaa, Mr. Matti Alexanteri;;STON/O 2. 3101275;0.2401386797428131;0;True;true_negative;0.7598613202571869;0.2598613202571869
560;1;3;female;36.0;17.4;1;0;S;de Messemaeker, Mrs. Guillaume Joseph (Emma);;345572;0.6833822727203369;1;True;true_positive;0.6833822727203369;0.18338227272033691
293;0;2;male;36.0;12.875;0;0;C;Levy, Mr. Rene Jacques;D;SC/Paris 2163;0.13556413352489471;0;True;true_negative;0.8644358664751053;0.3644358664751053
446;1;1;male;4.0;81.8583;0;2;S;Dodge, Master. Washington;A34;33638;0.9015363454818726;1;True;true_positive;0.9015363454818726;0.40153634548187256
413;1;1;female;33.0;90.0;1;0;Q;Minahan, Miss. Daisy E;C78;19928;0.9691432118415833;1;True;true_positive;0.9691432118415833;0.46914321184158325
615;0;3;male;35.0;8.05;0;0;S;Brocklebank, Mr. William Alfred;;364512;0.1471042037010193;0;True;true_negative;0.8528957962989807;0.3528957962989807
651;0;3;male;;7.8958;0;0;S;Mitkoff, Mr. Mito;;349221;0.24905306100845337;0;True;true_negative;0.7509469389915466;0.25094693899154663
46;0;3;male;;8.05;0;0;S;Rogers, Mr. William John;;S.C./A.4. 23567;0.09722809493541718;0;True;true_negative;0.9027719050645828;0.4027719050645828
349;1;3;male;3.0;15.9;1;1;S;"Coutts, Master. William Loch ""William""";;C.A. 37671;0.8952583074569702;1;True;true_positive;0.8952583074569702;0.3952583074569702
107;1;3;female;21.0;7.65;0;0;S;Salkjelsvik, Miss. Anna Kristine;;343120;0.5059413313865662;1;True;true_positive;0.5059413313865662;0.005941331386566162
341;1;2;male;2.0;26.0;1;1;S;Navratil, Master. Edmond Roger;F2;230080;0.5575592517852783;1;True;true_positive;0.5575592517852783;0.05755925178527832
634;0;1;male;;0.0;0;0;S;Parr, Mr. William Henry Marsh;;112052;0.3117138147354126;0;True;true_negative;0.6882861852645874;0.1882861852645874
425;0;3;male;18.0;20.2125;1;1;S;Rosblom, Mr. Viktor Richard;;370129;0.22056283056735992;0;True;true_negative;0.7794371694326401;0.2794371694326401
817;0;3;female;23.0;7.925;0;0;S;Heininen, Miss. Wendla Maria;;STON/O2. 3101290;0.5756895542144775;1;False;false_positive;0.5756895542144775;0.07568955421447754
357;1;1;female;22.0;55.0;0;1;S;Bowerman, Miss. Elsie Edith;E33;113505;0.5293824672698975;1;True;true_positive;0.5293824672698975;0.02938246726989746
417;1;2;female;34.0;32.5;1;1;S;Drew, Mrs. James Vivian (Lulu Thorne Christian);;28220;0.9798112511634827;1;True;true_positive;0.9798112511634827;0.47981125116348267
150;0;2;male;42.0;13.0;0;0;S;Byles, Rev. Thomas Roussel Davids;;244310;0.3725074827671051;0;True;true_negative;0.6274925172328949;0.1274925172328949
599;0;3;male;;7.225;0;0;C;Boulos, Mr. Hanna;;2664;0.10574734956026077;0;True;true_negative;0.8942526504397392;0.3942526504397392
11;1;3;female;4.0;16.7;1;1;S;Sandstrom, Miss. Marguerite Rut;G6;PP 9549;0.498721182346344;0;False;false_negative;0.501278817653656;0.0012788176536560059
343;0;2;male;28.0;13.0;0;0;S;Collander, Mr. Erik Gustaf;;248740;0.11466705799102783;0;True;true_negative;0.8853329420089722;0.38533294200897217
60;0;3;male;11.0;46.9;5;2;S;Goodwin, Master. William Frederick;;CA 2144;0.3250817060470581;0;True;true_negative;0.6749182939529419;0.1749182939529419
269;1;1;female;58.0;153.4625;0;1;S;Graham, Mrs. William Thompson (Edith Junkins);C125;PC 17582;0.5293824672698975;1;True;true_positive;0.5293824672698975;0.02938246726989746
551;1;1;male;17.0;110.8833;0;2;C;Thayer, Mr. John Borland Jr;C70;17421;0.27136242389678955;0;False;false_negative;0.7286375761032104;0.22863757610321045
54;1;2;female;29.0;26.0;1;0;S;Faunthorpe, Mrs. Lizzie (Elizabeth Anne Wilkinson);;2926;0.8922948837280273;1;True;true_positive;0.8922948837280273;0.39229488372802734
401;1;3;male;39.0;7.925;0;0;S;Niskanen, Mr. Juha;;STON/O 2. 3101289;0.30405521392822266;0;False;false_negative;0.6959447860717773;0.19594478607177734
610;1;1;female;40.0;153.4625;0;0;S;Shutes, Miss. Elizabeth W;C125;PC 17582;0.6839819550514221;1;True;true_positive;0.6839819550514221;0.18398195505142212
540;1;1;female;22.0;49.5;0;2;C;Frolicher, Miss. Hedwig Margaritha;B39;13568;0.5293824672698975;1;True;true_positive;0.5293824672698975;0.02938246726989746
524;1;1;female;44.0;57.9792;0;1;C;Hippach, Mrs. Louis Albert (Ida Sophia Fischer);B18;111361;0.9840087890625;1;True;true_positive;0.9840087890625;0.4840087890625
851;0;3;male;4.0;31.275;4;2;S;Andersson, Master. Sigvard Harald Elias;;347082;0.0677948147058487;0;True;true_negative;0.9322051852941513;0.4322051852941513
402;0;3;male;26.0;8.05;0;0;S;Adams, Mr. John;;341826;0.06759355962276459;0;True;true_negative;0.9324064403772354;0.4324064403772354
767;0;1;male;;39.6;0;0;C;Brewe, Dr. Arthur Jackson;;112379;0.4768253564834595;0;True;true_negative;0.5231746435165405;0.023174643516540527
533;0;3;male;17.0;7.2292;1;1;C;Elias, Mr. Joseph Jr;;2690;0.25139468908309937;0;True;true_negative;0.7486053109169006;0.24860531091690063
270;1;1;female;35.0;135.6333;0;0;S;Bissette, Miss. Amelia;C99;PC 17760;0.9831463694572449;1;True;true_positive;0.9831463694572449;0.4831463694572449
166;1;3;male;9.0;20.525;0;2;S;"Goldsmith, Master. Frank John William ""Frankie""";;363291;0.7539455890655518;1;True;true_positive;0.7539455890655518;0.25394558906555176
320;1;1;female;40.0;134.5;1;1;C;Spedden, Mrs. Frederic Oakley (Margaretta Corning Stone);E34;16966;0.9600500464439392;1;True;true_positive;0.9600500464439392;0.4600500464439392
520;0;3;male;32.0;7.8958;0;0;S;Pavlovic, Mr. Stefo;;349242;0.2435276210308075;0;True;true_negative;0.7564723789691925;0.2564723789691925
108;1;3;male;;7.775;0;0;S;Moss, Mr. Albert Johan;;312991;0.15558654069900513;0;False;false_negative;0.8444134593009949;0.3444134593009949
888;1;1;female;19.0;30.0;0;0;S;Graham, Miss. Margaret Edith;B42;112053;0.992088258266449;1;True;true_positive;0.992088258266449;0.492088258266449
709;1;1;female;22.0;151.55;0;0;S;Cleaver, Miss. Alice;;113781;0.9421559572219849;1;True;true_positive;0.9421559572219849;0.44215595722198486
396;0;3;male;22.0;7.7958;0;0;S;Johansson, Mr. Erik;;350052;0.1470116376876831;0;True;true_negative;0.8529883623123169;0.3529883623123169
715;0;2;male;52.0;13.0;0;0;S;Greenberg, Mr. Samuel;;250647;0.12180778384208679;0;True;true_negative;0.8781922161579132;0.3781922161579132
771;0;3;male;24.0;9.5;0;0;S;Lievens, Mr. Rene Aime;;345781;0.30405521392822266;0;True;true_negative;0.6959447860717773;0.19594478607177734
731;1;1;female;29.0;211.3375;0;0;S;Allen, Miss. Elisabeth Walton;B5;24160;0.9421559572219849;1;True;true_positive;0.9421559572219849;0.44215595722198486
358;0;2;female;38.0;13.0;0;0;S;Funk, Miss. Annie Clemmer;;237671;0.6839819550514221;1;False;false_positive;0.6839819550514221;0.18398195505142212
655;0;3;female;18.0;6.75;0;0;Q;"Hegarty, Miss. Hanora ""Nora""";;365226;0.6992442011833191;1;False;false_positive;0.6992442011833191;0.1992442011833191
746;0;1;male;70.0;71.0;1;1;S;Crosby, Capt. Edward Gifford;B22;WE/P 5735;0.5698472261428833;1;False;false_positive;0.5698472261428833;0.0698472261428833
26;1;3;female;38.0;31.3875;1;5;S;Asplund, Mrs. Carl Oscar (Selma Augusta Emilia Johansson);;347077;0.09670177102088928;0;False;false_negative;0.9032982289791107;0.4032982289791107
152;1;1;female;22.0;66.6;1;0;S;Pears, Mrs. Thomas (Edith Wearne);C2;113776;0.9869300127029419;1;True;true_positive;0.9869300127029419;0.4869300127029419
415;1;3;male;44.0;7.925;0;0;S;Sundman, Mr. Johan Julian;;STON/O 2. 3101269;0.30405521392822266;0;False;false_negative;0.6959447860717773;0.19594478607177734
623;1;3;male;20.0;15.7417;1;1;C;Nakid, Mr. Sahid;;2653;0.25139468908309937;0;False;false_negative;0.7486053109169006;0.24860531091690063
476;0;1;male;;52.0;0;0;S;Clifford, Mr. George Quincy;A14;110465;0.3715195655822754;0;True;true_negative;0.6284804344177246;0.1284804344177246
405;0;3;female;20.0;8.6625;0;0;S;Oreskovic, Miss. Marija;;315096;0.13292914628982544;0;True;true_negative;0.8670708537101746;0.36707085371017456
595;0;2;male;37.0;26.0;1;0;S;Chapman, Mr. John Henry;;SC/AH 29037;0.225816011428833;0;True;true_negative;0.774183988571167;0.274183988571167
336;0;3;male;;7.8958;0;0;S;Denkoff, Mr. Mitto;;349225;0.12943580746650696;0;True;true_negative;0.870564192533493;0.37056419253349304
687;0;3;male;14.0;39.6875;4;1;S;Panula, Mr. Jaako Arnold;;3101295;0.05580386891961098;0;True;true_negative;0.944196131080389;0.444196131080389
694;0;3;male;25.0;7.225;0;0;C;Saad, Mr. Khalil;;2672;0.30405521392822266;0;True;true_negative;0.6959447860717773;0.19594478607177734
3;1;3;female;26.0;7.925;0;0;S;Heikkinen, Miss. Laina;;STON/O2. 3101282;0.4764435291290283;0;False;false_negative;0.5235564708709717;0.02355647087097168
805;1;3;male;27.0;6.975;0;0;S;Hedman, Mr. Oskar Arvid;;347089;0.10945297032594681;0;False;false_negative;0.8905470296740532;0.3905470296740532
512;0;3;male;;8.05;0;0;S;Webber, Mr. James;;SOTON/OQ 3101316;0.24905306100845337;0;True;true_negative;0.7509469389915466;0.25094693899154663
822;1;3;male;27.0;8.6625;0;0;S;Lulic, Mr. Nikola;;315098;0.30405521392822266;0;False;false_negative;0.6959447860717773;0.19594478607177734
116;0;3;male;21.0;7.925;0;0;S;Pekoniemi, Mr. Edvard;;STON/O 2. 3101294;0.07063313573598862;0;True;true_negative;0.9293668642640114;0.4293668642640114
738;1;1;male;35.0;512.3292;0;0;C;Lesurer, Mr. Gustave J;B101;PC 17755;0.6236523985862732;1;True;true_positive;0.6236523985862732;0.1236523985862732
56;1;1;male;;35.5;0;0;S;Woolner, Mr. Hugh;C52;19947;0.1939518302679062;0;False;false_negative;0.8060481697320938;0.3060481697320938
268;1;3;male;25.0;7.775;1;0;S;Persson, Mr. Ernst Ulrik;;347083;0.30405521392822266;0;False;false_negative;0.6959447860717773;0.19594478607177734
505;1;1;female;16.0;86.5;0;0;S;Maioni, Miss. Roberta;B79;110152;0.6839819550514221;1;True;true_positive;0.6839819550514221;0.18398195505142212
276;1;1;female;63.0;77.9583;1;0;S;Andrews, Miss. Kornelia Theodosia;D7;13502;0.5293824672698975;1;True;true_positive;0.5293824672698975;0.02938246726989746
849;0;2;male;28.0;33.0;0;1;S;Harper, Rev. John;;248727;0.23558883368968964;0;True;true_negative;0.7644111663103104;0.26441116631031036
800;0;3;female;30.0;24.15;1;1;S;Van Impe, Mrs. Jean Baptiste (Rosalie Paula Govaert);;345773;0.15674225986003876;0;True;true_negative;0.8432577401399612;0.34325774013996124
97;0;1;male;71.0;34.6542;0;0;C;Goldschmidt, Mr. George B;A5;PC 17754;0.3874240815639496;0;True;true_negative;0.6125759184360504;0.11257591843605042
463;0;1;male;47.0;38.5;0;0;S;Gee, Mr. Arthur H;E63;111320;0.24375256896018982;0;True;true_negative;0.7562474310398102;0.2562474310398102
503;0;3;female;;7.6292;0;0;Q;O'Sullivan, Miss. Bridget Mary;;330909;0.9216558337211609;1;False;false_positive;0.9216558337211609;0.4216558337211609
769;0;3;male;;24.15;1;0;Q;Moran, Mr. Daniel J;;371110;0.30405521392822266;0;True;true_negative;0.6959447860717773;0.19594478607177734
332;0;1;male;45.5;28.5;0;0;S;Partner, Mr. Austen;C124;113043;0.3876259922981262;0;True;true_negative;0.6123740077018738;0.11237400770187378
534;1;3;female;;22.3583;0;2;C;Peter, Mrs. Catherine (Catherine Rizk);;2668;0.7280099391937256;1;True;true_positive;0.7280099391937256;0.22800993919372559
804;1;3;male;0.42;8.5167;0;1;C;Thomas, Master. Assad Alexander;;2625;0.4764435291290283;0;False;false_negative;0.5235564708709717;0.02355647087097168
679;0;3;female;43.0;46.9;1;6;S;Goodwin, Mrs. Frederick (Augusta Tyler);;CA 2144;0.20875202119350433;0;True;true_negative;0.7912479788064957;0.29124797880649567
420;0;3;female;10.0;24.15;0;2;S;Van Impe, Miss. Catharina;;345773;0.3724413514137268;0;True;true_negative;0.6275586485862732;0.1275586485862732
458;1;1;female;;51.8625;1;0;S;Kenyon, Mrs. Frederick R (Marion);D21;17464;0.6839819550514221;1;True;true_positive;0.6839819550514221;0.18398195505142212
444;1;2;female;28.0;13.0;0;0;S;Reynaldo, Ms. Encarnacion;;230434;0.876547634601593;1;True;true_positive;0.876547634601593;0.376547634601593
223;0;3;male;51.0;8.05;0;0;S;Green, Mr. George Henry;;21440;0.11391331255435944;0;True;true_negative;0.8860866874456406;0.38608668744564056
41;0;3;female;40.0;9.475;1;0;S;Ahlin, Mrs. Johan (Johanna Persdotter Larsson);;7546;0.3945402503013611;0;True;true_negative;0.6054597496986389;0.10545974969863892
640;0;3;male;;16.1;1;0;S;Thorneycroft, Mr. Percival;;376564;0.30405521392822266;0;True;true_negative;0.6959447860717773;0.19594478607177734
216;1;1;female;31.0;113.275;1;0;C;Newell, Miss. Madeleine;D36;35273;0.9969082474708557;1;True;true_positive;0.9969082474708557;0.4969082474708557
650;1;3;female;23.0;7.55;0;0;S;Stanley, Miss. Amy Zillah Elsie;;CA. 2314;0.7456381916999817;1;True;true_positive;0.7456381916999817;0.2456381916999817
527;1;2;female;50.0;10.5;0;0;S;Ridsdale, Miss. Lucy;;W./C. 14258;0.6743695735931396;1;True;true_positive;0.6743695735931396;0.17436957359313965
44;1;2;female;3.0;41.5792;1;2;C;Laroche, Miss. Simonne Marie Anne Andree;;SC/Paris 2123;0.8841902017593384;1;True;true_positive;0.8841902017593384;0.3841902017593384
442;0;3;male;20.0;9.5;0;0;S;Hampe, Mr. Leon;;345769;0.22056283056735992;0;True;true_negative;0.7794371694326401;0.2794371694326401
24;1;1;male;28.0;35.5;0;0;S;Sloper, Mr. William Thompson;A6;113788;0.1890941560268402;0;False;false_negative;0.8109058439731598;0.3109058439731598
713;1;1;male;48.0;52.0;1;0;S;Taylor, Mr. Elmer Zebley;C126;19996;0.10481493175029755;0;False;false_negative;0.8951850682497025;0.39518506824970245
465;0;3;male;;8.05;0;0;S;Maisner, Mr. Simon;;A/S 2816;0.09722809493541718;0;True;true_negative;0.9027719050645828;0.4027719050645828
565;0;3;female;;8.05;0;0;S;Meanwell, Miss. (Marion Ogden);;SOTON/O.Q. 392087;0.4764435291290283;0;True;true_negative;0.5235564708709717;0.02355647087097168
584;0;1;male;36.0;40.125;0;0;C;Ross, Mr. John Hugo;A10;13049;0.5507612824440002;1;False;false_positive;0.5507612824440002;0.050761282444000244
845;0;3;male;17.0;8.6625;0;0;S;Culumovic, Mr. Jeso;;315090;0.09901924431324005;0;True;true_negative;0.90098075568676;0.40098075568675995
865;0;2;male;24.0;13.0;0;0;S;Gill, Mr. John William;;233866;0.005610289052128792;0;True;true_negative;0.9943897109478712;0.4943897109478712
235;0;2;male;24.0;10.5;0;0;S;Leyson, Mr. Robert William Norman;;C.A. 29566;0.0062975334003567696;0;True;true_negative;0.9937024665996432;0.49370246659964323
656;0;2;male;24.0;73.5;2;0;S;Hickman, Mr. Leonard Mark;;S.O.C. 14879;0.30358758568763733;0;True;true_negative;0.6964124143123627;0.19641241431236267
389;0;3;male;;7.7292;0;0;Q;Sadlier, Mr. Matthew;;367655;0.047726649791002274;0;True;true_negative;0.9522733502089977;0.4522733502089977
391;1;1;male;36.0;120.0;1;2;S;Carter, Mr. William Ernest;B96 B98;113760;0.3187550902366638;0;False;false_negative;0.6812449097633362;0.18124490976333618
727;1;2;female;30.0;21.0;3;0;S;Renouf, Mrs. Peter Henry (Lillian Jefferys);;31027;0.9106321930885315;1;True;true_positive;0.9106321930885315;0.4106321930885315
478;0;3;male;29.0;7.0458;1;0;S;Braund, Mr. Lewis Richard;;3460;0.22043123841285706;0;True;true_negative;0.7795687615871429;0.27956876158714294
203;0;3;male;34.0;6.4958;0;0;S;Johanson, Mr. Jakob Alfred;;3101264;0.32854121923446655;0;True;true_negative;0.6714587807655334;0.17145878076553345
754;0;3;male;23.0;7.8958;0;0;S;Jonkoff, Mr. Lalio;;349204;0.08347434550523758;0;True;true_negative;0.9165256544947624;0.4165256544947624
307;1;1;female;;110.8833;0;0;C;Fleming, Miss. Margaret;;17421;0.9915077686309814;1;True;true_positive;0.9915077686309814;0.49150776863098145
373;0;3;male;19.0;8.05;0;0;S;Beavan, Mr. William Thomas;;323951;0.30405521392822266;0;True;true_negative;0.6959447860717773;0.19594478607177734
509;0;3;male;28.0;22.525;0;0;S;Olsen, Mr. Henry Margido;;C 4001;0.08796503394842148;0;True;true_negative;0.9120349660515785;0.4120349660515785
574;1;3;female;;7.75;0;0;Q;Kelly, Miss. Mary;;14312;0.734988808631897;1;True;true_positive;0.734988808631897;0.23498880863189697
706;0;2;male;39.0;26.0;0;0;S;"Morley, Mr. Henry Samuel (""Mr Henry Marshall"")";;250655;0.225816011428833;0;True;true_negative;0.774183988571167;0.274183988571167
32;1;1;female;;146.5208;1;0;C;Spencer, Mrs. William Augustus (Marie Eugenie);B78;PC 17569;0.5293824672698975;1;True;true_positive;0.5293824672698975;0.02938246726989746
748;1;2;female;30.0;13.0;0;0;S;Sinkkonen, Miss. Anna;;250648;0.8756833076477051;1;True;true_positive;0.8756833076477051;0.3756833076477051
807;0;1;male;39.0;0.0;0;0;S;Andrews, Mr. Thomas Jr;A36;112050;0.11508499830961227;0;True;true_negative;0.8849150016903877;0.3849150016903877
765;0;3;male;16.0;7.775;0;0;S;Eklund, Mr. Hans Linus;;347074;0.2486150562763214;0;True;true_negative;0.7513849437236786;0.2513849437236786
100;0;2;male;34.0;26.0;1;0;S;Kantor, Mr. Sinai;;244367;0.10197143256664276;0;True;true_negative;0.8980285674333572;0.39802856743335724
328;1;2;female;36.0;13.0;0;0;S;Ball, Mrs. (Ada E Hall);D;28551;0.5293824672698975;1;True;true_positive;0.5293824672698975;0.02938246726989746
725;1;1;male;27.0;53.1;1;0;S;Chambers, Mr. Norman Campbell;E8;113806;0.3784339725971222;0;False;false_negative;0.6215660274028778;0.12156602740287781
9;1;3;female;27.0;11.1333;0;2;S;Johnson, Mrs. Oscar W (Elisabeth Vilhelmina Berg);;347742;0.22095435857772827;0;False;false_negative;0.7790456414222717;0.27904564142227173
633;1;1;male;32.0;30.5;0;0;C;Stahelin-Maeglin, Dr. Max;B50;13214;0.8419772982597351;1;True;true_positive;0.8419772982597351;0.3419772982597351
459;1;2;female;50.0;10.5;0;0;S;Toomey, Miss. Ellen;;F.C.C. 13531;0.6839819550514221;1;True;true_positive;0.6839819550514221;0.18398195505142212
698;1;3;female;;7.7333;0;0;Q;"Mullens, Miss. Katherine ""Katie""";;35852;0.7861490845680237;1;True;true_positive;0.7861490845680237;0.2861490845680237
825;0;3;male;2.0;39.6875;4;1;S;Panula, Master. Urho Abraham;;3101295;0.08937838673591614;0;True;true_negative;0.9106216132640839;0.41062161326408386
327;0;3;male;61.0;6.2375;0;0;S;Nysveen, Mr. Johan Hansen;;345364;0.3384024500846863;0;True;true_negative;0.6615975499153137;0.16159754991531372
115;0;3;female;17.0;14.4583;0;0;C;Attalah, Miss. Malake;;2627;0.498721182346344;0;True;true_negative;0.501278817653656;0.0012788176536560059
492;0;3;male;21.0;7.25;0;0;S;Windelov, Mr. Einar;;SOTON/OQ 3101317;0.22056283056735992;0;True;true_negative;0.7794371694326401;0.2794371694326401
172;0;3;male;4.0;29.125;4;1;Q;Rice, Master. Arthur;;382652;0.04435458406805992;0;True;true_negative;0.9556454159319401;0.4556454159319401
603;0;1;male;;42.4;0;0;S;Harrington, Mr. Charles H;;113796;0.2569056749343872;0;True;true_negative;0.7430943250656128;0.2430943250656128
303;0;3;male;19.0;0.0;0;0;S;Johnson, Mr. William Cahoone Jr;;LINE;0.08153710514307022;0;True;true_negative;0.9184628948569298;0.4184628948569298
426;0;3;male;;7.25;0;0;S;Wiseman, Mr. Phillippe;;A/4. 34244;0.050990231335163116;0;True;true_negative;0.9490097686648369;0.4490097686648369
440;0;2;male;31.0;10.5;0;0;S;Kvillner, Mr. Johan Henrik Johannesson;;C.A. 18723;0.2435276210308075;0;True;true_negative;0.7564723789691925;0.2564723789691925
677;0;3;male;24.5;8.05;0;0;S;Sawyer, Mr. Frederick Charles;;342826;0.08479096740484238;0;True;true_negative;0.9152090325951576;0.4152090325951576
795;0;3;male;25.0;7.8958;0;0;S;Dantcheff, Mr. Ristiu;;349203;0.04423391446471214;0;True;true_negative;0.9557660855352879;0.45576608553528786
658;0;3;female;32.0;15.5;1;1;Q;Bourke, Mrs. John (Catherine);;364849;0.8362751007080078;1;False;false_positive;0.8362751007080078;0.3362751007080078
547;1;2;female;19.0;26.0;1;0;S;Beane, Mrs. Edward (Ethel Clarke);;2908;0.8718144297599792;1;True;true_positive;0.8718144297599792;0.37181442975997925
838;0;3;male;;8.05;0;0;S;Sirota, Mr. Maurice;;392092;0.1048116609454155;0;True;true_negative;0.8951883390545845;0.3951883390545845
597;1;2;female;;33.0;0;0;S;Leitch, Miss. Jessie Wills;;248727;0.9600500464439392;1;True;true_positive;0.9600500464439392;0.4600500464439392
365;0;3;male;;15.5;1;0;Q;O'Brien, Mr. Thomas;;370365;0.05757373943924904;0;True;true_negative;0.942426260560751;0.44242626056075096
792;0;2;male;16.0;26.0;0;0;S;Gaskell, Mr. Alfred;;239865;0.11388835310935974;0;True;true_negative;0.8861116468906403;0.38611164689064026
712;0;1;male;;26.55;0;0;S;Klaber, Mr. Herman;C124;113028;0.5798078775405884;1;False;false_positive;0.5798078775405884;0.07980787754058838
605;1;1;male;35.0;26.55;0;0;C;"Homer, Mr. Harry (""Mr E Haven"")";;111426;0.1859850287437439;0;False;false_negative;0.8140149712562561;0.3140149712562561
854;1;1;female;16.0;39.4;0;1;S;Lines, Miss. Mary Conover;D28;PC 17592;0.9712586998939514;1;True;true_positive;0.9712586998939514;0.4712586998939514
864;0;3;female;;69.55;8;2;S;"Sage, Miss. Dorothy Edith ""Dolly""";;CA. 2343;0.2851871848106384;0;True;true_negative;0.7148128151893616;0.21481281518936157
141;0;3;female;;15.2458;0;2;C;Boulos, Mrs. Joseph (Sultana);;2678;0.5128796100616455;1;False;false_positive;0.5128796100616455;0.012879610061645508
13;0;3;male;20.0;8.05;0;0;S;Saundercock, Mr. William Henry;;A/5. 2151;0.30405521392822266;0;True;true_negative;0.6959447860717773;0.19594478607177734
273;1;2;female;41.0;19.5;0;1;S;Mellinger, Mrs. (Elizabeth Anne Maidment);;250644;0.6839819550514221;1;True;true_positive;0.6839819550514221;0.18398195505142212
210;1;1;male;40.0;31.0;0;0;C;Blank, Mr. Henry;A31;112277;0.2635262608528137;0;False;false_negative;0.7364737391471863;0.23647373914718628
277;0;3;female;45.0;7.75;0;0;S;Lindblom, Miss. Augusta Charlotta;;347073;0.48294177651405334;0;True;true_negative;0.5170582234859467;0.017058223485946655
855;0;2;female;44.0;26.0;1;0;S;Carter, Mrs. Ernest Courtenay (Lilian Hughes);;244252;0.6839819550514221;1;False;false_positive;0.6839819550514221;0.18398195505142212
38;0;3;male;21.0;8.05;0;0;S;Cann, Mr. Ernest Charles;;A./5. 2152;0.22056283056735992;0;True;true_negative;0.7794371694326401;0.2794371694326401
569;0;3;male;;7.2292;0;0;C;Doharr, Mr. Tannous;;2686;0.22043123841285706;0;True;true_negative;0.7795687615871429;0.27956876158714294
247;0;3;female;25.0;7.775;0;0;S;Lindahl, Miss. Agda Thorilda Viktoria;;347071;0.46440577507019043;0;True;true_negative;0.5355942249298096;0.03559422492980957
513;1;1;male;36.0;26.2875;0;0;S;McGough, Mr. James Robert;E25;PC 17473;0.8292377591133118;1;True;true_positive;0.8292377591133118;0.32923775911331177
545;0;1;male;50.0;106.425;1;0;C;Douglas, Mr. Walter Donald;C86;PC 17761;0.4762999415397644;0;True;true_negative;0.5237000584602356;0.023700058460235596
207;0;3;male;32.0;15.85;1;0;S;Backstrom, Mr. Karl Alfred;;3101278;0.30405521392822266;0;True;true_negative;0.6959447860717773;0.19594478607177734
400;1;2;female;28.0;12.65;0;0;S;Trout, Mrs. William H (Jessie L);;240929;0.9706723690032959;1;True;true_positive;0.9706723690032959;0.4706723690032959
238;1;2;female;8.0;26.25;0;2;S;"Collyer, Miss. Marjorie ""Lottie""";;C.A. 31921;0.5293824672698975;1;True;true_positive;0.5293824672698975;0.02938246726989746
788;0;3;male;8.0;29.125;4;1;Q;Rice, Master. George Hugh;;382652;0.3042677640914917;0;True;true_negative;0.6957322359085083;0.1957322359085083
566;0;3;male;24.0;24.15;2;0;S;Davies, Mr. Alfred J;;A/4 48871;0.0852331593632698;0;True;true_negative;0.9147668406367302;0.4147668406367302
808;0;3;female;18.0;7.775;0;0;S;Pettersson, Miss. Ellen Natalia;;347087;0.4764435291290283;0;True;true_negative;0.5235564708709717;0.02355647087097168
197;0;3;male;;7.75;0;0;Q;Mernagh, Mr. Robert;;368703;0.012613565661013126;0;True;true_negative;0.9873864343389869;0.4873864343389869
237;0;2;male;44.0;26.0;1;0;S;Hold, Mr. Stephen;;26707;0.30405521392822266;0;True;true_negative;0.6959447860717773;0.19594478607177734
869;0;3;male;;9.5;0;0;S;van Melkebeke, Mr. Philemon;;345777;0.30405521392822266;0;True;true_negative;0.6959447860717773;0.19594478607177734
718;1;2;female;27.0;10.5;0;0;S;"Troutt, Miss. Edwina Celia ""Winnie""";E101;34218;0.5293824672698975;1;True;true_positive;0.5293824672698975;0.02938246726989746
438;1;2;female;24.0;18.75;2;3;S;Richards, Mrs. Sidney (Emily Hocking);;29106;0.7198961973190308;1;True;true_positive;0.7198961973190308;0.21989619731903076
472;0;3;male;38.0;8.6625;0;0;S;Cacic, Mr. Luka;;315089;0.14626562595367432;0;True;true_negative;0.8537343740463257;0.3537343740463257
151;0;2;male;51.0;12.525;0;0;S;Bateman, Rev. Robert James;;S.O.P. 1166;0.21596527099609375;0;True;true_negative;0.7840347290039062;0.28403472900390625
437;0;3;female;21.0;34.375;2;2;S;"Ford, Miss. Doolina Margaret ""Daisy""";;W./C. 6608;0.017520520836114883;0;True;true_negative;0.9824794791638851;0.4824794791638851
542;0;3;female;9.0;31.275;4;2;S;Andersson, Miss. Ingeborg Constanzia;;347082;0.08211652934551239;0;True;true_negative;0.9178834706544876;0.4178834706544876
761;0;3;male;;14.5;0;0;S;Garfirth, Mr. John;;358585;0.08796503394842148;0;True;true_negative;0.9120349660515785;0.4120349660515785
165;0;3;male;1.0;39.6875;4;1;S;Panula, Master. Eino Viljami;;3101295;0.3001987636089325;0;True;true_negative;0.6998012363910675;0.1998012363910675
481;0;3;male;9.0;46.9;5;2;S;Goodwin, Master. Harold Victor;;CA 2144;0.3250817060470581;0;True;true_negative;0.6749182939529419;0.1749182939529419
250;0;2;male;54.0;26.0;1;0;S;Carter, Rev. Ernest Courtenay;;244252;0.2392365038394928;0;True;true_negative;0.7607634961605072;0.2607634961605072
814;0;3;female;6.0;31.275;4;2;S;Andersson, Miss. Ebba Iris Alfrida;;347082;0.33350226283073425;0;True;true_negative;0.6664977371692657;0.16649773716926575
690;1;1;female;15.0;211.3375;0;1;S;Madill, Miss. Georgette Alexandra;B5;24160;0.9867202639579773;1;True;true_positive;0.9867202639579773;0.4867202639579773
149;0;2;male;36.5;26.0;0;2;S;"Navratil, Mr. Michel (""Louis M Hoffman"")";F2;230080;0.20462806522846222;0;True;true_negative;0.7953719347715378;0.2953719347715378
868;0;1;male;31.0;50.4958;0;0;S;Roebling, Mr. Washington Augustus II;A24;PC 17590;0.24577486515045166;0;True;true_negative;0.7542251348495483;0.25422513484954834
479;0;3;male;22.0;7.5208;0;0;S;Karlsson, Mr. Nils August;;350060;0.08718831837177277;0;True;true_negative;0.9128116816282272;0.41281168162822723
680;1;1;male;36.0;512.3292;0;1;C;Cardeza, Mr. Thomas Drake Martinez;B51 B53 B55;PC 17755;0.4863320291042328;0;False;false_negative;0.5136679708957672;0.013667970895767212
351;0;3;male;23.0;9.225;0;0;S;Odahl, Mr. Nils Martin;;7267;0.05260160192847252;0;True;true_negative;0.9473983980715275;0.4473983980715275
500;0;3;male;24.0;7.7958;0;0;S;Svensson, Mr. Olof;;350035;0.30405521392822266;0;True;true_negative;0.6959447860717773;0.19594478607177734
525;0;3;male;;7.2292;0;0;C;Kassem, Mr. Fared;;2700;0.10295400768518448;0;True;true_negative;0.8970459923148155;0.3970459923148155
346;1;2;female;24.0;13.0;0;0;S;"Brown, Miss. Amelia ""Mildred""";F33;248733;0.6839819550514221;1;True;true_positive;0.6839819550514221;0.18398195505142212
168;0;3;female;45.0;27.9;1;4;S;Skoog, Mrs. William (Anna Bernhardina Karlsson);;347088;0.31923988461494446;0;True;true_negative;0.6807601153850555;0.18076011538505554
621;0;3;male;27.0;14.4542;1;0;C;Yasbeck, Mr. Antoni;;2659;0.30405521392822266;0;True;true_negative;0.6959447860717773;0.19594478607177734
598;0;3;male;49.0;0.0;0;0;S;Johnson, Mr. Alfred;;LINE;0.32854121923446655;0;True;true_negative;0.6714587807655334;0.17145878076553345
291;1;1;female;26.0;78.85;0;0;S;"Barber, Miss. Ellen ""Nellie""";;19877;0.9603488445281982;1;True;true_positive;0.9603488445281982;0.46034884452819824
233;0;2;male;59.0;13.5;0;0;S;Sjostedt, Mr. Ernst Adolf;;237442;0.3384024500846863;0;True;true_negative;0.6615975499153137;0.16159754991531372
380;0;3;male;19.0;7.775;0;0;S;Gustafsson, Mr. Karl Gideon;;347069;0.30405521392822266;0;True;true_negative;0.6959447860717773;0.19594478607177734
381;1;1;female;42.0;227.525;0;0;C;Bidois, Miss. Rosalie;;PC 17757;0.6839819550514221;1;True;true_positive;0.6839819550514221;0.18398195505142212
624;0;3;male;21.0;7.8542;0;0;S;Hansen, Mr. Henry Damsgaard;;350029;0.0645398274064064;0;True;true_negative;0.9354601725935936;0.4354601725935936
590;0;3;male;;8.05;0;0;S;Murdlin, Mr. Joseph;;A./5. 3235;0.1048116609454155;0;True;true_negative;0.8951883390545845;0.3951883390545845
50;0;3;female;18.0;17.8;1;0;S;Arnold-Franchi, Mrs. Josef (Josefine Franchi);;349237;0.5711498260498047;1;False;false_positive;0.5711498260498047;0.07114982604980469
246;0;1;male;44.0;90.0;2;0;Q;Minahan, Dr. William Edward;C78;19928;0.4619944989681244;0;True;true_negative;0.5380055010318756;0.03800550103187561
729;0;2;male;25.0;26.0;1;0;S;Bryhl, Mr. Kurt Arnold Gottfrid;;236853;0.10900115966796875;0;True;true_negative;0.8909988403320312;0.39099884033203125
29;1;3;female;;7.8792;0;0;Q;"O'Dwyer, Miss. Ellen ""Nellie""";;330959;0.7451126575469971;1;True;true_positive;0.7451126575469971;0.24511265754699707
274;0;1;male;37.0;29.7;0;1;C;Natsch, Mr. Charles H;C118;PC 17596;0.6598881483078003;1;False;false_positive;0.6598881483078003;0.1598881483078003
490;1;3;male;9.0;15.9;1;1;S;"Coutts, Master. Eden Leslie ""Neville""";;C.A. 37671;0.5403867363929749;1;True;true_positive;0.5403867363929749;0.040386736392974854
591;0;3;male;35.0;7.125;0;0;S;Rintamaki, Mr. Matti;;STON/O 2. 3101273;0.07799115031957626;0;True;true_negative;0.9220088496804237;0.42200884968042374
109;0;3;male;38.0;7.8958;0;0;S;Rekic, Mr. Tido;;349249;0.30405521392822266;0;True;true_negative;0.6959447860717773;0.19594478607177734
361;0;3;male;40.0;27.9;1;4;S;Skoog, Mr. Wilhelm;;347088;0.25789380073547363;0;True;true_negative;0.7421061992645264;0.24210619926452637
218;0;2;male;42.0;27.0;1;0;S;Jacobsohn, Mr. Sidney Samuel;;243847;0.12240348011255264;0;True;true_negative;0.8775965198874474;0.37759651988744736
790;0;1;male;46.0;79.2;0;0;C;Guggenheim, Mr. Benjamin;B82 B84;PC 17593;0.10553274303674698;0;True;true_negative;0.894467256963253;0.394467256963253
508;1;1;male;;26.55;0;0;S;"Bradley, Mr. George (""George Arthur Brayton"")";;111427;0.31769293546676636;0;False;false_negative;0.6823070645332336;0.18230706453323364
568;0;3;female;29.0;21.075;0;4;S;Palsson, Mrs. Nils (Alma Cornelia Berglund);;349909;0.5283909440040588;1;False;false_positive;0.5283909440040588;0.028390944004058838
7;0;1;male;54.0;51.8625;0;0;S;McCarthy, Mr. Timothy J;E46;17463;0.25191530585289;0;True;true_negative;0.74808469414711;0.24808469414710999
304;1;2;female;;12.35;0;0;Q;Keane, Miss. Nora A;E101;226593;0.5293824672698975;1;True;true_positive;0.5293824672698975;0.02938246726989746
85;1;2;female;17.0;10.5;0;0;S;Ilett, Miss. Bertha;;SO/C 14885;0.9337347149848938;1;True;true_positive;0.9337347149848938;0.4337347149848938
681;0;3;female;;8.1375;0;0;Q;Peters, Miss. Katie;;330935;0.4764435291290283;0;True;true_negative;0.5235564708709717;0.02355647087097168
519;1;2;female;36.0;26.0;1;0;S;"Angle, Mrs. William A (Florence ""Mary"" Agnes Hughes)";;226875;0.6839819550514221;1;True;true_positive;0.6839819550514221;0.18398195505142212
258;1;1;female;30.0;86.5;0;0;S;Cherry, Miss. Gladys;B77;110152;0.6839819550514221;1;True;true_positive;0.6839819550514221;0.18398195505142212
728;1;3;female;;7.7375;0;0;Q;Mannion, Miss. Margareth;;36866;0.4764435291290283;0;False;false_negative;0.5235564708709717;0.02355647087097168
614;0;3;male;;7.75;0;0;Q;Horgan, Mr. John;;370377;0.30405521392822266;0;True;true_negative;0.6959447860717773;0.19594478607177734
138;0;1;male;37.0;53.1;1;0;S;Futrelle, Mr. Jacques Heath;C123;113803;0.3784339725971222;0;True;true_negative;0.6215660274028778;0.12156602740287781
153;0;3;male;55.5;8.05;0;0;S;Meo, Mr. Alfonzo;;A.5. 11206;0.24905306100845337;0;True;true_negative;0.7509469389915466;0.25094693899154663
777;0;3;male;;7.75;0;0;Q;Tobin, Mr. Roger;F38;383121;0.30405521392822266;0;True;true_negative;0.6959447860717773;0.19594478607177734
8;0;3;male;2.0;21.075;3;1;S;Palsson, Master. Gosta Leonard;;349909;0.27409207820892334;0;True;true_negative;0.7259079217910767;0.22590792179107666
884;0;2;male;28.0;10.5;0;0;S;Banfield, Mr. Frederick James;;C.A./SOTON 34068;0.10915441066026688;0;True;true_negative;0.8908455893397331;0.3908455893397331
395;1;3;female;24.0;16.7;0;2;S;Sandstrom, Mrs. Hjalmar (Agnes Charlotta Bengtsson);G6;PP 9549;0.44985324144363403;0;False;false_negative;0.550146758556366;0.05014675855636597
305;0;3;male;;8.05;0;0;S;"Williams, Mr. Howard Hugh ""Harry""";;A/5 2466;0.1048116609454155;0;True;true_negative;0.8951883390545845;0.3951883390545845
316;1;3;female;26.0;7.8542;0;0;S;Nilsson, Miss. Helmina Josefina;;347470;0.3775465786457062;0;False;false_negative;0.6224534213542938;0.12245342135429382
581;1;2;female;25.0;30.0;1;1;S;Christy, Miss. Julie Rachel;;237789;0.5293824672698975;1;True;true_positive;0.5293824672698975;0.02938246726989746
272;1;3;male;25.0;0.0;0;0;S;Tornquist, Mr. William Henry;;LINE;0.12888982892036438;0;False;false_negative;0.8711101710796356;0.3711101710796356
833;0;3;male;;7.2292;0;0;C;Saad, Mr. Amin;;2671;0.22043123841285706;0;True;true_negative;0.7795687615871429;0.27956876158714294
670;1;1;female;;52.0;1;0;S;Taylor, Mrs. Elmer Zebley (Juliet Cummins Wright);C126;19996;0.6839819550514221;1;True;true_positive;0.6839819550514221;0.18398195505142212
735;0;2;male;23.0;13.0;0;0;S;Troupiansky, Mr. Moses Aaron;;233639;0.08748827874660492;0;True;true_negative;0.9125117212533951;0.4125117212533951
875;1;2;female;28.0;24.0;1;0;C;Abelson, Mrs. Samuel (Hannah Wizosky);;P/PP 3381;0.8985524773597717;1;True;true_positive;0.8985524773597717;0.39855247735977173
464;0;2;male;48.0;13.0;0;0;S;Milling, Mr. Jacob Christian;;234360;0.23674237728118896;0;True;true_negative;0.763257622718811;0.26325762271881104
288;0;3;male;22.0;7.8958;0;0;S;Naidenoff, Mr. Penko;;349206;0.30405521392822266;0;True;true_negative;0.6959447860717773;0.19594478607177734
91;0;3;male;29.0;8.05;0;0;S;Christmann, Mr. Emil;;343276;0.09722809493541718;0;True;true_negative;0.9027719050645828;0.4027719050645828
376;1;1;female;;82.1708;1;0;C;Meyer, Mrs. Edgar Joseph (Leila Saks);;PC 17604;0.6839819550514221;1;True;true_positive;0.6839819550514221;0.18398195505142212
397;0;3;female;31.0;7.8542;0;0;S;Olsson, Miss. Elina;;350407;0.5679470300674438;1;False;false_positive;0.5679470300674438;0.06794703006744385
103;0;1;male;21.0;77.2875;0;1;S;White, Mr. Richard Frasar;D26;35281;0.1850719451904297;0;True;true_negative;0.8149280548095703;0.3149280548095703
82;1;3;male;29.0;9.5;0;0;S;Sheerlinck, Mr. Jan Baptist;;345779;0.09722809493541718;0;False;false_negative;0.9027719050645828;0.4027719050645828
637;0;3;male;32.0;7.925;0;0;S;Leinonen, Mr. Antti Gustaf;;STON/O 2. 3101292;0.24905306100845337;0;True;true_negative;0.7509469389915466;0.25094693899154663
225;1;1;male;38.0;90.0;1;0;S;Hoyt, Mr. Frederick Maxfield;C93;19943;0.3137514293193817;0;False;false_negative;0.6862485706806183;0.1862485706806183
523;0;3;male;;7.225;0;0;C;Lahoud, Mr. Sarkis;;2624;0.1240798830986023;0;True;true_negative;0.8759201169013977;0.3759201169013977
200;0;2;female;24.0;13.0;0;0;S;"Yrois, Miss. Henriette (""Mrs Harbeck"")";;248747;0.6839819550514221;1;False;false_positive;0.6839819550514221;0.18398195505142212
285;0;1;male;;26.0;0;0;S;Smith, Mr. Richard William;A19;113056;0.04708102345466614;0;True;true_negative;0.9529189765453339;0.45291897654533386
139;0;3;male;16.0;9.2167;0;0;S;Osen, Mr. Olaf Elon;;7534;0.10468730330467224;0;True;true_negative;0.8953126966953278;0.39531269669532776
271;0;1;male;;31.0;0;0;S;Cairns, Mr. Alexander;;113798;0.31293168663978577;0;True;true_negative;0.6870683133602142;0.18706831336021423
113;0;3;male;22.0;8.05;0;0;S;Barton, Mr. David John;;324669;0.028593411669135094;0;True;true_negative;0.9714065883308649;0.4714065883308649
721;1;2;female;6.0;33.0;0;1;S;"Harper, Miss. Annie Jessie ""Nina""";;248727;0.8573228120803833;1;True;true_positive;0.8573228120803833;0.3573228120803833
181;0;3;female;;69.55;8;2;S;Sage, Miss. Constance Gladys;;CA. 2343;0.04822918400168419;0;True;true_negative;0.9517708159983158;0.4517708159983158
636;1;2;female;28.0;13.0;0;0;S;Davis, Miss. Mary;;237668;0.5293824672698975;1;True;true_positive;0.5293824672698975;0.02938246726989746
862;0;2;male;21.0;11.5;1;0;S;Giles, Mr. Frederick Edward;;28134;0.08811768144369125;0;True;true_negative;0.9118823185563087;0.41188231855630875
412;0;3;male;;6.8583;0;0;Q;Hart, Mr. Henry;;394140;0.00827797595411539;0;True;true_negative;0.9917220240458846;0.4917220240458846
18;1;2;male;;13.0;0;0;S;Williams, Mr. Charles Eugene;;244373;0.083159439265728;0;False;false_negative;0.916840560734272;0.416840560734272
222;0;2;male;27.0;13.0;0;0;S;Bracken, Mr. James H;;220367;0.30405521392822266;0;True;true_negative;0.6959447860717773;0.19594478607177734
170;0;3;male;28.0;56.4958;0;0;S;Ling, Mr. Lee;;1601;0.30087634921073914;0;True;true_negative;0.6991236507892609;0.19912365078926086
234;1;3;female;5.0;31.3875;4;2;S;Asplund, Miss. Lillian Gertrud;;347077;0.2042515128850937;0;False;false_negative;0.7957484871149063;0.2957484871149063
434;0;3;male;17.0;7.125;0;0;S;Kallio, Mr. Nikolai Erland;;STON/O 2. 3101274;0.22056283056735992;0;True;true_negative;0.7794371694326401;0.2794371694326401
847;0;3;male;;69.55;8;2;S;Sage, Mr. Douglas Bullen;;CA. 2343;0.032477863132953644;0;True;true_negative;0.9675221368670464;0.46752213686704636
711;1;1;female;24.0;49.5042;0;0;C;"Mayne, Mlle. Berthe Antonine (""Mrs de Villiers"")";C90;PC 17482;0.5293824672698975;1;True;true_positive;0.5293824672698975;0.02938246726989746
325;0;3;male;;69.55;8;2;S;Sage, Mr. George John Jr;;CA. 2343;0.11365201324224472;0;True;true_negative;0.8863479867577553;0.3863479867577553
526;0;3;male;40.5;7.75;0;0;Q;Farrell, Mr. James;;367232;0.00957773718982935;0;True;true_negative;0.9904222628101707;0.49042226281017065
78;0;3;male;;8.05;0;0;S;Moutal, Mr. Rahamin Haim;;374746;0.1048116609454155;0;True;true_negative;0.8951883390545845;0.3951883390545845
642;1;1;female;24.0;69.3;0;0;C;Sagesser, Mlle. Emma;B35;PC 17477;0.6839819550514221;1;True;true_positive;0.6839819550514221;0.18398195505142212
348;1;3;female;;16.1;1;0;S;Davison, Mrs. Thomas Henry (Mary E Finck);;386525;0.711819052696228;1;True;true_positive;0.711819052696228;0.21181905269622803
758;0;2;male;18.0;11.5;0;0;S;Bailey, Mr. Percy Andrew;;29108;0.09391587227582932;0;True;true_negative;0.9060841277241707;0.4060841277241707
374;0;1;male;22.0;135.6333;0;0;C;Ringhini, Mr. Sante;;PC 17760;0.3037228584289551;0;True;true_negative;0.6962771415710449;0.19627714157104492
124;1;2;female;32.5;13.0;0;0;S;Webber, Miss. Susan;E101;27267;0.8966851830482483;1;True;true_positive;0.8966851830482483;0.3966851830482483
473;1;2;female;33.0;27.75;1;2;S;West, Mrs. Edwy Arthur (Ada Mary Worth);;C.A. 34651;0.6839819550514221;1;True;true_positive;0.6839819550514221;0.18398195505142212
204;0;3;male;45.5;7.225;0;0;C;Youseff, Mr. Gerious;;2628;0.07090327888727188;0;True;true_negative;0.9290967211127281;0.4290967211127281
231;1;1;female;35.0;83.475;1;0;S;Harris, Mrs. Henry Birkhardt (Irene Wallach);C83;36973;0.9926754832267761;1;True;true_positive;0.9926754832267761;0.4926754832267761
47;0;3;male;;15.5;1;0;Q;Lennon, Mr. Denis;;370371;0.04310589283704758;0;True;true_negative;0.9568941071629524;0.4568941071629524
692;1;3;female;4.0;13.4167;0;1;C;Karun, Miss. Manca;;349256;0.9414399862289429;1;True;true_positive;0.9414399862289429;0.44143998622894287
647;0;3;male;19.0;7.8958;0;0;S;Cor, Mr. Liudevit;;349231;0.22056283056735992;0;True;true_negative;0.7794371694326401;0.2794371694326401
696;0;2;male;52.0;13.5;0;0;S;Chapman, Mr. Charles Henry;;248731;0.11801125109195709;0;True;true_negative;0.8819887489080429;0.3819887489080429
857;1;1;female;45.0;164.8667;1;1;S;Wick, Mrs. George Dennick (Mary Hitchcock);;36928;0.9708192944526672;1;True;true_positive;0.9708192944526672;0.47081929445266724
720;0;3;male;33.0;7.775;0;0;S;Johnson, Mr. Malkolm Joackim;;347062;0.24905306100845337;0;True;true_negative;0.7509469389915466;0.25094693899154663
429;0;3;male;;7.75;0;0;Q;Flynn, Mr. James;;364851;0.012613565661013126;0;True;true_negative;0.9873864343389869;0.4873864343389869
461;1;1;male;48.0;26.55;0;0;S;Anderson, Mr. Harry;E12;19952;0.7048770189285278;1;True;true_positive;0.7048770189285278;0.20487701892852783
820;0;3;male;10.0;27.9;3;2;S;Skoog, Master. Karl Thorsten;;347088;0.04738827422261238;0;True;true_negative;0.9526117257773876;0.4526117257773876
311;1;1;female;24.0;83.1583;0;0;C;Hays, Miss. Margaret Bechstein;C54;11767;0.6839819550514221;1;True;true_positive;0.6839819550514221;0.18398195505142212
760;1;1;female;33.0;86.5;0;0;S;Rothes, the Countess. of (Lucy Noel Martha Dyer-Edwards);B77;110152;0.5969335436820984;1;True;true_positive;0.5969335436820984;0.09693354368209839
350;0;3;male;42.0;8.6625;0;0;S;Dimic, Mr. Jovan;;315088;0.17255926132202148;0;True;true_negative;0.8274407386779785;0.3274407386779785
445;1;3;male;;8.1125;0;0;S;Johannesen-Bratthammer, Mr. Bernt;;65306;0.09722809493541718;0;False;false_negative;0.9027719050645828;0.4027719050645828
136;0;2;male;23.0;15.0458;0;0;C;Richard, Mr. Emile;;SC/PARIS 2133;0.30405521392822266;0;True;true_negative;0.6959447860717773;0.19594478607177734
848;0;3;male;35.0;7.8958;0;0;C;Markoff, Mr. Marin;;349213;0.30405521392822266;0;True;true_negative;0.6959447860717773;0.19594478607177734
66;1;3;male;;15.2458;1;1;C;Moubarek, Master. Gerios;;2661;0.5403867363929749;1;True;true_positive;0.5403867363929749;0.040386736392974854
654;1;3;female;;7.8292;0;0;Q;"O'Leary, Miss. Hanora ""Norah""";;330919;0.7451126575469971;1;True;true_positive;0.7451126575469971;0.24511265754699707
750;0;3;male;31.0;7.75;0;0;Q;Connaghton, Mr. Michael;;335097;0.30405521392822266;0;True;true_negative;0.6959447860717773;0.19594478607177734
362;0;2;male;29.0;27.7208;1;0;C;del Carlo, Mr. Sebastiano;;SC/PARIS 2167;0.03122144564986229;0;True;true_negative;0.9687785543501377;0.4687785543501377
387;0;3;male;1.0;46.9;5;2;S;Goodwin, Master. Sidney Leonard;;CA 2144;0.13300785422325134;0;True;true_negative;0.8669921457767487;0.36699214577674866
122;0;3;male;;8.05;0;0;S;Moore, Mr. Leonard Charles;;A4. 54510;0.30405521392822266;0;True;true_negative;0.6959447860717773;0.19594478607177734
535;0;3;female;30.0;8.6625;0;0;S;Cacic, Miss. Marija;;315084;0.3432404696941376;0;True;true_negative;0.6567595303058624;0.15675953030586243
827;0;3;male;;56.4958;0;0;S;Lam, Mr. Len;;1601;0.3305526673793793;0;True;true_negative;0.6694473326206207;0.16944733262062073
685;0;2;male;60.0;39.0;1;1;S;Brown, Mr. Thomas William Solomon;;29750;0.2455519288778305;0;True;true_negative;0.7544480711221695;0.2544480711221695
347;1;2;female;40.0;13.0;0;0;S;Smith, Miss. Marion Elsie;;31418;0.6839819550514221;1;True;true_positive;0.6839819550514221;0.18398195505142212
889;0;3;female;;23.45;1;2;S;"Johnston, Miss. Catherine Helen ""Carrie""";;W./C. 6607;0.13439634442329407;0;True;true_negative;0.8656036555767059;0.36560365557670593
319;1;1;female;31.0;164.8667;0;2;S;Wick, Miss. Mary Natalie;C7;36928;0.5293824672698975;1;True;true_positive;0.5293824672698975;0.02938246726989746
252;0;3;female;29.0;10.4625;1;1;S;Strom, Mrs. Wilhelm (Elna Matilda Persson);G6;347054;0.742946982383728;1;False;false_positive;0.742946982383728;0.24294698238372803
301;1;3;female;;7.75;0;0;Q;"Kelly, Miss. Anna Katherine ""Annie Kate""";;9234;0.7749703526496887;1;True;true_positive;0.7749703526496887;0.2749703526496887
580;1;3;male;32.0;7.925;0;0;S;Jussila, Mr. Eiriik;;STON/O 2. 3101286;0.2435276210308075;0;False;false_negative;0.7564723789691925;0.2564723789691925
407;0;3;male;51.0;7.75;0;0;S;Widegren, Mr. Carl/Charles Peter;;347064;0.07116550952196121;0;True;true_negative;0.9288344904780388;0.4288344904780388
338;1;1;female;41.0;134.5;0;0;C;Burns, Miss. Elizabeth Margaret;E40;16966;0.5293824672698975;1;True;true_positive;0.5293824672698975;0.02938246726989746
717;1;1;female;38.0;227.525;0;0;C;Endres, Miss. Caroline Louise;C45;PC 17757;0.5293824672698975;1;True;true_positive;0.5293824672698975;0.02938246726989746
298;0;1;female;2.0;151.55;1;2;S;Allison, Miss. Helen Loraine;C22 C26;113781;0.6839819550514221;1;False;false_positive;0.6839819550514221;0.18398195505142212
573;1;1;male;36.0;26.3875;0;0;S;"Flynn, Mr. John Irwin (""Irving"")";E25;PC 17474;0.6770499348640442;1;True;true_positive;0.6770499348640442;0.1770499348640442
51;0;3;male;7.0;39.6875;4;1;S;Panula, Master. Juha Niilo;;3101295;0.10158556699752808;0;True;true_negative;0.8984144330024719;0.3984144330024719
676;0;3;male;18.0;7.775;0;0;S;Edvardsson, Mr. Gustaf Hjalmar;;349912;0.1602792739868164;0;True;true_negative;0.8397207260131836;0.3397207260131836
571;1;2;male;62.0;10.5;0;0;S;Harris, Mr. George;;S.W./PP 752;0.059855010360479355;0;False;false_negative;0.9401449896395206;0.44014498963952065
756;1;2;male;0.67;14.5;1;1;S;Hamalainen, Master. Viljo;;250649;0.8549297451972961;1;True;true_positive;0.8549297451972961;0.35492974519729614
120;0;3;female;2.0;31.275;4;2;S;Andersson, Miss. Ellis Anna Maria;;347082;0.49455007910728455;0;True;true_negative;0.5054499208927155;0.005449920892715454
466;0;3;male;38.0;7.05;0;0;S;Goncalves, Mr. Manuel Estanslas;;SOTON/O.Q. 3101306;0.010746359825134277;0;True;true_negative;0.9892536401748657;0.4892536401748657
570;1;3;male;32.0;7.8542;0;0;S;Jonsson, Mr. Carl;;350417;0.24905306100845337;0;False;false_negative;0.7509469389915466;0.25094693899154663
418;1;2;female;18.0;13.0;0;2;S;Silven, Miss. Lyyli Karoliina;;250652;0.5293824672698975;1;True;true_positive;0.5293824672698975;0.02938246726989746
17;0;3;male;2.0;29.125;4;1;Q;Rice, Master. Eugene;;382652;0.3042677640914917;0;True;true_negative;0.6957322359085083;0.1957322359085083
264;0;1;male;40.0;0.0;0;0;S;Harrison, Mr. William;B94;112059;0.021657327190041542;0;True;true_negative;0.9783426728099585;0.47834267280995846
64;0;3;male;4.0;27.9;3;2;S;Skoog, Master. Harald;;347088;0.3042677640914917;0;True;true_negative;0.6957322359085083;0.1957322359085083
448;1;1;male;34.0;26.55;0;0;S;Seward, Mr. Frederic Kimber;;113794;0.18971358239650726;0;False;false_negative;0.8102864176034927;0.31028641760349274
689;0;3;male;18.0;7.7958;0;0;S;Fischer, Mr. Eberhard Thelander;;350036;0.22056283056735992;0;True;true_negative;0.7794371694326401;0.2794371694326401
877;0;3;male;20.0;9.8458;0;0;S;Gustafsson, Mr. Alfred Ossian;;7534;0.05573389679193497;0;True;true_negative;0.944266103208065;0.44426610320806503
475;0;3;female;22.0;9.8375;0;0;S;Strandberg, Miss. Ida Sofia;;7553;0.4139922261238098;0;True;true_negative;0.5860077738761902;0.08600777387619019
840;1;1;male;;29.7;0;0;C;Marechal, Mr. Pierre;C47;11774;0.11727435141801834;0;False;false_negative;0.8827256485819817;0.38272564858198166
398;0;2;male;46.0;26.0;0;0;S;McKane, Mr. Peter David;;28403;0.031764209270477295;0;True;true_negative;0.9682357907295227;0.4682357907295227
114;0;3;female;20.0;9.825;1;0;S;Jussila, Miss. Katriina;;4136;0.4139922261238098;0;True;true_negative;0.5860077738761902;0.08600777387619019
83;1;3;female;;7.7875;0;0;Q;McDermott, Miss. Brigdet Delia;;330932;0.8579994440078735;1;True;true_positive;0.8579994440078735;0.35799944400787354
882;0;3;male;33.0;7.8958;0;0;S;Markun, Mr. Johann;;349257;0.24905306100845337;0;True;true_negative;0.7509469389915466;0.25094693899154663
98;1;1;male;23.0;63.3583;0;1;C;Greenfield, Mr. William Bertram;D10 D12;PC 17759;0.19004008173942566;0;False;false_negative;0.8099599182605743;0.30995991826057434
469;0;3;male;;7.725;0;0;Q;Scanlan, Mr. James;;36209;0.22043123841285706;0;True;true_negative;0.7795687615871429;0.27956876158714294
612;0;3;male;;7.05;0;0;S;Jardin, Mr. Jose Neto;;SOTON/O.Q. 3101305;0.08726343512535095;0;True;true_negative;0.912736564874649;0.41273656487464905
549;0;3;male;33.0;20.525;1;1;S;Goldsmith, Mr. Frank John;;363291;0.07934000343084335;0;True;true_negative;0.9206599965691566;0.42065999656915665
773;0;2;female;57.0;10.5;0;0;S;Mack, Mrs. (Mary);E77;S.O./P.P. 3;0.6839819550514221;1;False;false_positive;0.6839819550514221;0.18398195505142212
678;1;3;female;18.0;9.8417;0;0;S;Turja, Miss. Anna Sofia;;4138;0.14325988292694092;0;False;false_negative;0.8567401170730591;0.3567401170730591
182;0;2;male;;15.05;0;0;C;Pernot, Mr. Rene;;SC/PARIS 2131;0.12436097115278244;0;True;true_negative;0.8756390288472176;0.37563902884721756
36;0;1;male;42.0;52.0;1;0;S;Holverson, Mr. Alexander Oskar;;113789;0.22656776010990143;0;True;true_negative;0.7734322398900986;0.27343223989009857
295;0;3;male;24.0;7.8958;0;0;S;Mineff, Mr. Ivan;;349233;0.22056283056735992;0;True;true_negative;0.7794371694326401;0.2794371694326401
871;0;3;male;26.0;7.8958;0;0;S;Balkic, Mr. Cerin;;349248;0.23945263028144836;0;True;true_negative;0.7605473697185516;0.26054736971855164
714;0;3;male;29.0;9.4833;0;0;S;Larsson, Mr. August Viktor;;7545;0.24905306100845337;0;True;true_negative;0.7509469389915466;0.25094693899154663
148;0;3;female;9.0;34.375;2;2;S;"Ford, Miss. Robina Maggie ""Ruby""";;W./C. 6608;0.1129007413983345;0;True;true_negative;0.8870992586016655;0.3870992586016655
128;1;3;male;24.0;7.1417;0;0;S;Madsen, Mr. Fridtjof Arne;;C 17369;0.22056283056735992;0;False;false_negative;0.7794371694326401;0.2794371694326401
502;0;3;female;21.0;7.75;0;0;Q;Canavan, Miss. Mary;;364846;0.4764435291290283;0;True;true_negative;0.5235564708709717;0.02355647087097168
191;1;2;female;32.0;13.0;0;0;S;Pinsky, Mrs. (Rosa);;234604;0.5293824672698975;1;True;true_positive;0.5293824672698975;0.02938246726989746
659;0;2;male;23.0;13.0;0;0;S;Eitemiller, Mr. George Floyd;;29751;0.005050728563219309;0;True;true_negative;0.9949492714367807;0.4949492714367807
283;0;3;male;16.0;9.5;0;0;S;de Pelsmaeker, Mr. Alfons;;345778;0.06678327172994614;0;True;true_negative;0.9332167282700539;0.43321672827005386
608;1;1;male;27.0;30.5;0;0;S;Daniel, Mr. Robert Williams;;113804;0.31293168663978577;0;False;false_negative;0.6870683133602142;0.18706831336021423
375;0;3;female;3.0;21.075;3;1;S;Palsson, Miss. Stina Viola;;349909;0.6780015826225281;1;False;false_positive;0.6780015826225281;0.17800158262252808
384;1;1;female;35.0;52.0;1;0;S;Holverson, Mrs. Alexander Oskar (Mary Aline Towner);;113789;0.5293824672698975;1;True;true_positive;0.5293824672698975;0.02938246726989746
183;0;3;male;9.0;31.3875;4;2;S;Asplund, Master. Clarence Gustaf Hugo;;347077;0.054736364632844925;0;True;true_negative;0.9452636353671551;0.4452636353671551
75;1;3;male;32.0;56.4958;0;0;S;Bing, Mr. Lee;;1601;0.701603889465332;1;True;true_positive;0.701603889465332;0.20160388946533203
169;0;1;male;;25.925;0;0;S;Baumann, Mr. John D;;PC 17318;0.2789013087749481;0;True;true_negative;0.7210986912250519;0.22109869122505188
390;1;2;female;17.0;12.0;0;0;C;Lehmann, Miss. Bertha;;SC 1748;0.6839819550514221;1;True;true_positive;0.6839819550514221;0.18398195505142212
67;1;2;female;29.0;10.5;0;0;S;Nye, Mrs. (Elizabeth Ramell);F33;C.A. 29395;0.8832157850265503;1;True;true_positive;0.8832157850265503;0.3832157850265503
766;1;1;female;51.0;77.9583;1;0;S;Hogeboom, Mrs. John C (Anna Andrews);D11;13502;0.6839819550514221;1;True;true_positive;0.6839819550514221;0.18398195505142212
213;0;3;male;22.0;7.25;0;0;S;Perkin, Mr. John Henry;;A/5 21174;0.08966636657714844;0;True;true_negative;0.9103336334228516;0.41033363342285156
49;0;3;male;;21.6792;2;0;C;Samaan, Mr. Youssef;;2662;0.08526698499917984;0;True;true_negative;0.9147330150008202;0.41473301500082016
296;0;1;male;;27.7208;0;0;C;Lewy, Mr. Ervin G;;PC 17612;0.5774847269058228;1;False;false_positive;0.5774847269058228;0.07748472690582275
147;1;3;male;27.0;7.7958;0;0;S;"Andersson, Mr. August Edvard (""Wennerstrom"")";;350043;0.30405521392822266;0;False;false_negative;0.6959447860717773;0.19594478607177734
360;1;3;female;;7.8792;0;0;Q;"Mockler, Miss. Helen Mary ""Ellie""";;330980;0.7451126575469971;1;True;true_positive;0.7451126575469971;0.24511265754699707
322;0;3;male;27.0;7.8958;0;0;S;Danoff, Mr. Yoto;;349219;0.6313202977180481;1;False;false_positive;0.6313202977180481;0.1313202977180481
794;0;1;male;;30.6958;0;0;C;Hoyt, Mr. William Fisher;;PC 17600;0.49469953775405884;0;True;true_negative;0.5053004622459412;0.005300462245941162
25;0;3;female;8.0;21.075;3;1;S;Palsson, Miss. Torborg Danira;;349909;0.15235860645771027;0;True;true_negative;0.8476413935422897;0.34764139354228973
736;0;3;male;28.5;16.1;0;0;S;Williams, Mr. Leslie;;54636;0.08796503394842148;0;True;true_negative;0.9120349660515785;0.4120349660515785
111;0;1;male;47.0;52.0;0;0;S;Porter, Mr. Walter Chamberlain;C110;110465;0.12025249004364014;0;True;true_negative;0.8797475099563599;0.37974750995635986
340;0;1;male;45.0;35.5;0;0;S;Blackwell, Mr. Stephen Weart;T;113784;0.33079904317855835;0;True;true_negative;0.6692009568214417;0.16920095682144165
539;0;3;male;;14.5;0;0;S;Risien, Mr. Samuel Beard;;364498;0.10976079106330872;0;True;true_negative;0.8902392089366913;0.3902392089366913
394;1;1;female;23.0;113.275;1;0;C;Newell, Miss. Marjorie;D36;35273;0.979290783405304;1;True;true_positive;0.979290783405304;0.47929078340530396
443;0;3;male;25.0;7.775;1;0;S;Petterson, Mr. Johan Emil;;347076;0.21977320313453674;0;True;true_negative;0.7802267968654633;0.28022679686546326
416;0;3;female;;8.05;0;0;S;Meek, Mrs. Thomas (Annie Louise Rowley);;343095;0.6504064202308655;1;False;false_positive;0.6504064202308655;0.15040642023086548
364;0;3;male;35.0;7.05;0;0;S;Asim, Mr. Adola;;SOTON/O.Q. 3101310;0.30405521392822266;0;True;true_negative;0.6959447860717773;0.19594478607177734
392;1;3;male;21.0;7.7958;0;0;S;Jansson, Mr. Carl Olof;;350034;0.22056283056735992;0;False;false_negative;0.7794371694326401;0.2794371694326401
643;0;3;female;2.0;27.9;3;2;S;Skoog, Miss. Margit Elizabeth;;347088;0.064519964158535;0;True;true_negative;0.935480035841465;0.435480035841465
699;0;1;male;49.0;110.8833;1;1;C;Thayer, Mr. John Borland;C68;17421;0.3407793939113617;0;True;true_negative;0.6592206060886383;0.1592206060886383
787;1;3;female;18.0;7.4958;0;0;S;Sjoblom, Miss. Anna Sofia;;3101265;0.5059413313865662;1;True;true_positive;0.5059413313865662;0.005941331386566162
70;0;3;male;26.0;8.6625;2;0;S;Kink, Mr. Vincenz;;315151;0.30405521392822266;0;True;true_negative;0.6959447860717773;0.19594478607177734
467;0;2;male;;0.0;0;0;S;Campbell, Mr. William;;239853;0.10149994492530823;0;True;true_negative;0.8985000550746918;0.3985000550746918
176;0;3;male;18.0;7.8542;1;1;S;Klasen, Mr. Klas Albin;;350404;0.22056283056735992;0;True;true_negative;0.7794371694326401;0.2794371694326401
281;0;3;male;65.0;7.75;0;0;Q;Duane, Mr. Frank;;336439;0.02002536505460739;0;True;true_negative;0.9799746349453926;0.4799746349453926
835;0;3;male;18.0;8.3;0;0;S;Allum, Mr. Owen George;;2223;0.09038694947957993;0;True;true_negative;0.9096130505204201;0.4096130505204201
669;0;3;male;43.0;8.05;0;0;S;Cook, Mr. Jacob;;A/5 3536;0.14029623568058014;0;True;true_negative;0.8597037643194199;0.35970376431941986
449;1;3;female;5.0;19.2583;2;1;C;Baclini, Miss. Marie Catherine;;2666;0.7945742011070251;1;True;true_positive;0.7945742011070251;0.29457420110702515
229;0;2;male;18.0;13.0;0;0;S;Fahlstrom, Mr. Arne Jonas;;236171;0.10388833284378052;0;True;true_negative;0.8961116671562195;0.3961116671562195
421;0;3;male;;7.8958;0;0;C;Gheorgheff, Mr. Stanio;;349254;0.16526910662651062;0;True;true_negative;0.8347308933734894;0.3347308933734894
221;1;3;male;16.0;8.05;0;0;S;Sunderland, Mr. Victor Francis;;SOTON/OQ 392089;0.06459767371416092;0;False;false_negative;0.9354023262858391;0.4354023262858391
71;0;2;male;32.0;10.5;0;0;S;Jenkin, Mr. Stephen Curnow;;C.A. 33111;0.2435276210308075;0;True;true_negative;0.7564723789691925;0.2564723789691925
834;0;3;male;23.0;7.8542;0;0;S;Augustsson, Mr. Albert;;347468;0.060609906911849976;0;True;true_negative;0.93939009308815;0.43939009308815
886;0;3;female;39.0;29.125;0;5;Q;Rice, Mrs. William (Margaret Norton);;382652;0.2839513123035431;0;True;true_negative;0.7160486876964569;0.2160486876964569
16;1;2;female;55.0;16.0;0;0;S;Hewlett, Mrs. (Mary D Kingcome) ;;248706;0.778423547744751;1;True;true_positive;0.778423547744751;0.278423547744751
587;0;2;male;47.0;15.0;0;0;S;Jarvis, Mr. John Denzil;;237565;0.225816011428833;0;True;true_negative;0.774183988571167;0.274183988571167
582;1;1;female;39.0;110.8833;1;1;C;Thayer, Mrs. John Borland (Marian Longstreth Morris);C68;17421;0.5293824672698975;1;True;true_positive;0.5293824672698975;0.02938246726989746
628;1;1;female;21.0;77.9583;0;0;S;Longley, Miss. Gretchen Fiske;D9;13502;0.9503394961357117;1;True;true_positive;0.9503394961357117;0.45033949613571167
330;1;1;female;16.0;57.9792;0;1;C;Hippach, Miss. Jean Gertrude;B18;111361;0.6839819550514221;1;True;true_positive;0.6839819550514221;0.18398195505142212
726;0;3;male;20.0;8.6625;0;0;S;Oreskovic, Mr. Luka;;315094;0.22056283056735992;0;True;true_negative;0.7794371694326401;0.2794371694326401
409;0;3;male;21.0;7.775;0;0;S;Birkeland, Mr. Hans Martin Monsen;;312992;0.22056283056735992;0;True;true_negative;0.7794371694326401;0.2794371694326401
664;0;3;male;36.0;7.4958;0;0;S;Coleff, Mr. Peju;;349210;0.08134587854146957;0;True;true_negative;0.9186541214585304;0.4186541214585304
507;1;2;female;33.0;26.0;0;2;S;Quick, Mrs. Frederick Charles (Jane Richards);;26360;0.5293824672698975;1;True;true_positive;0.5293824672698975;0.02938246726989746
737;0;3;female;48.0;34.375;1;3;S;Ford, Mrs. Edward (Margaret Ann Watson);;W./C. 6608;0.2612219750881195;0;True;true_negative;0.7387780249118805;0.2387780249118805
578;1;1;female;39.0;55.9;1;0;S;Silvey, Mrs. William Baird (Alice Munger);E44;13507;0.9600500464439392;1;True;true_positive;0.9600500464439392;0.4600500464439392
607;0;3;male;30.0;7.8958;0;0;S;Karaic, Mr. Milan;;349246;0.09722809493541718;0;True;true_negative;0.9027719050645828;0.4027719050645828
287;1;3;male;30.0;9.5;0;0;S;de Mulder, Mr. Theodore;;345774;0.09722809493541718;0;False;false_negative;0.9027719050645828;0.4027719050645828
839;1;3;male;32.0;56.4958;0;0;S;Chip, Mr. Chang;;1601;0.5168395638465881;1;True;true_positive;0.5168395638465881;0.016839563846588135
435;0;1;male;50.0;55.9;1;0;S;Silvey, Mr. William Baird;E44;13507;0.8441771864891052;1;False;false_positive;0.8441771864891052;0.3441771864891052
592;1;1;female;52.0;78.2667;1;0;C;Stephenson, Mrs. Walter Bertram (Martha Eustis);D20;36947;0.5293824672698975;1;True;true_positive;0.5293824672698975;0.02938246726989746
145;0;2;male;18.0;11.5;0;0;S;Andrew, Mr. Edgardo Samuel;;231945;0.03990204259753227;0;True;true_negative;0.9600979574024677;0.4600979574024677
243;0;2;male;29.0;10.5;0;0;S;Coleridge, Mr. Reginald Charles;;W./C. 14263;0.30405521392822266;0;True;true_negative;0.6959447860717773;0.19594478607177734
601;1;2;female;24.0;27.0;2;1;S;Jacobsohn, Mrs. Sidney Samuel (Amy Frances Christy);;243847;0.8312747478485107;1;True;true_positive;0.8312747478485107;0.33127474784851074
819;0;3;male;43.0;6.45;0;0;S;Holm, Mr. John Fredrik Alexander;;C 7075;0.32854121923446655;0;True;true_negative;0.6714587807655334;0.17145878076553345
722;0;3;male;17.0;7.0542;1;0;S;Jensen, Mr. Svend Lauritz;;350048;0.30405521392822266;0;True;true_negative;0.6959447860717773;0.19594478607177734
19;0;3;female;31.0;18.0;1;0;S;Vander Planke, Mrs. Julius (Emelia Maria Vandemoortele);;345763;0.7075695991516113;1;False;false_positive;0.7075695991516113;0.20756959915161133
631;1;1;male;80.0;30.0;0;0;S;Barkworth, Mr. Algernon Henry Wilson;A23;27042;0.29805421829223633;0;False;false_negative;0.7019457817077637;0.20194578170776367
256;1;3;female;29.0;15.2458;0;2;C;Touma, Mrs. Darwis (Hanne Youssef Razi);;2650;0.4156356453895569;0;False;false_negative;0.5843643546104431;0.08436435461044312
809;0;2;male;39.0;13.0;0;0;S;Meyer, Mr. August;;248723;0.1468607634305954;0;True;true_negative;0.8531392365694046;0.3531392365694046
39;0;3;female;18.0;18.0;2;0;S;Vander Planke, Miss. Augusta Maria;;345764;0.42259663343429565;0;True;true_negative;0.5774033665657043;0.07740336656570435
686;0;2;male;25.0;41.5792;1;2;C;Laroche, Mr. Joseph Philippe Lemercier;;SC/Paris 2123;0.2786867022514343;0;True;true_negative;0.7213132977485657;0.22131329774856567
299;1;1;male;;30.5;0;0;S;Saalfeld, Mr. Adolphe;C106;19988;0.5280364751815796;1;True;true_positive;0.5280364751815796;0.02803647518157959
369;1;3;female;;7.75;0;0;Q;Jermyn, Miss. Annie;;14313;0.5756895542144775;1;True;true_positive;0.5756895542144775;0.07568955421447754
112;0;3;female;14.5;14.4542;1;0;C;Zabour, Miss. Hileni;;2665;0.3264578878879547;0;True;true_negative;0.6735421121120453;0.1735421121120453
501;0;3;male;17.0;8.6625;0;0;S;Calic, Mr. Petar;;315086;0.22056283056735992;0;True;true_negative;0.7794371694326401;0.2794371694326401
863;1;1;female;48.0;25.9292;0;0;S;Swift, Mrs. Frederick Joel (Margaret Welles Barron);D17;17466;0.5293824672698975;1;True;true_positive;0.5293824672698975;0.02938246726989746
388;1;2;female;36.0;13.0;0;0;S;Buss, Miss. Kate;;27849;0.5293824672698975;1;True;true_positive;0.5293824672698975;0.02938246726989746
593;0;3;male;47.0;7.25;0;0;S;Elsbury, Mr. William James;;A/5 3902;0.30405521392822266;0;True;true_negative;0.6959447860717773;0.19594478607177734
45;1;3;female;19.0;7.8792;0;0;Q;Devaney, Miss. Margaret Delia;;330958;0.810452938079834;1;True;true_positive;0.810452938079834;0.310452938079834
594;0;3;female;;7.75;0;2;Q;Bourke, Miss. Mary;;364848;0.4764435291290283;0;True;true_negative;0.5235564708709717;0.02355647087097168
386;0;2;male;18.0;73.5;0;0;S;Davies, Mr. Charles Henry;;S.O.C. 14879;0.3333265483379364;0;True;true_negative;0.6666734516620636;0.1666734516620636
867;1;2;female;27.0;13.8583;1;0;C;Duran y More, Miss. Asuncion;;SC/PARIS 2149;0.6839819550514221;1;True;true_positive;0.6839819550514221;0.18398195505142212
572;1;1;female;53.0;51.4792;2;0;S;Appleton, Mrs. Edward Dale (Charlotte Lamson);C101;11769;0.9586426019668579;1;True;true_positive;0.9586426019668579;0.4586426019668579
764;1;1;female;36.0;120.0;1;2;S;Carter, Mrs. William Ernest (Lucile Polk);B96 B98;113760;0.9865313172340393;1;True;true_positive;0.9865313172340393;0.4865313172340393
187;1;3;female;;15.5;1;0;Q;"O'Brien, Mrs. Thomas (Johanna ""Hannah"" Godfrey)";;370365;0.4143833816051483;0;False;false_negative;0.5856166183948517;0.08561661839485168
162;1;2;female;40.0;15.75;0;0;S;"Watt, Mrs. James (Elizabeth ""Bessie"" Inglis Milne)";;C.A. 33595;0.8362323641777039;1;True;true_positive;0.8362323641777039;0.33623236417770386
411;0;3;male;;7.8958;0;0;S;Sdycoff, Mr. Todor;;349222;0.12943580746650696;0;True;true_negative;0.870564192533493;0.37056419253349304
408;1;2;male;3.0;18.75;1;1;S;Richards, Master. William Rowe;;29106;0.6380792260169983;1;True;true_positive;0.6380792260169983;0.1380792260169983
131;0;3;male;33.0;7.8958;0;0;C;Drazenoic, Mr. Jozef;;349241;0.09296214580535889;0;True;true_negative;0.9070378541946411;0.4070378541946411
193;1;3;female;19.0;7.8542;1;0;S;Andersen-Jensen, Miss. Carla Christine Nielsine;;350046;0.3138912320137024;0;False;false_negative;0.6861087679862976;0.1861087679862976
450;1;1;male;52.0;30.5;0;0;S;Peuchen, Major. Arthur Godfrey;C104;113786;0.4164562225341797;0;False;false_negative;0.5835437774658203;0.08354377746582031
853;0;3;female;9.0;15.2458;1;1;C;Boulos, Miss. Nourelain;;2678;0.6143491268157959;1;False;false_positive;0.6143491268157959;0.1143491268157959
704;0;3;male;25.0;7.7417;0;0;Q;Gallagher, Mr. Martin;;36864;0.30405521392822266;0;True;true_negative;0.6959447860717773;0.19594478607177734
487;1;1;female;35.0;90.0;1;0;S;Hoyt, Mrs. Frederick Maxfield (Jane Anne Forby);C93;19943;0.6839819550514221;1;True;true_positive;0.6839819550514221;0.18398195505142212
309;0;2;male;30.0;24.0;1;0;C;Abelson, Mr. Samuel;;P/PP 3381;0.00920687336474657;0;True;true_negative;0.9907931266352534;0.49079312663525343
121;0;2;male;21.0;73.5;2;0;S;Hickman, Mr. Stanley George;;S.O.C. 14879;0.30358758568763733;0;True;true_negative;0.6964124143123627;0.19641241431236267
600;1;1;male;49.0;56.9292;1;0;C;"Duff Gordon, Sir. Cosmo Edmund (""Mr Morgan"")";A20;PC 17485;0.5990738868713379;1;True;true_positive;0.5990738868713379;0.09907388687133789
324;1;2;female;22.0;29.0;1;1;S;Caldwell, Mrs. Albert Francis (Sylvia Mae Harbaugh);;248738;0.931316614151001;1;True;true_positive;0.931316614151001;0.431316614151001
457;0;1;male;65.0;26.55;0;0;S;Millet, Mr. Francis Davis;E38;13509;0.45720016956329346;0;True;true_negative;0.5427998304367065;0.04279983043670654
557;1;1;female;48.0;39.6;1;0;C;"Duff Gordon, Lady. (Lucille Christiana Sutherland) (""Mrs Morgan"")";A16;11755;0.5969335436820984;1;True;true_positive;0.5969335436820984;0.09693354368209839
186;0;1;male;;50.0;0;0;S;Rood, Mr. Hugh Roscoe;A32;113767;0.3464197516441345;0;True;true_negative;0.6535802483558655;0.15358024835586548
297;0;3;male;23.5;7.2292;0;0;C;Hanna, Mr. Mansour;;2693;0.19560149312019348;0;True;true_negative;0.8043985068798065;0.3043985068798065
796;0;2;male;39.0;13.0;0;0;S;Otter, Mr. Richard;;28213;0.24905306100845337;0;True;true_negative;0.7509469389915466;0.25094693899154663
144;0;3;male;19.0;6.75;0;0;Q;Burke, Mr. Jeremiah;;365222;0.11521612852811813;0;True;true_negative;0.8847838714718819;0.38478387147188187
241;0;3;female;;14.4542;1;0;C;Zabour, Miss. Thamine;;2665;0.498721182346344;0;True;true_negative;0.501278817653656;0.0012788176536560059
836;1;1;female;39.0;83.1583;1;1;C;Compton, Miss. Sara Rebecca;E49;PC 17756;0.9966129660606384;1;True;true_positive;0.9966129660606384;0.4966129660606384
802;1;2;female;31.0;26.25;1;1;S;Collyer, Mrs. Harvey (Charlotte Annie Tate);;C.A. 31921;0.9795290231704712;1;True;true_positive;0.9795290231704712;0.4795290231704712
609;1;2;female;22.0;41.5792;1;2;C;Laroche, Mrs. Joseph (Juliette Marie Louise Lafargue);;SC/Paris 2123;0.9634675979614258;1;True;true_positive;0.9634675979614258;0.4634675979614258
488;0;1;male;58.0;29.7;0;0;C;Kent, Mr. Edward Austin;B37;11771;0.2983953356742859;0;True;true_negative;0.7016046643257141;0.2016046643257141
784;0;3;male;;23.45;1;2;S;Johnston, Mr. Andrew G;;W./C. 6607;0.30405521392822266;0;True;true_negative;0.6959447860717773;0.19594478607177734
239;0;2;male;19.0;10.5;0;0;S;Pengelly, Mr. Frederick William;;28665;0.03511318191885948;0;True;true_negative;0.9648868180811405;0.4648868180811405
638;0;2;male;31.0;26.25;1;1;S;Collyer, Mr. Harvey;;C.A. 31921;0.30405521392822266;0;True;true_negative;0.6959447860717773;0.19594478607177734
550;1;2;male;8.0;36.75;1;1;S;Davies, Master. John Morgan Jr;;C.A. 33112;0.630406379699707;1;True;true_positive;0.630406379699707;0.13040637969970703
190;0;3;male;36.0;7.8958;0;0;S;Turcin, Mr. Stjepan;;349247;0.24905306100845337;0;True;true_negative;0.7509469389915466;0.25094693899154663
660;0;1;male;58.0;113.275;0;2;C;Newell, Mr. Arthur Webster;D48;35273;0.10816731303930283;0;True;true_negative;0.8918326869606972;0.3918326869606972
399;0;2;male;23.0;10.5;0;0;S;Pain, Dr. Alfred;;244278;0.00454746512696147;0;True;true_negative;0.9954525348730385;0.49545253487303853
730;0;3;female;25.0;7.925;1;0;S;Ilmakangas, Miss. Pieta Sofia;;STON/O2. 3101271;0.4764435291290283;0;True;true_negative;0.5235564708709717;0.02355647087097168
606;0;3;male;36.0;15.55;1;0;S;Lindell, Mr. Edvard Bengtsson;;349910;0.11010612547397614;0;True;true_negative;0.8898938745260239;0.38989387452602386
198;0;3;male;42.0;8.4042;0;1;S;Olsen, Mr. Karl Siegwart Andreas;;4579;0.30405521392822266;0;True;true_negative;0.6959447860717773;0.19594478607177734
430;1;3;male;32.0;8.05;0;0;S;Pickard, Mr. Berk (Berk Trembisky);E10;SOTON/O.Q. 392078;0.30405521392822266;0;False;false_negative;0.6959447860717773;0.19594478607177734
230;0;3;female;;25.4667;3;1;S;Lefebre, Miss. Mathilde;;4133;0.2839513123035431;0;True;true_negative;0.7160486876964569;0.2160486876964569
812;0;3;male;39.0;24.15;0;0;S;Lester, Mr. James;;A/4 48871;0.13147029280662537;0;True;true_negative;0.8685297071933746;0.36852970719337463
887;0;2;male;27.0;13.0;0;0;S;Montvila, Rev. Juozas;;211536;0.24121175706386566;0;True;true_negative;0.7587882429361343;0.25878824293613434
858;1;1;male;51.0;26.55;0;0;S;Daly, Mr. Peter Denis ;E17;113055;0.4282393753528595;0;False;false_negative;0.5717606246471405;0.0717606246471405
300;1;1;female;50.0;247.5208;0;1;C;Baxter, Mrs. James (Helene DeLaudeniere Chaput);B58 B60;PC 17558;0.9752572774887085;1;True;true_positive;0.9752572774887085;0.4752572774887085
188;1;1;male;45.0;26.55;0;0;S;"Romaine, Mr. Charles Hallace (""Mr C Rolmane"")";;111428;0.1963605284690857;0;False;false_negative;0.8036394715309143;0.3036394715309143
155;0;3;male;;7.3125;0;0;S;Olsen, Mr. Ole Martin;;Fa 265302;0.050990231335163116;0;True;true_negative;0.9490097686648369;0.4490097686648369
344;0;2;male;25.0;13.0;0;0;S;Sedgwick, Mr. Charles Frederick Waddington;;244361;0.00693480484187603;0;True;true_negative;0.993065195158124;0.49306519515812397
818;0;2;male;31.0;37.0042;1;1;C;Mallet, Mr. Albert;;S.C./PARIS 2079;0.0927838683128357;0;True;true_negative;0.9072161316871643;0.4072161316871643
94;0;3;male;26.0;20.575;1;2;S;Dean, Mr. Bertram Frank;;C.A. 2315;0.020844491198658943;0;True;true_negative;0.9791555088013411;0.47915550880134106
635;0;3;female;9.0;27.9;3;2;S;Skoog, Miss. Mabel;;347088;0.024228304624557495;0;True;true_negative;0.9757716953754425;0.4757716953754425
561;0;3;male;;7.75;0;0;Q;Morrow, Mr. Thomas Rowan;;372622;0.047726649791002274;0;True;true_negative;0.9522733502089977;0.4522733502089977
586;1;1;female;18.0;79.65;0;2;S;Taussig, Miss. Ruth;E68;110413;0.9671624302864075;1;True;true_positive;0.9671624302864075;0.46716243028640747
146;0;2;male;19.0;36.75;1;1;S;Nicholls, Mr. Joseph Charles;;C.A. 33112;0.30358758568763733;0;True;true_negative;0.6964124143123627;0.19641241431236267
130;0;3;male;45.0;6.975;0;0;S;Ekstrom, Mr. Johan;;347061;0.01618865691125393;0;True;true_negative;0.9838113430887461;0.48381134308874607
69;1;3;female;17.0;7.925;4;2;S;Andersson, Miss. Erna Alexandra;;3101281;0.18115662038326263;0;False;false_negative;0.8188433796167374;0.31884337961673737
353;0;3;male;15.0;7.2292;1;1;C;Elias, Mr. Tannous;;2695;0.15955336391925812;0;True;true_negative;0.8404466360807419;0.3404466360807419
323;1;2;female;30.0;12.35;0;0;Q;Slayter, Miss. Hilda Mary;;234818;0.6839819550514221;1;True;true_positive;0.6839819550514221;0.18398195505142212
841;0;3;male;20.0;7.925;0;0;S;Alhomaki, Mr. Ilmari Rudolf;;SOTON/O2 3101287;0.30405521392822266;0;True;true_negative;0.6959447860717773;0.19594478607177734
199;1;3;female;;7.75;0;0;Q;"Madigan, Miss. Margaret ""Maggie""";;370370;0.734988808631897;1;True;true_positive;0.734988808631897;0.23498880863189697
741;1;1;male;;30.0;0;0;S;Hawksford, Mr. Walter James;D45;16988;0.6488372087478638;1;True;true_positive;0.6488372087478638;0.14883720874786377
644;1;3;male;;56.4958;0;0;S;Foo, Mr. Choong;;1601;0.3577329218387604;0;False;false_negative;0.6422670781612396;0.14226707816123962
385;0;3;male;;7.8958;0;0;S;Plotcharsky, Mr. Vasil;;349227;0.12943580746650696;0;True;true_negative;0.870564192533493;0.37056419253349304
171;0;1;male;61.0;33.5;0;0;S;Van der hoef, Mr. Wyckoff;B19;111240;0.06803718209266663;0;True;true_negative;0.9319628179073334;0.4319628179073334
453;0;1;male;30.0;27.75;0;0;C;Foreman, Mr. Benjamin Laventall;C111;113051;0.4304947257041931;0;True;true_negative;0.5695052742958069;0.06950527429580688
366;0;3;male;30.0;7.25;0;0;S;Adahl, Mr. Mauritz Nils Martin;;C 7076;0.07949444651603699;0;True;true_negative;0.920505553483963;0.420505553483963
480;1;3;female;2.0;12.2875;0;1;S;Hirvonen, Miss. Hildur E;;3101298;0.844386100769043;1;True;true_positive;0.844386100769043;0.34438610076904297
701;1;1;female;18.0;227.525;1;0;C;Astor, Mrs. John Jacob (Madeleine Talmadge Force);C62 C64;PC 17757;0.5293824672698975;1;True;true_positive;0.5293824672698975;0.02938246726989746
20;1;3;female;;7.225;0;0;C;Masselmani, Mrs. Fatima;;2649;0.648884117603302;1;True;true_positive;0.648884117603302;0.148884117603302
880;1;1;female;56.0;83.1583;0;1;C;Potter, Mrs. Thomas Jr (Lily Alexenia Wilson);C50;11767;0.5293824672698975;1;True;true_positive;0.5293824672698975;0.02938246726989746
224;0;3;male;;7.8958;0;0;S;Nenkoff, Mr. Christo;;349234;0.12943580746650696;0;True;true_negative;0.870564192533493;0.37056419253349304
843;1;1;female;30.0;31.0;0;0;C;Serepeca, Miss. Augusta;;113798;0.9715858101844788;1;True;true_positive;0.9715858101844788;0.47158581018447876
775;1;2;female;54.0;23.0;1;3;S;Hocking, Mrs. Elizabeth (Eliza Needs);;29105;0.8324221968650818;1;True;true_positive;0.8324221968650818;0.3324221968650818
462;0;3;male;34.0;8.05;0;0;S;Morley, Mr. William;;364506;0.24905306100845337;0;True;true_negative;0.7509469389915466;0.25094693899154663
770;0;3;male;32.0;8.3625;0;0;S;Gronnestad, Mr. Daniel Danielsen;;8471;0.30405521392822266;0;True;true_negative;0.6959447860717773;0.19594478607177734
806;0;3;male;31.0;7.775;0;0;S;Johansson, Mr. Karl Johan;;347063;0.30405521392822266;0;True;true_negative;0.6959447860717773;0.19594478607177734
559;1;1;female;39.0;79.65;1;1;S;Taussig, Mrs. Emil (Tillie Mandelbaum);E67;110413;0.5293824672698975;1;True;true_positive;0.5293824672698975;0.02938246726989746
518;0;3;male;;24.15;0;0;Q;Ryan, Mr. Patrick;;371110;0.05337373912334442;0;True;true_negative;0.9466262608766556;0.4466262608766556
95;0;3;male;59.0;7.25;0;0;S;Coxon, Mr. Daniel;;364500;0.03647097945213318;0;True;true_negative;0.9635290205478668;0.4635290205478668
619;1;2;female;4.0;39.0;2;1;S;Becker, Miss. Marion Louise;F4;230136;0.9104544520378113;1;True;true_positive;0.9104544520378113;0.4104544520378113
778;1;3;female;5.0;12.475;0;0;S;Emanuel, Miss. Virginia Ethel;;364516;0.5381401181221008;1;True;true_positive;0.5381401181221008;0.03814011812210083
693;1;3;male;;56.4958;0;0;S;Lam, Mr. Ali;;1601;0.3305526673793793;0;False;false_negative;0.6694473326206207;0.16944733262062073
117;0;3;male;70.5;7.75;0;0;Q;Connors, Mr. Patrick;;370369;0.05675254389643669;0;True;true_negative;0.9432474561035633;0.4432474561035633
228;0;3;male;20.5;7.25;0;0;S;"Lovell, Mr. John Hall (""Henry"")";;A/5 21173;0.05484334006905556;0;True;true_negative;0.9451566599309444;0.44515665993094444
768;0;3;female;30.5;7.75;0;0;Q;Mangan, Miss. Mary;;364850;0.4780859053134918;0;True;true_negative;0.5219140946865082;0.02191409468650818
15;0;3;female;14.0;7.8542;0;0;S;Vestrom, Miss. Hulda Amanda Adolfina;;350406;0.5460065603256226;1;False;false_positive;0.5460065603256226;0.04600656032562256
749;0;1;male;19.0;53.1;1;0;S;Marvin, Mr. Daniel Warner;D30;113773;0.5791699886322021;1;False;false_positive;0.5791699886322021;0.07916998863220215
306;1;1;male;0.92;151.55;1;2;S;Allison, Master. Hudson Trevor;C22 C26;113781;0.7143903970718384;1;True;true_positive;0.7143903970718384;0.21439039707183838
872;1;1;female;47.0;52.5542;1;1;S;Beckwith, Mrs. Richard Leonard (Sallie Monypeny);D35;11751;0.9901809692382812;1;True;true_positive;0.9901809692382812;0.49018096923828125
666;0;2;male;32.0;73.5;2;0;S;Hickman, Mr. Lewis;;S.O.C. 14879;0.385169118642807;0;True;true_negative;0.614830881357193;0.114830881357193
555;1;3;female;22.0;7.775;0;0;S;Ohman, Miss. Velin;;347085;0.7555624842643738;1;True;true_positive;0.7555624842643738;0.2555624842643738
27;0;3;male;;7.225;0;0;C;Emir, Mr. Farred Chehab;;2631;0.22043123841285706;0;True;true_negative;0.7795687615871429;0.27956876158714294
537;0;1;male;45.0;26.55;0;0;S;Butt, Major. Archibald Willingham;B38;113050;0.38922685384750366;0;True;true_negative;0.6107731461524963;0.11077314615249634
536;1;2;female;7.0;26.25;0;2;S;Hart, Miss. Eva Miriam;;F.C.C. 13529;0.9040026068687439;1;True;true_positive;0.9040026068687439;0.4040026068687439
356;0;3;male;28.0;9.5;0;0;S;Vanden Steen, Mr. Leo Peter;;345783;0.09722809493541718;0;True;true_negative;0.9027719050645828;0.4027719050645828
668;0;3;male;;7.775;0;0;S;Rommetvedt, Mr. Knud Paust;;312993;0.2239152491092682;0;True;true_negative;0.7760847508907318;0.2760847508907318
495;0;3;male;21.0;8.05;0;0;S;Stanley, Mr. Edward Roland;;A/4 45380;0.22056283056735992;0;True;true_negative;0.7794371694326401;0.2794371694326401
441;1;2;female;45.0;26.25;1;1;S;Hart, Mrs. Benjamin (Esther Ada Bloomfield);;F.C.C. 13529;0.6896305084228516;1;True;true_positive;0.6896305084228516;0.18963050842285156
870;1;3;male;4.0;11.1333;1;1;S;Johnson, Master. Harold Theodor;;347742;0.9854302406311035;1;True;true_positive;0.9854302406311035;0.4854302406311035
363;0;3;female;45.0;14.4542;0;1;C;Barbara, Mrs. (Catherine David);;2691;0.2837491035461426;0;True;true_negative;0.7162508964538574;0.21625089645385742
468;0;1;male;56.0;26.55;0;0;S;Smart, Mr. John Montgomery;;113792;0.37569594383239746;0;True;true_negative;0.6243040561676025;0.12430405616760254
35;0;1;male;28.0;82.1708;1;0;C;Meyer, Mr. Edgar Joseph;;PC 17604;0.3037228584289551;0;True;true_negative;0.6962771415710449;0.19627714157104492
554;1;3;male;22.0;7.225;0;0;C;"Leeni, Mr. Fahim (""Philip Zenni"")";;2620;0.30405521392822266;0;False;false_negative;0.6959447860717773;0.19594478607177734
891;0;3;male;32.0;7.75;0;0;Q;Dooley, Mr. Patrick;;370376;0.011198863387107849;0;True;true_negative;0.9888011366128922;0.48880113661289215
733;0;2;male;;0.0;0;0;S;Knight, Mr. Robert J;;239855;0.10149994492530823;0;True;true_negative;0.8985000550746918;0.3985000550746918
883;0;3;female;22.0;10.5167;0;0;S;Dahlberg, Miss. Gerda Ulrika;;7552;0.4479943513870239;0;True;true_negative;0.5520056486129761;0.052005648612976074
133;0;3;female;47.0;14.5;1;0;S;Robins, Mrs. Alexander A (Grace Charity Laury);;A/5. 3337;0.3926979601383209;0;True;true_negative;0.6073020398616791;0.10730203986167908
846;0;3;male;42.0;7.55;0;0;S;Abbing, Mr. Anthony;;C.A. 5547;0.30405521392822266;0;True;true_negative;0.6959447860717773;0.19594478607177734
873;0;1;male;33.0;5.0;0;0;S;Carlsson, Mr. Frans Olof;B51 B53 B55;695;0.01255668606609106;0;True;true_negative;0.9874433139339089;0.48744331393390894
618;0;3;female;26.0;16.1;1;0;S;Lobb, Mrs. William Arthur (Cordelia K Stanlick);;A/5. 3336;0.4764435291290283;0;True;true_negative;0.5235564708709717;0.02355647087097168
33;1;3;female;;7.75;0;0;Q;Glynn, Miss. Mary Agatha;;335677;0.5756895542144775;1;True;true_positive;0.5756895542144775;0.07568955421447754
716;0;3;male;19.0;7.65;0;0;S;Soholt, Mr. Peter Andreas Lauritz Andersen;F G73;348124;0.24573475122451782;0;True;true_negative;0.7542652487754822;0.2542652487754822
377;1;3;female;22.0;7.25;0;0;S;Landergren, Miss. Aurora Adelia;;C 7077;0.8540526032447815;1;True;true_positive;0.8540526032447815;0.3540526032447815
797;1;1;female;49.0;25.9292;0;0;S;Leader, Dr. Alice (Farnham);D17;17465;0.4164562225341797;0;False;false_negative;0.5835437774658203;0.08354377746582031
639;0;3;female;41.0;39.6875;0;5;S;Panula, Mrs. Juha (Maria Emilia Ojala);;3101295;0.13362416625022888;0;True;true_negative;0.8663758337497711;0.3663758337497711
308;1;1;female;17.0;108.9;1;0;C;Penasco y Castellana, Mrs. Victor de Satode (Maria Josefa Perez de Soto y Vallejo);C65;PC 17758;0.6839819550514221;1;True;true_positive;0.6839819550514221;0.18398195505142212
491;0;3;male;;19.9667;1;0;S;Hagland, Mr. Konrad Mathias Reiersen;;65304;0.07640623301267624;0;True;true_negative;0.9235937669873238;0.42359376698732376
414;0;2;male;;0.0;0;0;S;Cunningham, Mr. Alfred Fleming;;239853;0.3117138147354126;0;True;true_negative;0.6882861852645874;0.1882861852645874
562;0;3;male;40.0;7.8958;0;0;S;Sivic, Mr. Husein;;349251;0.14233674108982086;0;True;true_negative;0.8576632589101791;0.35766325891017914
890;1;1;male;26.0;30.0;0;0;C;Behr, Mr. Karl Howell;C148;111369;0.4304947257041931;0;False;false_negative;0.5695052742958069;0.06950527429580688
739;0;3;male;;7.8958;0;0;S;Ivanoff, Mr. Kanio;;349201;0.30405521392822266;0;True;true_negative;0.6959447860717773;0.19594478607177734
72;0;3;female;16.0;46.9;5;2;S;Goodwin, Miss. Lillian Amy;;CA 2144;0.027400866150856018;0;True;true_negative;0.972599133849144;0.472599133849144
378;0;1;male;27.0;211.5;0;2;C;Widener, Mr. Harry Elkins;C82;113503;0.4872748553752899;0;True;true_negative;0.5127251446247101;0.012725144624710083
576;0;3;male;19.0;14.5;0;0;S;Patchett, Mr. George;;358585;0.016954246908426285;0;True;true_negative;0.9830457530915737;0.4830457530915737
705;0;3;male;26.0;7.8542;1;0;S;Hansen, Mr. Henrik Juul;;350025;0.23945263028144836;0;True;true_negative;0.7605473697185516;0.26054736971855164
531;1;2;female;2.0;26.0;1;1;S;Quick, Miss. Phyllis May;;26360;0.8479067087173462;1;True;true_positive;0.8479067087173462;0.3479067087173462
129;1;3;female;;22.3583;1;1;C;Peter, Miss. Anna;F E69;2668;0.3961620628833771;0;False;false_negative;0.6038379371166229;0.10383793711662292
824;1;3;female;27.0;12.475;0;1;S;Moor, Mrs. (Beila);E121;392096;0.5405671000480652;1;True;true_positive;0.5405671000480652;0.040567100048065186
724;0;2;male;50.0;13.0;0;0;S;Hodges, Mr. Henry Price;;250643;0.24905306100845337;0;True;true_negative;0.7509469389915466;0.25094693899154663
164;0;3;male;17.0;8.6625;0;0;S;Calic, Mr. Jovo;;315093;0.06678327172994614;0;True;true_negative;0.9332167282700539;0.43321672827005386
205;1;3;male;18.0;8.05;0;0;S;"Cohen, Mr. Gurshon ""Gus""";;A/5 3540;0.22056283056735992;0;False;false_negative;0.7794371694326401;0.2794371694326401
248;1;2;female;24.0;14.5;0;2;S;Hamalainen, Mrs. William (Anna);;250649;0.5293824672698975;1;True;true_positive;0.5293824672698975;0.02938246726989746
719;0;3;male;;15.5;0;0;Q;McEvoy, Mr. Michael;;36568;0.058826420456171036;0;True;true_negative;0.941173579543829;0.44117357954382896
541;1;1;female;36.0;71.0;0;2;S;Crosby, Miss. Harriet R;B22;WE/P 5735;0.6839819550514221;1;True;true_positive;0.6839819550514221;0.18398195505142212
874;0;3;male;47.0;9.0;0;0;S;Vander Cruyssen, Mr. Victor;;345765;0.24905306100845337;0;True;true_negative;0.7509469389915466;0.25094693899154663
393;0;3;male;28.0;7.925;2;0;S;Gustafsson, Mr. Johan Birger;;3101277;0.1350327581167221;0;True;true_negative;0.8649672418832779;0.3649672418832779
73;0;2;male;21.0;73.5;0;0;S;Hood, Mr. Ambrose Jr;;S.O.C. 14879;0.149313822388649;0;True;true_negative;0.850686177611351;0.350686177611351
528;0;1;male;;221.7792;0;0;S;Farthing, Mr. John;C95;PC 17483;0.3777916431427002;0;True;true_negative;0.6222083568572998;0.1222083568572998
783;0;1;male;29.0;30.0;0;0;S;Long, Mr. Milton Clyde;D6;113501;0.6793296933174133;1;False;false_positive;0.6793296933174133;0.17932969331741333
830;1;1;female;62.0;80.0;0;0;;Stone, Mrs. George Nelson (Martha Evelyn);B28;113572;0.9485235810279846;1;True;true_positive;0.9485235810279846;0.4485235810279846
613;1;3;female;;15.5;1;0;Q;Murphy, Miss. Margaret Jane;;367230;0.6799901127815247;1;True;true_positive;0.6799901127815247;0.17999011278152466
856;1;3;female;18.0;9.35;0;1;S;Aks, Mrs. Sam (Leah Rosen);;392091;0.4139922261238098;0;False;false_negative;0.5860077738761902;0.08600777387619019
663;0;1;male;47.0;25.5875;0;0;S;Colley, Mr. Edward Pomeroy;E58;5727;0.2638832628726959;0;True;true_negative;0.7361167371273041;0.23611673712730408
253;0;1;male;62.0;26.55;0;0;S;Stead, Mr. William Thomas;C87;113514;0.3447572886943817;0;True;true_negative;0.6552427113056183;0.1552427113056183
126;1;3;male;12.0;11.2417;1;0;C;Nicola-Yarred, Master. Elias;;2651;0.620265543460846;1;True;true_positive;0.620265543460846;0.12026554346084595
504;0;3;female;37.0;9.5875;0;0;S;Laitinen, Miss. Kristina Sofia;;4135;0.1498899906873703;0;True;true_negative;0.8501100093126297;0.3501100093126297
167;1;1;female;;55.0;0;1;S;Chibnall, Mrs. (Edith Martha Bowerman);E33;113505;0.9880189299583435;1;True;true_positive;0.9880189299583435;0.4880189299583435
382;1;3;female;1.0;15.7417;0;2;C;"Nakid, Miss. Maria (""Mary"")";;2653;0.498721182346344;0;False;false_negative;0.501278817653656;0.0012788176536560059
832;1;2;male;0.83;18.75;1;1;S;Richards, Master. George Sibley;;29106;0.9613617658615112;1;True;true_positive;0.9613617658615112;0.46136176586151123
460;0;3;male;;7.75;0;0;Q;O'Connor, Mr. Maurice;;371060;0.027286510914564133;0;True;true_negative;0.9727134890854359;0.47271348908543587
226;0;3;male;22.0;9.35;0;0;S;Berglund, Mr. Karl Ivar Sven;;PP 4348;0.22056283056735992;0;True;true_negative;0.7794371694326401;0.2794371694326401
563;0;2;male;28.0;13.5;0;0;S;Norman, Mr. Robert Douglas;;218629;0.30405521392822266;0;True;true_negative;0.6959447860717773;0.19594478607177734
675;0;2;male;;0.0;0;0;S;Watson, Mr. Ennis Hastings;;239856;0.3117138147354126;0;True;true_negative;0.6882861852645874;0.1882861852645874
734;0;2;male;23.0;13.0;0;0;S;Berriman, Mr. William John;;28425;0.036513663828372955;0;True;true_negative;0.963486336171627;0.46348633617162704
589;0;3;male;22.0;8.05;0;0;S;Gilinski, Mr. Eliezer;;14973;0.05050024762749672;0;True;true_negative;0.9494997523725033;0.4494997523725033
799;0;3;male;30.0;7.2292;0;0;C;Ibrahim Shawah, Mr. Yousseff;;2685;0.12756042182445526;0;True;true_negative;0.8724395781755447;0.37243957817554474
333;0;1;male;38.0;153.4625;0;1;S;Graham, Mr. George Edward;C91;PC 17582;0.4569472372531891;0;True;true_negative;0.5430527627468109;0.04305276274681091
127;0;3;male;;7.75;0;0;Q;McMahon, Mr. Martin;;370372;0.22043123841285706;0;True;true_negative;0.7795687615871429;0.27956876158714294
57;1;2;female;21.0;10.5;0;0;S;Rugg, Miss. Emily;;C.A. 31026;0.8262620568275452;1;True;true_positive;0.8262620568275452;0.32626205682754517
496;0;3;male;;14.4583;0;0;C;Yousseff, Mr. Gerious;;2627;0.225816011428833;0;True;true_negative;0.774183988571167;0.274183988571167
604;0;3;male;44.0;8.05;0;0;S;Torber, Mr. Ernst William;;364511;0.24905306100845337;0;True;true_negative;0.7509469389915466;0.25094693899154663
99;1;2;female;34.0;23.0;0;1;S;Doling, Mrs. John T (Ada Julia Bone);;231919;0.9279080629348755;1;True;true_positive;0.9279080629348755;0.4279080629348755
249;1;1;male;37.0;52.5542;1;1;S;Beckwith, Mr. Richard Leonard;D35;11751;0.3784339725971222;0;False;false_negative;0.6215660274028778;0.12156602740287781
575;0;3;male;16.0;8.05;0;0;S;Rush, Mr. Alfred George John;;A/4. 20589;0.30405521392822266;0;True;true_negative;0.6959447860717773;0.19594478607177734
439;0;1;male;64.0;263.0;1;4;S;Fortune, Mr. Mark;C23 C25 C27;19950;0.35742834210395813;0;True;true_negative;0.6425716578960419;0.14257165789604187
861;0;3;male;41.0;14.1083;2;0;S;Hansen, Mr. Claus Peter;;350026;0.30405521392822266;0;True;true_negative;0.6959447860717773;0.19594478607177734
567;0;3;male;19.0;7.8958;0;0;S;Stoytcheff, Mr. Ilia;;349205;0.08347434550523758;0;True;true_negative;0.9165256544947624;0.4165256544947624
214;0;2;male;30.0;13.0;0;0;S;Givard, Mr. Hans Kristensen;;250646;0.24905306100845337;0;True;true_negative;0.7509469389915466;0.25094693899154663
653;0;3;male;21.0;8.4333;0;0;S;Kalvik, Mr. Johannes Halvorsen;;8475;0.05260160192847252;0;True;true_negative;0.9473983980715275;0.4473983980715275
564;0;3;male;;8.05;0;0;S;Simmons, Mr. John;;SOTON/OQ 392082;0.13530345261096954;0;True;true_negative;0.8646965473890305;0.36469654738903046
649;0;3;male;;7.55;0;0;S;Willey, Mr. Edward;;S.O./P.P. 751;0.22043123841285706;0;True;true_negative;0.7795687615871429;0.27956876158714294
2;1;1;female;38.0;71.2833;1;0;C;Cumings, Mrs. John Bradley (Florence Briggs Thayer);C85;PC 17599;0.9910338521003723;1;True;true_positive;0.9910338521003723;0.4910338521003723
422;0;3;male;21.0;7.7333;0;0;Q;Charters, Mr. David;;A/5. 13032;0.30405521392822266;0;True;true_negative;0.6959447860717773;0.19594478607177734
674;1;2;male;31.0;13.0;0;0;S;Wilhelms, Mr. Charles;;244270;0.30405521392822266;0;False;false_negative;0.6959447860717773;0.19594478607177734
119;0;1;male;24.0;247.5208;0;1;C;Baxter, Mr. Quigg Edmond;B58 B60;PC 17558;0.4306859076023102;0;True;true_negative;0.5693140923976898;0.06931409239768982
61;0;3;male;22.0;7.2292;0;0;C;Sirayanian, Mr. Orsen;;2669;0.27751994132995605;0;True;true_negative;0.722480058670044;0.22248005867004395
37;1;3;male;;7.2292;0;0;C;Mamee, Mr. Hanna;;2677;0.22043123841285706;0;False;false_negative;0.7795687615871429;0.27956876158714294
708;1;1;male;42.0;26.2875;0;0;S;Calderhead, Mr. Edward Pennington;E24;PC 17476;0.34170418977737427;0;False;false_negative;0.6582958102226257;0.15829581022262573
703;0;3;female;18.0;14.4542;0;1;C;Barbara, Miss. Saiide;;2691;0.4764435291290283;0;True;true_negative;0.5235564708709717;0.02355647087097168
529;0;3;male;39.0;7.925;0;0;S;Salonen, Mr. Johan Werner;;3101296;0.30405521392822266;0;True;true_negative;0.6959447860717773;0.19594478607177734
63;0;1;male;45.0;83.475;1;0;S;Harris, Mr. Henry Birkhardt;C83;36973;0.32800576090812683;0;True;true_negative;0.6719942390918732;0.17199423909187317
315;0;2;male;43.0;26.25;1;1;S;Hart, Mr. Benjamin;;F.C.C. 13529;0.06167420744895935;0;True;true_negative;0.9383257925510406;0.43832579255104065
742;0;1;male;36.0;78.85;1;0;S;Cavendish, Mr. Tyrell William;C46;19877;0.5497446656227112;1;False;false_positive;0.5497446656227112;0.04974466562271118
290;1;3;female;22.0;7.75;0;0;Q;Connolly, Miss. Kate;;370373;0.7749703526496887;1;True;true_positive;0.7749703526496887;0.2749703526496887
90;0;3;male;24.0;8.05;0;0;S;Celotti, Mr. Francesco;;343275;0.08479096740484238;0;True;true_negative;0.9152090325951576;0.4152090325951576
367;1;1;female;60.0;75.25;1;0;C;Warren, Mrs. Frank Manley (Anna Sophia Atkinson);D37;110813;0.9462050199508667;1;True;true_positive;0.9462050199508667;0.4462050199508667
74;0;3;male;26.0;14.4542;1;0;C;Chronopoulos, Mr. Apostolos;;2680;0.23945263028144836;0;True;true_negative;0.7605473697185516;0.26054736971855164
744;0;3;male;24.0;16.1;1;0;S;McNamee, Mr. Neal;;376566;0.053499139845371246;0;True;true_negative;0.9465008601546288;0.44650086015462875
682;1;1;male;27.0;76.7292;0;0;C;Hassab, Mr. Hammad;D49;PC 17572;0.4658101797103882;0;False;false_negative;0.5341898202896118;0.034189820289611816
96;0;3;male;;8.05;0;0;S;Shorney, Mr. Charles Joseph;;374910;0.1048116609454155;0;True;true_negative;0.8951883390545845;0.3951883390545845
14;0;3;male;39.0;31.275;1;5;S;Andersson, Mr. Anders Johan;;347082;0.042881209403276443;0;True;true_negative;0.9571187905967236;0.45711879059672356
240;0;2;male;33.0;12.275;0;0;S;Hunt, Mr. George Henry;;SCO/W 1585;0.12384908646345139;0;True;true_negative;0.8761509135365486;0.3761509135365486
406;0;2;male;34.0;21.0;1;0;S;Gale, Mr. Shadrach;;28664;0.30405521392822266;0;True;true_negative;0.6959447860717773;0.19594478607177734
707;1;2;female;45.0;13.5;0;0;S;"Kelly, Mrs. Florence ""Fannie""";;223596;0.5293824672698975;1;True;true_positive;0.5293824672698975;0.02938246726989746
695;0;1;male;60.0;26.55;0;0;S;Weir, Col. John;;113800;0.13600926101207733;0;True;true_negative;0.8639907389879227;0.36399073898792267
275;1;3;female;;7.75;0;0;Q;"Healy, Miss. Hanora ""Nora""";;370375;0.4764435291290283;0;False;false_negative;0.5235564708709717;0.02355647087097168
762;0;3;male;41.0;7.125;0;0;S;Nirva, Mr. Iisakki Antino Aijo;;SOTON/O2 3101272;0.22043123841285706;0;True;true_negative;0.7795687615871429;0.27956876158714294
321;0;3;male;22.0;7.25;0;0;S;Dennis, Mr. Samuel;;A/5 21172;0.22056283056735992;0;True;true_negative;0.7794371694326401;0.2794371694326401
23;1;3;female;15.0;8.0292;0;0;Q;"McGowan, Miss. Anna ""Annie""";;330923;0.9123274087905884;1;True;true_positive;0.9123274087905884;0.4123274087905884
544;1;2;male;32.0;26.0;1;0;S;Beane, Mr. Edward;;2908;0.02163711003959179;0;False;false_negative;0.9783628899604082;0.4783628899604082
683;0;3;male;20.0;9.225;0;0;S;Olsvigen, Mr. Thor Anderson;;6563;0.07895141839981079;0;True;true_negative;0.9210485816001892;0.4210485816001892
86;1;3;female;33.0;15.85;3;0;S;Backstrom, Mrs. Karl Alfred (Maria Mathilda Gustafsson);;3101278;0.5995000004768372;1;True;true_positive;0.5995000004768372;0.09950000047683716
354;0;3;male;25.0;17.8;1;0;S;Arnold-Franchi, Mr. Josef;;349237;0.07801926881074905;0;True;true_negative;0.921980731189251;0.42198073118925095
178;0;1;female;50.0;28.7125;0;0;C;Isham, Miss. Ann Elizabeth;C49;PC 17595;0.5293824672698975;1;False;false_positive;0.5293824672698975;0.02938246726989746
6;0;3;male;;8.4583;0;0;Q;Moran, Mr. James;;330877;0.059940990060567856;0;True;true_negative;0.9400590099394321;0.44005900993943214
815;0;3;male;30.5;8.05;0;0;S;Tomlin, Mr. Ernest Portage;;364499;0.2435276210308075;0;True;true_negative;0.7564723789691925;0.2564723789691925
48;1;3;female;;7.75;0;0;Q;O'Driscoll, Miss. Bridget;;14311;0.7749703526496887;1;True;true_positive;0.7749703526496887;0.2749703526496887
516;0;1;male;47.0;34.0208;0;0;S;Walker, Mr. William Anderson;D46;36967;0.33079904317855835;0;True;true_negative;0.6692009568214417;0.16920095682144165
383;0;3;male;32.0;7.925;0;0;S;Tikkanen, Mr. Juho;;STON/O 2. 3101293;0.2435276210308075;0;True;true_negative;0.7564723789691925;0.2564723789691925
359;1;3;female;;7.8792;0;0;Q;McGovern, Miss. Mary;;330931;0.4764435291290283;0;False;false_negative;0.5235564708709717;0.02355647087097168
84;0;1;male;28.0;47.1;0;0;S;Carrau, Mr. Francisco M;;113059;0.039234649389982224;0;True;true_negative;0.9607653506100178;0.4607653506100178
579;0;3;female;;14.4583;1;0;C;Caram, Mrs. Joseph (Maria Elias);;2689;0.6239570379257202;1;False;false_positive;0.6239570379257202;0.12395703792572021
201;0;3;male;28.0;9.5;0;0;S;Vande Walle, Mr. Nestor Cyriel;;345770;0.30405521392822266;0;True;true_negative;0.6959447860717773;0.19594478607177734
671;1;2;female;40.0;39.0;1;1;S;Brown, Mrs. Thomas William Solomon (Elizabeth Catherine Ford);;29750;0.9666137099266052;1;True;true_positive;0.9666137099266052;0.4666137099266052
92;0;3;male;20.0;7.8542;0;0;S;Andreasson, Mr. Paul Edvin;;347466;0.22056283056735992;0;True;true_negative;0.7794371694326401;0.2794371694326401
352;0;1;male;;35.0;0;0;S;Williams-Lambert, Mr. Fletcher Fellows;C128;113510;0.49728092551231384;0;True;true_negative;0.5027190744876862;0.0027190744876861572
842;0;2;male;16.0;10.5;0;0;S;Mudd, Mr. Thomas Charles;;S.O./P.P. 3;0.07446663081645966;0;True;true_negative;0.9255333691835403;0.42553336918354034
620;0;2;male;26.0;10.5;0;0;S;Gavey, Mr. Lawrence;;31028;0.1240554228425026;0;True;true_negative;0.8759445771574974;0.3759445771574974
242;1;3;female;;15.5;1;0;Q;"Murphy, Miss. Katherine ""Kate""";;367230;0.4764435291290283;0;False;false_negative;0.5235564708709717;0.02355647087097168
189;0;3;male;40.0;15.5;1;1;Q;Bourke, Mr. John;;364849;0.07287070900201797;0;True;true_negative;0.927129290997982;0.427129290997982
810;1;1;female;33.0;53.1;1;0;S;Chambers, Mrs. Norman Campbell (Bertha Griggs);E8;113806;0.9880189299583435;1;True;true_positive;0.9880189299583435;0.4880189299583435
159;0;3;male;;8.6625;0;0;S;Smiljanic, Mr. Mile;;315037;0.09722809493541718;0;True;true_negative;0.9027719050645828;0.4027719050645828
454;1;1;male;49.0;89.1042;1;0;C;Goldenberg, Mr. Samuel L;C92;17453;0.3407793939113617;0;False;false_negative;0.6592206060886383;0.1592206060886383
140;0;1;male;24.0;79.2;0;0;C;Giglio, Mr. Victor;B86;PC 17593;0.49593350291252136;0;True;true_negative;0.5040664970874786;0.004066497087478638
4;1;1;female;35.0;53.1;1;0;S;Futrelle, Mrs. Jacques Heath (Lily May Peel);C123;113803;0.954132080078125;1;True;true_positive;0.954132080078125;0.454132080078125
532;0;3;male;;7.2292;0;0;C;Toufik, Mr. Nakli;;2641;0.22043123841285706;0;True;true_negative;0.7795687615871429;0.27956876158714294
498;0;3;male;;15.1;0;0;S;Shellard, Mr. Frederick William;;C.A. 6212;0.30405521392822266;0;True;true_negative;0.6959447860717773;0.19594478607177734
455;0;3;male;;8.05;0;0;S;Peduzzi, Mr. Joseph;;A/5 2817;0.1048116609454155;0;True;true_negative;0.8951883390545845;0.3951883390545845
245;0;3;male;30.0;7.225;0;0;C;Attalah, Mr. Sleiman;;2694;0.12756042182445526;0;True;true_negative;0.8724395781755447;0.37243957817554474
88;0;3;male;;8.05;0;0;S;Slocovski, Mr. Selman Francis;;SOTON/OQ 392086;0.09722809493541718;0;True;true_negative;0.9027719050645828;0.4027719050645828
195;1;1;female;44.0;27.7208;0;0;C;Brown, Mrs. James Joseph (Margaret Tobin);B4;PC 17610;0.5837701559066772;1;True;true_positive;0.5837701559066772;0.08377015590667725
494;0;1;male;71.0;49.5042;0;0;C;Artagaveytia, Mr. Ramon;;PC 17609;0.1974840760231018;0;True;true_negative;0.8025159239768982;0.3025159239768982
484;1;3;female;63.0;9.5875;0;0;S;Turkula, Mrs. (Hedwig);;4134;0.25563186407089233;0;False;false_negative;0.7443681359291077;0.24436813592910767
828;1;2;male;1.0;37.0042;0;2;C;Mallet, Master. Andre;;S.C./PARIS 2079;0.8154823184013367;1;True;true_positive;0.8154823184013367;0.31548231840133667
876;1;3;female;15.0;7.225;0;0;C;"Najib, Miss. Adele Kiamie ""Jane""";;2667;0.5109081268310547;1;True;true_positive;0.5109081268310547;0.010908126831054688
641;0;3;male;20.0;7.8542;0;0;S;Jensen, Mr. Hans Peder;;350050;0.22056283056735992;0;True;true_negative;0.7794371694326401;0.2794371694326401
339;1;3;male;45.0;8.05;0;0;S;Dahl, Mr. Karl Edwart;;7598;0.10305380076169968;0;False;false_negative;0.8969461992383003;0.3969461992383003
368;1;3;female;;7.2292;0;0;C;Moussa, Mrs. (Mantoura Boulos);;2626;0.7919862270355225;1;True;true_positive;0.7919862270355225;0.29198622703552246
803;1;1;male;11.0;120.0;1;2;S;Carter, Master. William Thornton II;B96 B98;113760;0.7829158902168274;1;True;true_positive;0.7829158902168274;0.2829158902168274
456;1;3;male;29.0;7.8958;0;0;C;Jalsevac, Mr. Ivan;;349240;0.30405521392822266;0;False;false_negative;0.6959447860717773;0.19594478607177734
485;1;1;male;25.0;91.0792;1;0;C;Bishop, Mr. Dickinson H;B49;11967;0.5320234298706055;1;True;true_positive;0.5320234298706055;0.03202342987060547
745;1;3;male;31.0;7.925;0;0;S;Stranden, Mr. Juho;;STON/O 2. 3101288;0.24905306100845337;0;False;false_negative;0.7509469389915466;0.25094693899154663
632;0;3;male;51.0;7.0542;0;0;S;Lundahl, Mr. Johan Svensson;;347743;0.05016510561108589;0;True;true_negative;0.9498348943889141;0.4498348943889141
627;0;2;male;57.0;12.35;0;0;Q;Kirkland, Rev. Charles Leonard;;219533;0.2392365038394928;0;True;true_negative;0.7607634961605072;0.2607634961605072
215;0;3;male;;7.75;1;0;Q;Kiernan, Mr. Philip;;367229;0.30405521392822266;0;True;true_negative;0.6959447860717773;0.19594478607177734
786;0;3;male;25.0;7.25;0;0;S;Harmer, Mr. Abraham (David Lishin);;374887;0.12330955266952515;0;True;true_negative;0.8766904473304749;0.37669044733047485
254;0;3;male;30.0;16.1;1;0;S;Lobb, Mr. William Arthur;;A/5. 3336;0.07640623301267624;0;True;true_negative;0.9235937669873238;0.42359376698732376
202;0;3;male;;69.55;8;2;S;Sage, Mr. Frederick;;CA. 2343;0.11365201324224472;0;True;true_negative;0.8863479867577553;0.3863479867577553
821;1;1;female;52.0;93.5;1;1;S;Hays, Mrs. Charles Melville (Clara Jennings Gregg);B69;12749;0.5293824672698975;1;True;true_positive;0.5293824672698975;0.02938246726989746
104;0;3;male;33.0;8.6542;0;0;S;Johansson, Mr. Gustaf Joel;;7540;0.13465015590190887;0;True;true_negative;0.8653498440980911;0.3653498440980911
220;0;2;male;30.0;10.5;0;0;S;Harris, Mr. Walter;;W/C 14208;0.13685698807239532;0;True;true_negative;0.8631430119276047;0.3631430119276047
134;1;2;female;29.0;26.0;1;0;S;Weisz, Mrs. Leopold (Mathilde Francoise Pede);;228414;0.956257164478302;1;True;true_positive;0.956257164478302;0.456257164478302
427;1;2;female;28.0;26.0;1;0;S;Clarke, Mrs. Charles V (Ada Maria Winfield);;2003;0.8454325199127197;1;True;true_positive;0.8454325199127197;0.3454325199127197
556;0;1;male;62.0;26.55;0;0;S;Wright, Mr. George;;113807;0.5760478973388672;1;False;false_positive;0.5760478973388672;0.07604789733886719
530;0;2;male;23.0;11.5;2;1;S;Hocking, Mr. Richard George;;29104;0.00915811862796545;0;True;true_negative;0.9908418813720345;0.49084188137203455
331;1;3;female;;23.25;2;0;Q;McCoy, Miss. Agnes;;367226;0.42259663343429565;0;False;false_negative;0.5774033665657043;0.07740336656570435
334;0;3;male;16.0;18.0;2;0;S;Vander Planke, Mr. Leo Edmondus;;345764;0.30405521392822266;0;True;true_negative;0.6959447860717773;0.19594478607177734
255;0;3;female;41.0;20.2125;0;2;S;Rosblom, Mrs. Viktor (Helena Wilhelmina);;370129;0.49928340315818787;0;True;true_negative;0.5007165968418121;0.0007165968418121338
106;0;3;male;28.0;7.8958;0;0;S;Mionoff, Mr. Stoytcho;;349207;0.16180811822414398;0;True;true_negative;0.838191881775856;0.338191881775856
428;1;2;female;19.0;26.0;0;0;S;"Phillips, Miss. Kate Florence (""Mrs Kate Louise Phillips Marshall"")";;250655;0.8238921761512756;1;True;true_positive;0.8238921761512756;0.32389217615127563
12;1;1;female;58.0;26.55;0;0;S;Bonnell, Miss. Elizabeth;C103;113783;0.41464585065841675;0;False;false_negative;0.5853541493415833;0.08535414934158325
662;0;3;male;40.0;7.225;0;0;C;Badt, Mr. Mohamed;;2623;0.11234920471906662;0;True;true_negative;0.8876507952809334;0.3876507952809334
42;0;2;female;27.0;21.0;1;0;S;Turpin, Mrs. William John Robert (Dorothy Ann Wonnacott);;11668;0.9865102171897888;1;False;false_positive;0.9865102171897888;0.4865102171897888
436;1;1;female;14.0;120.0;1;2;S;Carter, Miss. Lucile Polk;B96 B98;113760;0.9191224575042725;1;True;true_positive;0.9191224575042725;0.41912245750427246
553;0;3;male;;7.8292;0;0;Q;O'Brien, Mr. Timothy;;330979;0.14742574095726013;0;True;true_negative;0.8525742590427399;0.35257425904273987
