PassengerId;Survived;Pclass;Sex;Age;Fare;SibSp;Parch;Embarked;Name;Cabin;Ticket;oof_probability;oof_prediction;is_correct;prediction_type;confidence;distance_to_threshold
850;1;1;female;;89.1042;1;0;C;Goldenberg, Mrs. Samuel L (Edwiga Grabowska);C92;17453;0.9816323518753052;1;True;true_positive;0.9816323518753052;0.4816323518753052
262;1;3;male;3.0;31.3875;4;2;S;Asplund, Master. Edvin Rojj Felix;;347077;0.16595140099525452;0;False;false_negative;0.8340485990047455;0.3340485990047455
753;0;3;male;33.0;9.5;0;0;S;Vande Velde, Mr. Johannes Joseph;;345780;0.3036598563194275;0;True;true_negative;0.6963401436805725;0.1963401436805725
538;1;1;female;30.0;106.425;0;0;C;LeRoy, Miss. Bertha;;PC 17761;0.8216896057128906;1;True;true_positive;0.8216896057128906;0.3216896057128906
433;1;2;female;42.0;26.0;1;0;S;Louch, Mrs. Charles Alexander (Alice Adelaide Slow);;SC/AH 3085;0.5293824672698975;1;True;true_positive;0.5293824672698975;0.02938246726989746
289;1;2;male;42.0;13.0;0;0;S;Hosono, Mr. Masabumi;;237798;0.26691576838493347;0;False;false_negative;0.7330842316150665;0.23308423161506653
831;1;3;female;15.0;14.4542;1;0;C;Yasbeck, Mrs. Antoni (Selini Alexander);;2659;0.6441473960876465;1;True;true_positive;0.6441473960876465;0.14414739608764648
776;0;3;male;18.0;7.75;0;0;S;Myhrman, Mr. Pehr Fabian Oliver Malkolm;;347078;0.3036598563194275;0;True;true_negative;0.6963401436805725;0.1963401436805725
522;0;3;male;22.0;7.8958;0;0;S;Vovk, Mr. Janko;;349252;0.18864329159259796;0;True;true_negative;0.811356708407402;0.31135670840740204
40;1;3;female;14.0;11.2417;1;0;C;Nicola-Yarred, Miss. Jamila;;2651;0.38771024346351624;0;False;false_negative;0.6122897565364838;0.11228975653648376
177;0;3;male;;25.4667;3;1;S;Lefebre, Master. Henry Forbes;;4133;0.07343912124633789;0;True;true_negative;0.9265608787536621;0.4265608787536621
793;0;3;female;;69.55;8;2;S;Sage, Miss. Stella Anna;;CA. 2343;0.06112992390990257;0;True;true_negative;0.9388700760900974;0.4388700760900974
329;1;3;female;31.0;20.525;1;1;S;Goldsmith, Mrs. Frank John (Emily Alice Brown);;363291;0.46641167998313904;0;False;false_negative;0.533588320016861;0.03358832001686096
616;1;2;female;24.0;65.0;1;2;S;Herman, Miss. Alice;;220845;0.5293824672698975;1;True;true_positive;0.5293824672698975;0.02938246726989746
370;1;1;female;24.0;69.3;0;0;C;Aubart, Mme. Leontine Pauline;B35;PC 17477;0.5293824672698975;1;True;true_positive;0.5293824672698975;0.02938246726989746
477;0;2;male;34.0;21.0;1;0;S;Renouf, Mr. Peter Henry;;31027;0.11084099858999252;0;True;true_negative;0.8891590014100075;0.3891590014100075
280;1;3;female;35.0;20.25;1;1;S;Abbott, Mrs. Stanton (Rosa Hunt);;C.A. 2673;0.4233040511608124;0;False;false_negative;0.5766959488391876;0.07669594883918762
5;0;3;male;35.0;8.05;0;0;S;Allen, Mr. William Henry;;373450;0.14797443151474;0;True;true_negative;0.85202556848526;0.35202556848526
798;1;3;female;31.0;8.6833;0;0;S;Osman, Mrs. Mara;;349244;0.45713528990745544;0;False;false_negative;0.5428647100925446;0.042864710092544556
10;1;2;female;14.0;30.0708;1;0;C;Nasser, Mrs. Nicholas (Adele Achem);;237736;0.9677817225456238;1;True;true_positive;0.9677817225456238;0.4677817225456238
326;1;1;female;36.0;135.6333;0;0;C;Young, Miss. Marie Grice;C32;PC 17760;0.5293824672698975;1;True;true_positive;0.5293824672698975;0.02938246726989746
514;1;1;female;54.0;59.4;1;0;C;Rothschild, Mrs. Martin (Elizabeth L. Barrett);;PC 17603;0.9605159163475037;1;True;true_positive;0.9605159163475037;0.46051591634750366
801;0;2;male;34.0;13.0;0;0;S;Ponesell, Mr. Martin;;250647;0.3036598563194275;0;True;true_negative;0.6963401436805725;0.1963401436805725
474;1;2;female;23.0;13.7917;0;0;C;Jerwan, Mrs. Amin S (Marie Marthe Thuillard);D;SC/AH Basle 541;0.9355006217956543;1;True;true_positive;0.9355006217956543;0.4355006217956543
423;0;3;male;29.0;7.875;0;0;S;Zimmerman, Mr. Leo;;315082;0.3601248860359192;0;True;true_negative;0.6398751139640808;0.1398751139640808
87;0;3;male;16.0;34.375;1;3;S;Ford, Mr. William Neal;;W./C. 6608;0.3297941982746124;0;True;true_negative;0.6702058017253876;0.17020580172538757
629;0;3;male;26.0;7.8958;0;0;S;Bostandyeff, Mr. Guentcho;;349224;0.3036598563194275;0;True;true_negative;0.6963401436805725;0.1963401436805725
43;0;3;male;;7.8958;0;0;C;Kraeff, Mr. Theodor;;349253;0.1992293745279312;0;True;true_negative;0.8007706254720688;0.3007706254720688
743;1;1;female;21.0;262.375;2;2;C;"Ryerson, Miss. Susan Parker ""Suzette""";B57 B59 B63 B66;PC 17608;0.4879157245159149;0;False;false_negative;0.5120842754840851;0.012084275484085083
837;0;3;male;21.0;8.6625;0;0;S;Pasic, Mr. Jakob;;315097;0.3036598563194275;0;True;true_negative;0.6963401436805725;0.1963401436805725
611;0;3;female;39.0;31.275;1;5;S;Andersson, Mrs. Anders Johan (Alfrida Konstantia Brogren);;347082;0.3135164678096771;0;True;true_negative;0.6864835321903229;0.18648353219032288
174;0;3;male;21.0;7.925;0;0;S;Sivola, Mr. Antti Wilhelm;;STON/O 2. 3101280;0.18864329159259796;0;True;true_negative;0.811356708407402;0.31135670840740204
125;0;1;male;54.0;77.2875;0;1;S;White, Mr. Percival Wayland;D26;35281;0.10496526211500168;0;True;true_negative;0.8950347378849983;0.3950347378849983
747;0;3;male;16.0;20.25;1;1;S;Abbott, Mr. Rossmore Edward;;C.A. 2673;0.06727774441242218;0;True;true_negative;0.9327222555875778;0.4327222555875778
313;0;2;female;26.0;26.0;1;1;S;Lahtinen, Mrs. William (Anna Sylfven);;250651;0.913484513759613;1;False;false_positive;0.913484513759613;0.41348451375961304
410;0;3;female;;25.4667;3;1;S;Lefebre, Miss. Ida;;4133;0.15032245218753815;0;True;true_negative;0.8496775478124619;0.34967754781246185
244;0;3;male;22.0;7.125;0;0;S;Maenpaa, Mr. Matti Alexanteri;;STON/O 2. 3101275;0.4273627996444702;0;True;true_negative;0.5726372003555298;0.07263720035552979
560;1;3;female;36.0;17.4;1;0;S;de Messemaeker, Mrs. Guillaume Joseph (Emma);;345572;0.7164468765258789;1;True;true_positive;0.7164468765258789;0.2164468765258789
293;0;2;male;36.0;12.875;0;0;C;Levy, Mr. Rene Jacques;D;SC/Paris 2163;0.2499433308839798;0;True;true_negative;0.7500566691160202;0.2500566691160202
446;1;1;male;4.0;81.8583;0;2;S;Dodge, Master. Washington;A34;33638;0.9658379554748535;1;True;true_positive;0.9658379554748535;0.4658379554748535
413;1;1;female;33.0;90.0;1;0;Q;Minahan, Miss. Daisy E;C78;19928;0.9865491986274719;1;True;true_positive;0.9865491986274719;0.4865491986274719
615;0;3;male;35.0;8.05;0;0;S;Brocklebank, Mr. William Alfred;;364512;0.1262885481119156;0;True;true_negative;0.8737114518880844;0.3737114518880844
651;0;3;male;;7.8958;0;0;S;Mitkoff, Mr. Mito;;349221;0.26691576838493347;0;True;true_negative;0.7330842316150665;0.23308423161506653
46;0;3;male;;8.05;0;0;S;Rogers, Mr. William John;;S.C./A.4. 23567;0.09602592140436172;0;True;true_negative;0.9039740785956383;0.4039740785956383
349;1;3;male;3.0;15.9;1;1;S;"Coutts, Master. William Loch ""William""";;C.A. 37671;0.9206960201263428;1;True;true_positive;0.9206960201263428;0.4206960201263428
107;1;3;female;21.0;7.65;0;0;S;Salkjelsvik, Miss. Anna Kristine;;343120;0.599842369556427;1;True;true_positive;0.599842369556427;0.099842369556427
341;1;2;male;2.0;26.0;1;1;S;Navratil, Master. Edmond Roger;F2;230080;0.5421665906906128;1;True;true_positive;0.5421665906906128;0.04216659069061279
634;0;1;male;;0.0;0;0;S;Parr, Mr. William Henry Marsh;;112052;0.33074188232421875;0;True;true_negative;0.6692581176757812;0.16925811767578125
425;0;3;male;18.0;20.2125;1;1;S;Rosblom, Mr. Viktor Richard;;370129;0.2615717351436615;0;True;true_negative;0.7384282648563385;0.2384282648563385
817;0;3;female;23.0;7.925;0;0;S;Heininen, Miss. Wendla Maria;;STON/O2. 3101290;0.4898283779621124;0;True;true_negative;0.5101716220378876;0.010171622037887573
357;1;1;female;22.0;55.0;0;1;S;Bowerman, Miss. Elsie Edith;E33;113505;0.5293824672698975;1;True;true_positive;0.5293824672698975;0.02938246726989746
417;1;2;female;34.0;32.5;1;1;S;Drew, Mrs. James Vivian (Lulu Thorne Christian);;28220;0.9936603903770447;1;True;true_positive;0.9936603903770447;0.4936603903770447
150;0;2;male;42.0;13.0;0;0;S;Byles, Rev. Thomas Roussel Davids;;244310;0.33740997314453125;0;True;true_negative;0.6625900268554688;0.16259002685546875
599;0;3;male;;7.225;0;0;C;Boulos, Mr. Hanna;;2664;0.16576002538204193;0;True;true_negative;0.8342399746179581;0.33423997461795807
11;1;3;female;4.0;16.7;1;1;S;Sandstrom, Miss. Marguerite Rut;G6;PP 9549;0.45713528990745544;0;False;false_negative;0.5428647100925446;0.042864710092544556
343;0;2;male;28.0;13.0;0;0;S;Collander, Mr. Erik Gustaf;;248740;0.09255430847406387;0;True;true_negative;0.9074456915259361;0.4074456915259361
60;0;3;male;11.0;46.9;5;2;S;Goodwin, Master. William Frederick;;CA 2144;0.3504655063152313;0;True;true_negative;0.6495344936847687;0.14953449368476868
269;1;1;female;58.0;153.4625;0;1;S;Graham, Mrs. William Thompson (Edith Junkins);C125;PC 17582;0.5293824672698975;1;True;true_positive;0.5293824672698975;0.02938246726989746
551;1;1;male;17.0;110.8833;0;2;C;Thayer, Mr. John Borland Jr;C70;17421;0.40463101863861084;0;False;false_negative;0.5953689813613892;0.09536898136138916
54;1;2;female;29.0;26.0;1;0;S;Faunthorpe, Mrs. Lizzie (Elizabeth Anne Wilkinson);;2926;0.913484513759613;1;True;true_positive;0.913484513759613;0.41348451375961304
401;1;3;male;39.0;7.925;0;0;S;Niskanen, Mr. Juha;;STON/O 2. 3101289;0.3036598563194275;0;False;false_negative;0.6963401436805725;0.1963401436805725
610;1;1;female;40.0;153.4625;0;0;S;Shutes, Miss. Elizabeth W;C125;PC 17582;0.6199077367782593;1;True;true_positive;0.6199077367782593;0.11990773677825928
540;1;1;female;22.0;49.5;0;2;C;Frolicher, Miss. Hedwig Margaritha;B39;13568;0.5293824672698975;1;True;true_positive;0.5293824672698975;0.02938246726989746
524;1;1;female;44.0;57.9792;0;1;C;Hippach, Mrs. Louis Albert (Ida Sophia Fischer);B18;111361;0.7949962615966797;1;True;true_positive;0.7949962615966797;0.2949962615966797
851;0;3;male;4.0;31.275;4;2;S;Andersson, Master. Sigvard Harald Elias;;347082;0.16595140099525452;0;True;true_negative;0.8340485990047455;0.3340485990047455
402;0;3;male;26.0;8.05;0;0;S;Adams, Mr. John;;341826;0.19586101174354553;0;True;true_negative;0.8041389882564545;0.30413898825645447
767;0;1;male;;39.6;0;0;C;Brewe, Dr. Arthur Jackson;;112379;0.49260807037353516;0;True;true_negative;0.5073919296264648;0.007391929626464844
533;0;3;male;17.0;7.2292;1;1;C;Elias, Mr. Joseph Jr;;2690;0.2615717351436615;0;True;true_negative;0.7384282648563385;0.2384282648563385
270;1;1;female;35.0;135.6333;0;0;S;Bissette, Miss. Amelia;C99;PC 17760;0.8216896057128906;1;True;true_positive;0.8216896057128906;0.3216896057128906
166;1;3;male;9.0;20.525;0;2;S;"Goldsmith, Master. Frank John William ""Frankie""";;363291;0.7621525526046753;1;True;true_positive;0.7621525526046753;0.2621525526046753
320;1;1;female;40.0;134.5;1;1;C;Spedden, Mrs. Frederic Oakley (Margaretta Corning Stone);E34;16966;0.984183132648468;1;True;true_positive;0.984183132648468;0.484183132648468
520;0;3;male;32.0;7.8958;0;0;S;Pavlovic, Mr. Stefo;;349242;0.19579744338989258;0;True;true_negative;0.8042025566101074;0.3042025566101074
108;1;3;male;;7.775;0;0;S;Moss, Mr. Albert Johan;;312991;0.09761457145214081;0;False;false_negative;0.9023854285478592;0.4023854285478592
888;1;1;female;19.0;30.0;0;0;S;Graham, Miss. Margaret Edith;B42;112053;0.8216896057128906;1;True;true_positive;0.8216896057128906;0.3216896057128906
709;1;1;female;22.0;151.55;0;0;S;Cleaver, Miss. Alice;;113781;0.9402426481246948;1;True;true_positive;0.9402426481246948;0.4402426481246948
396;0;3;male;22.0;7.7958;0;0;S;Johansson, Mr. Erik;;350052;0.11527395993471146;0;True;true_negative;0.8847260400652885;0.38472604006528854
715;0;2;male;52.0;13.0;0;0;S;Greenberg, Mr. Samuel;;250647;0.19586101174354553;0;True;true_negative;0.8041389882564545;0.30413898825645447
771;0;3;male;24.0;9.5;0;0;S;Lievens, Mr. Rene Aime;;345781;0.3036598563194275;0;True;true_negative;0.6963401436805725;0.1963401436805725
731;1;1;female;29.0;211.3375;0;0;S;Allen, Miss. Elisabeth Walton;B5;24160;0.9389496445655823;1;True;true_positive;0.9389496445655823;0.4389496445655823
358;0;2;female;38.0;13.0;0;0;S;Funk, Miss. Annie Clemmer;;237671;0.6199077367782593;1;False;false_positive;0.6199077367782593;0.11990773677825928
655;0;3;female;18.0;6.75;0;0;Q;"Hegarty, Miss. Hanora ""Nora""";;365226;0.6608002185821533;1;False;false_positive;0.6608002185821533;0.16080021858215332
746;0;1;male;70.0;71.0;1;1;S;Crosby, Capt. Edward Gifford;B22;WE/P 5735;0.4899074137210846;0;True;true_negative;0.5100925862789154;0.010092586278915405
26;1;3;female;38.0;31.3875;1;5;S;Asplund, Mrs. Carl Oscar (Selma Augusta Emilia Johansson);;347077;0.15760743618011475;0;False;false_negative;0.8423925638198853;0.34239256381988525
152;1;1;female;22.0;66.6;1;0;S;Pears, Mrs. Thomas (Edith Wearne);C2;113776;0.8216896057128906;1;True;true_positive;0.8216896057128906;0.3216896057128906
415;1;3;male;44.0;7.925;0;0;S;Sundman, Mr. Johan Julian;;STON/O 2. 3101269;0.3036598563194275;0;False;false_negative;0.6963401436805725;0.1963401436805725
623;1;3;male;20.0;15.7417;1;1;C;Nakid, Mr. Sahid;;2653;0.2615717351436615;0;False;false_negative;0.7384282648563385;0.2384282648563385
476;0;1;male;;52.0;0;0;S;Clifford, Mr. George Quincy;A14;110465;0.36461180448532104;0;True;true_negative;0.635388195514679;0.13538819551467896
405;0;3;female;20.0;8.6625;0;0;S;Oreskovic, Miss. Marija;;315096;0.25866007804870605;0;True;true_negative;0.741339921951294;0.24133992195129395
595;0;2;male;37.0;26.0;1;0;S;Chapman, Mr. John Henry;;SC/AH 29037;0.26691576838493347;0;True;true_negative;0.7330842316150665;0.23308423161506653
336;0;3;male;;7.8958;0;0;S;Denkoff, Mr. Mitto;;349225;0.19586101174354553;0;True;true_negative;0.8041389882564545;0.30413898825645447
687;0;3;male;14.0;39.6875;4;1;S;Panula, Mr. Jaako Arnold;;3101295;0.03004946932196617;0;True;true_negative;0.9699505306780338;0.46995053067803383
694;0;3;male;25.0;7.225;0;0;C;Saad, Mr. Khalil;;2672;0.3036598563194275;0;True;true_negative;0.6963401436805725;0.1963401436805725
3;1;3;female;26.0;7.925;0;0;S;Heikkinen, Miss. Laina;;STON/O2. 3101282;0.4490690529346466;0;False;false_negative;0.5509309470653534;0.050930947065353394
805;1;3;male;27.0;6.975;0;0;S;Hedman, Mr. Oskar Arvid;;347089;0.09311917424201965;0;False;false_negative;0.9068808257579803;0.40688082575798035
512;0;3;male;;8.05;0;0;S;Webber, Mr. James;;SOTON/OQ 3101316;0.26691576838493347;0;True;true_negative;0.7330842316150665;0.23308423161506653
822;1;3;male;27.0;8.6625;0;0;S;Lulic, Mr. Nikola;;315098;0.3036598563194275;0;False;false_negative;0.6963401436805725;0.1963401436805725
116;0;3;male;21.0;7.925;0;0;S;Pekoniemi, Mr. Edvard;;STON/O 2. 3101294;0.06674090772867203;0;True;true_negative;0.933259092271328;0.433259092271328
738;1;1;male;35.0;512.3292;0;0;C;Lesurer, Mr. Gustave J;B101;PC 17755;0.30480948090553284;0;False;false_negative;0.6951905190944672;0.19519051909446716
56;1;1;male;;35.5;0;0;S;Woolner, Mr. Hugh;C52;19947;0.14492477476596832;0;False;false_negative;0.8550752252340317;0.3550752252340317
268;1;3;male;25.0;7.775;1;0;S;Persson, Mr. Ernst Ulrik;;347083;0.3036598563194275;0;False;false_negative;0.6963401436805725;0.1963401436805725
505;1;1;female;16.0;86.5;0;0;S;Maioni, Miss. Roberta;B79;110152;0.6199077367782593;1;True;true_positive;0.6199077367782593;0.11990773677825928
276;1;1;female;63.0;77.9583;1;0;S;Andrews, Miss. Kornelia Theodosia;D7;13502;0.5293824672698975;1;True;true_positive;0.5293824672698975;0.02938246726989746
849;0;2;male;28.0;33.0;0;1;S;Harper, Rev. John;;248727;0.23270659148693085;0;True;true_negative;0.7672934085130692;0.26729340851306915
800;0;3;female;30.0;24.15;1;1;S;Van Impe, Mrs. Jean Baptiste (Rosalie Paula Govaert);;345773;0.22830800712108612;0;True;true_negative;0.7716919928789139;0.2716919928789139
97;0;1;male;71.0;34.6542;0;0;C;Goldschmidt, Mr. George B;A5;PC 17754;0.2762947678565979;0;True;true_negative;0.7237052321434021;0.2237052321434021
463;0;1;male;47.0;38.5;0;0;S;Gee, Mr. Arthur H;E63;111320;0.35814139246940613;0;True;true_negative;0.6418586075305939;0.14185860753059387
503;0;3;female;;7.6292;0;0;Q;O'Sullivan, Miss. Bridget Mary;;330909;0.9196596145629883;1;False;false_positive;0.9196596145629883;0.4196596145629883
769;0;3;male;;24.15;1;0;Q;Moran, Mr. Daniel J;;371110;0.3036598563194275;0;True;true_negative;0.6963401436805725;0.1963401436805725
332;0;1;male;45.5;28.5;0;0;S;Partner, Mr. Austen;C124;113043;0.40441155433654785;0;True;true_negative;0.5955884456634521;0.09558844566345215
534;1;3;female;;22.3583;0;2;C;Peter, Mrs. Catherine (Catherine Rizk);;2668;0.5186102390289307;1;True;true_positive;0.5186102390289307;0.018610239028930664
804;1;3;male;0.42;8.5167;0;1;C;Thomas, Master. Assad Alexander;;2625;0.4490690529346466;0;False;false_negative;0.5509309470653534;0.050930947065353394
679;0;3;female;43.0;46.9;1;6;S;Goodwin, Mrs. Frederick (Augusta Tyler);;CA 2144;0.24879617989063263;0;True;true_negative;0.7512038201093674;0.25120382010936737
420;0;3;female;10.0;24.15;0;2;S;Van Impe, Miss. Catharina;;345773;0.3334959149360657;0;True;true_negative;0.6665040850639343;0.16650408506393433
458;1;1;female;;51.8625;1;0;S;Kenyon, Mrs. Frederick R (Marion);D21;17464;0.6199077367782593;1;True;true_positive;0.6199077367782593;0.11990773677825928
444;1;2;female;28.0;13.0;0;0;S;Reynaldo, Ms. Encarnacion;;230434;0.8465542793273926;1;True;true_positive;0.8465542793273926;0.3465542793273926
223;0;3;male;51.0;8.05;0;0;S;Green, Mr. George Henry;;21440;0.15600533783435822;0;True;true_negative;0.8439946621656418;0.3439946621656418
41;0;3;female;40.0;9.475;1;0;S;Ahlin, Mrs. Johan (Johanna Persdotter Larsson);;7546;0.29062581062316895;0;True;true_negative;0.709374189376831;0.20937418937683105
640;0;3;male;;16.1;1;0;S;Thorneycroft, Mr. Percival;;376564;0.3036598563194275;0;True;true_negative;0.6963401436805725;0.1963401436805725
216;1;1;female;31.0;113.275;1;0;C;Newell, Miss. Madeleine;D36;35273;0.8216896057128906;1;True;true_positive;0.8216896057128906;0.3216896057128906
650;1;3;female;23.0;7.55;0;0;S;Stanley, Miss. Amy Zillah Elsie;;CA. 2314;0.8679199814796448;1;True;true_positive;0.8679199814796448;0.3679199814796448
527;1;2;female;50.0;10.5;0;0;S;Ridsdale, Miss. Lucy;;W./C. 14258;0.6846264004707336;1;True;true_positive;0.6846264004707336;0.18462640047073364
44;1;2;female;3.0;41.5792;1;2;C;Laroche, Miss. Simonne Marie Anne Andree;;SC/Paris 2123;0.9488348364830017;1;True;true_positive;0.9488348364830017;0.4488348364830017
442;0;3;male;20.0;9.5;0;0;S;Hampe, Mr. Leon;;345769;0.2615717351436615;0;True;true_negative;0.7384282648563385;0.2384282648563385
24;1;1;male;28.0;35.5;0;0;S;Sloper, Mr. William Thompson;A6;113788;0.28505927324295044;0;False;false_negative;0.7149407267570496;0.21494072675704956
713;1;1;male;48.0;52.0;1;0;S;Taylor, Mr. Elmer Zebley;C126;19996;0.20930494368076324;0;False;false_negative;0.7906950563192368;0.29069505631923676
465;0;3;male;;8.05;0;0;S;Maisner, Mr. Simon;;A/S 2816;0.09602592140436172;0;True;true_negative;0.9039740785956383;0.4039740785956383
565;0;3;female;;8.05;0;0;S;Meanwell, Miss. (Marion Ogden);;SOTON/O.Q. 392087;0.4490690529346466;0;True;true_negative;0.5509309470653534;0.050930947065353394
584;0;1;male;36.0;40.125;0;0;C;Ross, Mr. John Hugo;A10;13049;0.4916691780090332;0;True;true_negative;0.5083308219909668;0.008330821990966797
845;0;3;male;17.0;8.6625;0;0;S;Culumovic, Mr. Jeso;;315090;0.08168419450521469;0;True;true_negative;0.9183158054947853;0.4183158054947853
865;0;2;male;24.0;13.0;0;0;S;Gill, Mr. John William;;233866;0.19586101174354553;0;True;true_negative;0.8041389882564545;0.30413898825645447
235;0;2;male;24.0;10.5;0;0;S;Leyson, Mr. Robert William Norman;;C.A. 29566;0.19586101174354553;0;True;true_negative;0.8041389882564545;0.30413898825645447
656;0;2;male;24.0;73.5;2;0;S;Hickman, Mr. Leonard Mark;;S.O.C. 14879;0.3473549485206604;0;True;true_negative;0.6526450514793396;0.1526450514793396
389;0;3;male;;7.7292;0;0;Q;Sadlier, Mr. Matthew;;367655;0.049191784113645554;0;True;true_negative;0.9508082158863544;0.45080821588635445
391;1;1;male;36.0;120.0;1;2;S;Carter, Mr. William Ernest;B96 B98;113760;0.40719011425971985;0;False;false_negative;0.5928098857402802;0.09280988574028015
727;1;2;female;30.0;21.0;3;0;S;Renouf, Mrs. Peter Henry (Lillian Jefferys);;31027;0.7873782515525818;1;True;true_positive;0.7873782515525818;0.2873782515525818
478;0;3;male;29.0;7.0458;1;0;S;Braund, Mr. Lewis Richard;;3460;0.26691576838493347;0;True;true_negative;0.7330842316150665;0.23308423161506653
203;0;3;male;34.0;6.4958;0;0;S;Johanson, Mr. Jakob Alfred;;3101264;0.33074188232421875;0;True;true_negative;0.6692581176757812;0.16925811767578125
754;0;3;male;23.0;7.8958;0;0;S;Jonkoff, Mr. Lalio;;349204;0.0877610594034195;0;True;true_negative;0.9122389405965805;0.4122389405965805
307;1;1;female;;110.8833;0;0;C;Fleming, Miss. Margaret;;17421;0.8216896057128906;1;True;true_positive;0.8216896057128906;0.3216896057128906
373;0;3;male;19.0;8.05;0;0;S;Beavan, Mr. William Thomas;;323951;0.3036598563194275;0;True;true_negative;0.6963401436805725;0.1963401436805725
509;0;3;male;28.0;22.525;0;0;S;Olsen, Mr. Henry Margido;;C 4001;0.09648693352937698;0;True;true_negative;0.903513066470623;0.403513066470623
574;1;3;female;;7.75;0;0;Q;Kelly, Miss. Mary;;14312;0.6553690433502197;1;True;true_positive;0.6553690433502197;0.15536904335021973
706;0;2;male;39.0;26.0;0;0;S;"Morley, Mr. Henry Samuel (""Mr Henry Marshall"")";;250655;0.26691576838493347;0;True;true_negative;0.7330842316150665;0.23308423161506653
32;1;1;female;;146.5208;1;0;C;Spencer, Mrs. William Augustus (Marie Eugenie);B78;PC 17569;0.5293824672698975;1;True;true_positive;0.5293824672698975;0.02938246726989746
748;1;2;female;30.0;13.0;0;0;S;Sinkkonen, Miss. Anna;;250648;0.8267852067947388;1;True;true_positive;0.8267852067947388;0.32678520679473877
807;0;1;male;39.0;0.0;0;0;S;Andrews, Mr. Thomas Jr;A36;112050;0.11386018246412277;0;True;true_negative;0.8861398175358772;0.38613981753587723
765;0;3;male;16.0;7.775;0;0;S;Eklund, Mr. Hans Linus;;347074;0.2615717351436615;0;True;true_negative;0.7384282648563385;0.2384282648563385
100;0;2;male;34.0;26.0;1;0;S;Kantor, Mr. Sinai;;244367;0.12350573390722275;0;True;true_negative;0.8764942660927773;0.37649426609277725
328;1;2;female;36.0;13.0;0;0;S;Ball, Mrs. (Ada E Hall);D;28551;0.5293824672698975;1;True;true_positive;0.5293824672698975;0.02938246726989746
725;1;1;male;27.0;53.1;1;0;S;Chambers, Mr. Norman Campbell;E8;113806;0.36461180448532104;0;False;false_negative;0.635388195514679;0.13538819551467896
9;1;3;female;27.0;11.1333;0;2;S;Johnson, Mrs. Oscar W (Elisabeth Vilhelmina Berg);;347742;0.5047916769981384;1;True;true_positive;0.5047916769981384;0.004791676998138428
633;1;1;male;32.0;30.5;0;0;C;Stahelin-Maeglin, Dr. Max;B50;13214;0.5060712695121765;1;True;true_positive;0.5060712695121765;0.006071269512176514
459;1;2;female;50.0;10.5;0;0;S;Toomey, Miss. Ellen;;F.C.C. 13531;0.6199077367782593;1;True;true_positive;0.6199077367782593;0.11990773677825928
698;1;3;female;;7.7333;0;0;Q;"Mullens, Miss. Katherine ""Katie""";;35852;0.5871210098266602;1;True;true_positive;0.5871210098266602;0.08712100982666016
825;0;3;male;2.0;39.6875;4;1;S;Panula, Master. Urho Abraham;;3101295;0.04101705923676491;0;True;true_negative;0.9589829407632351;0.4589829407632351
327;0;3;male;61.0;6.2375;0;0;S;Nysveen, Mr. Johan Hansen;;345364;0.3384024500846863;0;True;true_negative;0.6615975499153137;0.16159754991531372
115;0;3;female;17.0;14.4583;0;0;C;Attalah, Miss. Malake;;2627;0.4764399826526642;0;True;true_negative;0.5235600173473358;0.023560017347335815
492;0;3;male;21.0;7.25;0;0;S;Windelov, Mr. Einar;;SOTON/OQ 3101317;0.2615717351436615;0;True;true_negative;0.7384282648563385;0.2384282648563385
172;0;3;male;4.0;29.125;4;1;Q;Rice, Master. Arthur;;382652;0.08213943988084793;0;True;true_negative;0.9178605601191521;0.41786056011915207
603;0;1;male;;42.4;0;0;S;Harrington, Mr. Charles H;;113796;0.2156749665737152;0;True;true_negative;0.7843250334262848;0.2843250334262848
303;0;3;male;19.0;0.0;0;0;S;Johnson, Mr. William Cahoone Jr;;LINE;0.15660452842712402;0;True;true_negative;0.843395471572876;0.343395471572876
426;0;3;male;;7.25;0;0;S;Wiseman, Mr. Phillippe;;A/4. 34244;0.16284243762493134;0;True;true_negative;0.8371575623750687;0.33715756237506866
440;0;2;male;31.0;10.5;0;0;S;Kvillner, Mr. Johan Henrik Johannesson;;C.A. 18723;0.18947482109069824;0;True;true_negative;0.8105251789093018;0.31052517890930176
677;0;3;male;24.5;8.05;0;0;S;Sawyer, Mr. Frederick Charles;;342826;0.0877610594034195;0;True;true_negative;0.9122389405965805;0.4122389405965805
795;0;3;male;25.0;7.8958;0;0;S;Dantcheff, Mr. Ristiu;;349203;0.19586101174354553;0;True;true_negative;0.8041389882564545;0.30413898825645447
658;0;3;female;32.0;15.5;1;1;Q;Bourke, Mrs. John (Catherine);;364849;0.8811805248260498;1;False;false_positive;0.8811805248260498;0.3811805248260498
547;1;2;female;19.0;26.0;1;0;S;Beane, Mrs. Edward (Ethel Clarke);;2908;0.913484513759613;1;True;true_positive;0.913484513759613;0.41348451375961304
838;0;3;male;;8.05;0;0;S;Sirota, Mr. Maurice;;392092;0.19586101174354553;0;True;true_negative;0.8041389882564545;0.30413898825645447
597;1;2;female;;33.0;0;0;S;Leitch, Miss. Jessie Wills;;248727;0.9448232054710388;1;True;true_positive;0.9448232054710388;0.4448232054710388
365;0;3;male;;15.5;1;0;Q;O'Brien, Mr. Thomas;;370365;0.06105472147464752;0;True;true_negative;0.9389452785253525;0.4389452785253525
792;0;2;male;16.0;26.0;0;0;S;Gaskell, Mr. Alfred;;239865;0.10219884663820267;0;True;true_negative;0.8978011533617973;0.39780115336179733
712;0;1;male;;26.55;0;0;S;Klaber, Mr. Herman;C124;113028;0.5074222683906555;1;False;false_positive;0.5074222683906555;0.007422268390655518
605;1;1;male;35.0;26.55;0;0;C;"Homer, Mr. Harry (""Mr E Haven"")";;111426;0.18886533379554749;0;False;false_negative;0.8111346662044525;0.3111346662044525
854;1;1;female;16.0;39.4;0;1;S;Lines, Miss. Mary Conover;D28;PC 17592;0.9803196787834167;1;True;true_positive;0.9803196787834167;0.48031967878341675
864;0;3;female;;69.55;8;2;S;"Sage, Miss. Dorothy Edith ""Dolly""";;CA. 2343;0.3135164678096771;0;True;true_negative;0.6864835321903229;0.18648353219032288
141;0;3;female;;15.2458;0;2;C;Boulos, Mrs. Joseph (Sultana);;2678;0.4539722502231598;0;True;true_negative;0.5460277497768402;0.04602774977684021
13;0;3;male;20.0;8.05;0;0;S;Saundercock, Mr. William Henry;;A/5. 2151;0.3036598563194275;0;True;true_negative;0.6963401436805725;0.1963401436805725
273;1;2;female;41.0;19.5;0;1;S;Mellinger, Mrs. (Elizabeth Anne Maidment);;250644;0.6199077367782593;1;True;true_positive;0.6199077367782593;0.11990773677825928
210;1;1;male;40.0;31.0;0;0;C;Blank, Mr. Henry;A31;112277;0.2797849178314209;0;False;false_negative;0.7202150821685791;0.2202150821685791
277;0;3;female;45.0;7.75;0;0;S;Lindblom, Miss. Augusta Charlotta;;347073;0.28822100162506104;0;True;true_negative;0.711778998374939;0.21177899837493896
855;0;2;female;44.0;26.0;1;0;S;Carter, Mrs. Ernest Courtenay (Lilian Hughes);;244252;0.6199077367782593;1;False;false_positive;0.6199077367782593;0.11990773677825928
38;0;3;male;21.0;8.05;0;0;S;Cann, Mr. Ernest Charles;;A./5. 2152;0.2615717351436615;0;True;true_negative;0.7384282648563385;0.2384282648563385
569;0;3;male;;7.2292;0;0;C;Doharr, Mr. Tannous;;2686;0.26691576838493347;0;True;true_negative;0.7330842316150665;0.23308423161506653
247;0;3;female;25.0;7.775;0;0;S;Lindahl, Miss. Agda Thorilda Viktoria;;347071;0.7371999621391296;1;False;false_positive;0.7371999621391296;0.23719996213912964
513;1;1;male;36.0;26.2875;0;0;S;McGough, Mr. James Robert;E25;PC 17473;0.8721816539764404;1;True;true_positive;0.8721816539764404;0.37218165397644043
545;0;1;male;50.0;106.425;1;0;C;Douglas, Mr. Walter Donald;C86;PC 17761;0.4535302519798279;0;True;true_negative;0.5464697480201721;0.04646974802017212
207;0;3;male;32.0;15.85;1;0;S;Backstrom, Mr. Karl Alfred;;3101278;0.3036598563194275;0;True;true_negative;0.6963401436805725;0.1963401436805725
400;1;2;female;28.0;12.65;0;0;S;Trout, Mrs. William H (Jessie L);;240929;0.7744982242584229;1;True;true_positive;0.7744982242584229;0.27449822425842285
238;1;2;female;8.0;26.25;0;2;S;"Collyer, Miss. Marjorie ""Lottie""";;C.A. 31921;0.5293824672698975;1;True;true_positive;0.5293824672698975;0.02938246726989746
788;0;3;male;8.0;29.125;4;1;Q;Rice, Master. George Hugh;;382652;0.3044142425060272;0;True;true_negative;0.6955857574939728;0.19558575749397278
566;0;3;male;24.0;24.15;2;0;S;Davies, Mr. Alfred J;;A/4 48871;0.06887701898813248;0;True;true_negative;0.9311229810118675;0.4311229810118675
808;0;3;female;18.0;7.775;0;0;S;Pettersson, Miss. Ellen Natalia;;347087;0.4490690529346466;0;True;true_negative;0.5509309470653534;0.050930947065353394
197;0;3;male;;7.75;0;0;Q;Mernagh, Mr. Robert;;368703;0.16284243762493134;0;True;true_negative;0.8371575623750687;0.33715756237506866
237;0;2;male;44.0;26.0;1;0;S;Hold, Mr. Stephen;;26707;0.3036598563194275;0;True;true_negative;0.6963401436805725;0.1963401436805725
869;0;3;male;;9.5;0;0;S;van Melkebeke, Mr. Philemon;;345777;0.3036598563194275;0;True;true_negative;0.6963401436805725;0.1963401436805725
718;1;2;female;27.0;10.5;0;0;S;"Troutt, Miss. Edwina Celia ""Winnie""";E101;34218;0.5293824672698975;1;True;true_positive;0.5293824672698975;0.02938246726989746
438;1;2;female;24.0;18.75;2;3;S;Richards, Mrs. Sidney (Emily Hocking);;29106;0.7470134496688843;1;True;true_positive;0.7470134496688843;0.24701344966888428
472;0;3;male;38.0;8.6625;0;0;S;Cacic, Mr. Luka;;315089;0.12370746582746506;0;True;true_negative;0.8762925341725349;0.37629253417253494
151;0;2;male;51.0;12.525;0;0;S;Bateman, Rev. Robert James;;S.O.P. 1166;0.2910754084587097;0;True;true_negative;0.7089245915412903;0.20892459154129028
437;0;3;female;21.0;34.375;2;2;S;"Ford, Miss. Doolina Margaret ""Daisy""";;W./C. 6608;0.15987323224544525;0;True;true_negative;0.8401267677545547;0.34012676775455475
542;0;3;female;9.0;31.275;4;2;S;Andersson, Miss. Ingeborg Constanzia;;347082;0.1164059266448021;0;True;true_negative;0.8835940733551979;0.3835940733551979
761;0;3;male;;14.5;0;0;S;Garfirth, Mr. John;;358585;0.08400532603263855;0;True;true_negative;0.9159946739673615;0.41599467396736145
165;0;3;male;1.0;39.6875;4;1;S;Panula, Master. Eino Viljami;;3101295;0.2759380638599396;0;True;true_negative;0.7240619361400604;0.22406193614006042
481;0;3;male;9.0;46.9;5;2;S;Goodwin, Master. Harold Victor;;CA 2144;0.3504655063152313;0;True;true_negative;0.6495344936847687;0.14953449368476868
250;0;2;male;54.0;26.0;1;0;S;Carter, Rev. Ernest Courtenay;;244252;0.27504152059555054;0;True;true_negative;0.7249584794044495;0.22495847940444946
814;0;3;female;6.0;31.275;4;2;S;Andersson, Miss. Ebba Iris Alfrida;;347082;0.32235389947891235;0;True;true_negative;0.6776461005210876;0.17764610052108765
690;1;1;female;15.0;211.3375;0;1;S;Madill, Miss. Georgette Alexandra;B5;24160;0.8216896057128906;1;True;true_positive;0.8216896057128906;0.3216896057128906
149;0;2;male;36.5;26.0;0;2;S;"Navratil, Mr. Michel (""Louis M Hoffman"")";F2;230080;0.2672486901283264;0;True;true_negative;0.7327513098716736;0.23275130987167358
868;0;1;male;31.0;50.4958;0;0;S;Roebling, Mr. Washington Augustus II;A24;PC 17590;0.36404165625572205;0;True;true_negative;0.635958343744278;0.13595834374427795
479;0;3;male;22.0;7.5208;0;0;S;Karlsson, Mr. Nils August;;350060;0.12268494814634323;0;True;true_negative;0.8773150518536568;0.37731505185365677
680;1;1;male;36.0;512.3292;0;1;C;Cardeza, Mr. Thomas Drake Martinez;B51 B53 B55;PC 17755;0.4061681926250458;0;False;false_negative;0.5938318073749542;0.09383180737495422
351;0;3;male;23.0;9.225;0;0;S;Odahl, Mr. Nils Martin;;7267;0.03680988401174545;0;True;true_negative;0.9631901159882545;0.46319011598825455
500;0;3;male;24.0;7.7958;0;0;S;Svensson, Mr. Olof;;350035;0.3036598563194275;0;True;true_negative;0.6963401436805725;0.1963401436805725
525;0;3;male;;7.2292;0;0;C;Kassem, Mr. Fared;;2700;0.16576002538204193;0;True;true_negative;0.8342399746179581;0.33423997461795807
346;1;2;female;24.0;13.0;0;0;S;"Brown, Miss. Amelia ""Mildred""";F33;248733;0.6199077367782593;1;True;true_positive;0.6199077367782593;0.11990773677825928
168;0;3;female;45.0;27.9;1;4;S;Skoog, Mrs. William (Anna Bernhardina Karlsson);;347088;0.31949618458747864;0;True;true_negative;0.6805038154125214;0.18050381541252136
621;0;3;male;27.0;14.4542;1;0;C;Yasbeck, Mr. Antoni;;2659;0.3036598563194275;0;True;true_negative;0.6963401436805725;0.1963401436805725
598;0;3;male;49.0;0.0;0;0;S;Johnson, Mr. Alfred;;LINE;0.33074188232421875;0;True;true_negative;0.6692581176757812;0.16925811767578125
291;1;1;female;26.0;78.85;0;0;S;"Barber, Miss. Ellen ""Nellie""";;19877;0.9292526245117188;1;True;true_positive;0.9292526245117188;0.42925262451171875
233;0;2;male;59.0;13.5;0;0;S;Sjostedt, Mr. Ernst Adolf;;237442;0.3384024500846863;0;True;true_negative;0.6615975499153137;0.16159754991531372
380;0;3;male;19.0;7.775;0;0;S;Gustafsson, Mr. Karl Gideon;;347069;0.3036598563194275;0;True;true_negative;0.6963401436805725;0.1963401436805725
381;1;1;female;42.0;227.525;0;0;C;Bidois, Miss. Rosalie;;PC 17757;0.6199077367782593;1;True;true_positive;0.6199077367782593;0.11990773677825928
624;0;3;male;21.0;7.8542;0;0;S;Hansen, Mr. Henry Damsgaard;;350029;0.1424255669116974;0;True;true_negative;0.8575744330883026;0.3575744330883026
590;0;3;male;;8.05;0;0;S;Murdlin, Mr. Joseph;;A./5. 3235;0.19586101174354553;0;True;true_negative;0.8041389882564545;0.30413898825645447
50;0;3;female;18.0;17.8;1;0;S;Arnold-Franchi, Mrs. Josef (Josefine Franchi);;349237;0.6263059377670288;1;False;false_positive;0.6263059377670288;0.1263059377670288
246;0;1;male;44.0;90.0;2;0;Q;Minahan, Dr. William Edward;C78;19928;0.40079012513160706;0;True;true_negative;0.5992098748683929;0.09920987486839294
729;0;2;male;25.0;26.0;1;0;S;Bryhl, Mr. Kurt Arnold Gottfrid;;236853;0.12374860048294067;0;True;true_negative;0.8762513995170593;0.3762513995170593
29;1;3;female;;7.8792;0;0;Q;"O'Dwyer, Miss. Ellen ""Nellie""";;330959;0.6402189135551453;1;True;true_positive;0.6402189135551453;0.14021891355514526
274;0;1;male;37.0;29.7;0;1;C;Natsch, Mr. Charles H;C118;PC 17596;0.6295824646949768;1;False;false_positive;0.6295824646949768;0.1295824646949768
490;1;3;male;9.0;15.9;1;1;S;"Coutts, Master. Eden Leslie ""Neville""";;C.A. 37671;0.4565950930118561;0;False;false_negative;0.5434049069881439;0.04340490698814392
591;0;3;male;35.0;7.125;0;0;S;Rintamaki, Mr. Matti;;STON/O 2. 3101273;0.06265565007925034;0;True;true_negative;0.9373443499207497;0.43734434992074966
109;0;3;male;38.0;7.8958;0;0;S;Rekic, Mr. Tido;;349249;0.3036598563194275;0;True;true_negative;0.6963401436805725;0.1963401436805725
361;0;3;male;40.0;27.9;1;4;S;Skoog, Mr. Wilhelm;;347088;0.2755590081214905;0;True;true_negative;0.7244409918785095;0.22444099187850952
218;0;2;male;42.0;27.0;1;0;S;Jacobsohn, Mr. Sidney Samuel;;243847;0.1564616858959198;0;True;true_negative;0.8435383141040802;0.3435383141040802
790;0;1;male;46.0;79.2;0;0;C;Guggenheim, Mr. Benjamin;B82 B84;PC 17593;0.11397542804479599;0;True;true_negative;0.886024571955204;0.386024571955204
508;1;1;male;;26.55;0;0;S;"Bradley, Mr. George (""George Arthur Brayton"")";;111427;0.41697973012924194;0;False;false_negative;0.5830202698707581;0.08302026987075806
568;0;3;female;29.0;21.075;0;4;S;Palsson, Mrs. Nils (Alma Cornelia Berglund);;349909;0.34864458441734314;0;True;true_negative;0.6513554155826569;0.15135541558265686
7;0;1;male;54.0;51.8625;0;0;S;McCarthy, Mr. Timothy J;E46;17463;0.3008842170238495;0;True;true_negative;0.6991157829761505;0.1991157829761505
304;1;2;female;;12.35;0;0;Q;Keane, Miss. Nora A;E101;226593;0.5293824672698975;1;True;true_positive;0.5293824672698975;0.02938246726989746
85;1;2;female;17.0;10.5;0;0;S;Ilett, Miss. Bertha;;SO/C 14885;0.7593812346458435;1;True;true_positive;0.7593812346458435;0.2593812346458435
681;0;3;female;;8.1375;0;0;Q;Peters, Miss. Katie;;330935;0.4490690529346466;0;True;true_negative;0.5509309470653534;0.050930947065353394
519;1;2;female;36.0;26.0;1;0;S;"Angle, Mrs. William A (Florence ""Mary"" Agnes Hughes)";;226875;0.6199077367782593;1;True;true_positive;0.6199077367782593;0.11990773677825928
258;1;1;female;30.0;86.5;0;0;S;Cherry, Miss. Gladys;B77;110152;0.6199077367782593;1;True;true_positive;0.6199077367782593;0.11990773677825928
728;1;3;female;;7.7375;0;0;Q;Mannion, Miss. Margareth;;36866;0.4490690529346466;0;False;false_negative;0.5509309470653534;0.050930947065353394
614;0;3;male;;7.75;0;0;Q;Horgan, Mr. John;;370377;0.3036598563194275;0;True;true_negative;0.6963401436805725;0.1963401436805725
138;0;1;male;37.0;53.1;1;0;S;Futrelle, Mr. Jacques Heath;C123;113803;0.36461180448532104;0;True;true_negative;0.635388195514679;0.13538819551467896
153;0;3;male;55.5;8.05;0;0;S;Meo, Mr. Alfonzo;;A.5. 11206;0.26691576838493347;0;True;true_negative;0.7330842316150665;0.23308423161506653
777;0;3;male;;7.75;0;0;Q;Tobin, Mr. Roger;F38;383121;0.3036598563194275;0;True;true_negative;0.6963401436805725;0.1963401436805725
8;0;3;male;2.0;21.075;3;1;S;Palsson, Master. Gosta Leonard;;349909;0.220174640417099;0;True;true_negative;0.779825359582901;0.279825359582901
884;0;2;male;28.0;10.5;0;0;S;Banfield, Mr. Frederick James;;C.A./SOTON 34068;0.083315409719944;0;True;true_negative;0.916684590280056;0.416684590280056
395;1;3;female;24.0;16.7;0;2;S;Sandstrom, Mrs. Hjalmar (Agnes Charlotta Bengtsson);G6;PP 9549;0.5047916769981384;1;True;true_positive;0.5047916769981384;0.004791676998138428
305;0;3;male;;8.05;0;0;S;"Williams, Mr. Howard Hugh ""Harry""";;A/5 2466;0.19586101174354553;0;True;true_negative;0.8041389882564545;0.30413898825645447
316;1;3;female;26.0;7.8542;0;0;S;Nilsson, Miss. Helmina Josefina;;347470;0.4500158131122589;0;False;false_negative;0.5499841868877411;0.04998418688774109
581;1;2;female;25.0;30.0;1;1;S;Christy, Miss. Julie Rachel;;237789;0.5293824672698975;1;True;true_positive;0.5293824672698975;0.02938246726989746
272;1;3;male;25.0;0.0;0;0;S;Tornquist, Mr. William Henry;;LINE;0.16284243762493134;0;False;false_negative;0.8371575623750687;0.33715756237506866
833;0;3;male;;7.2292;0;0;C;Saad, Mr. Amin;;2671;0.26691576838493347;0;True;true_negative;0.7330842316150665;0.23308423161506653
670;1;1;female;;52.0;1;0;S;Taylor, Mrs. Elmer Zebley (Juliet Cummins Wright);C126;19996;0.6199077367782593;1;True;true_positive;0.6199077367782593;0.11990773677825928
735;0;2;male;23.0;13.0;0;0;S;Troupiansky, Mr. Moses Aaron;;233639;0.07327878475189209;0;True;true_negative;0.9267212152481079;0.4267212152481079
875;1;2;female;28.0;24.0;1;0;C;Abelson, Mrs. Samuel (Hannah Wizosky);;P/PP 3381;0.9152837991714478;1;True;true_positive;0.9152837991714478;0.41528379917144775
464;0;2;male;48.0;13.0;0;0;S;Milling, Mr. Jacob Christian;;234360;0.19586101174354553;0;True;true_negative;0.8041389882564545;0.30413898825645447
288;0;3;male;22.0;7.8958;0;0;S;Naidenoff, Mr. Penko;;349206;0.3036598563194275;0;True;true_negative;0.6963401436805725;0.1963401436805725
91;0;3;male;29.0;8.05;0;0;S;Christmann, Mr. Emil;;343276;0.09602592140436172;0;True;true_negative;0.9039740785956383;0.4039740785956383
376;1;1;female;;82.1708;1;0;C;Meyer, Mrs. Edgar Joseph (Leila Saks);;PC 17604;0.6199077367782593;1;True;true_positive;0.6199077367782593;0.11990773677825928
397;0;3;female;31.0;7.8542;0;0;S;Olsson, Miss. Elina;;350407;0.8042653799057007;1;False;false_positive;0.8042653799057007;0.3042653799057007
103;0;1;male;21.0;77.2875;0;1;S;White, Mr. Richard Frasar;D26;35281;0.3854477107524872;0;True;true_negative;0.6145522892475128;0.11455228924751282
82;1;3;male;29.0;9.5;0;0;S;Sheerlinck, Mr. Jan Baptist;;345779;0.09602592140436172;0;False;false_negative;0.9039740785956383;0.4039740785956383
637;0;3;male;32.0;7.925;0;0;S;Leinonen, Mr. Antti Gustaf;;STON/O 2. 3101292;0.26691576838493347;0;True;true_negative;0.7330842316150665;0.23308423161506653
225;1;1;male;38.0;90.0;1;0;S;Hoyt, Mr. Frederick Maxfield;C93;19943;0.36205464601516724;0;False;false_negative;0.6379453539848328;0.13794535398483276
523;0;3;male;;7.225;0;0;C;Lahoud, Mr. Sarkis;;2624;0.14410734176635742;0;True;true_negative;0.8558926582336426;0.3558926582336426
200;0;2;female;24.0;13.0;0;0;S;"Yrois, Miss. Henriette (""Mrs Harbeck"")";;248747;0.6199077367782593;1;False;false_positive;0.6199077367782593;0.11990773677825928
285;0;1;male;;26.0;0;0;S;Smith, Mr. Richard William;A19;113056;0.22929447889328003;0;True;true_negative;0.77070552110672;0.27070552110671997
139;0;3;male;16.0;9.2167;0;0;S;Osen, Mr. Olaf Elon;;7534;0.10583700239658356;0;True;true_negative;0.8941629976034164;0.39416299760341644
271;0;1;male;;31.0;0;0;S;Cairns, Mr. Alexander;;113798;0.36364829540252686;0;True;true_negative;0.6363517045974731;0.13635170459747314
113;0;3;male;22.0;8.05;0;0;S;Barton, Mr. David John;;324669;0.18864329159259796;0;True;true_negative;0.811356708407402;0.31135670840740204
721;1;2;female;6.0;33.0;0;1;S;"Harper, Miss. Annie Jessie ""Nina""";;248727;0.9180325865745544;1;True;true_positive;0.9180325865745544;0.41803258657455444
181;0;3;female;;69.55;8;2;S;Sage, Miss. Constance Gladys;;CA. 2343;0.18232867121696472;0;True;true_negative;0.8176713287830353;0.3176713287830353
636;1;2;female;28.0;13.0;0;0;S;Davis, Miss. Mary;;237668;0.5293824672698975;1;True;true_positive;0.5293824672698975;0.02938246726989746
862;0;2;male;21.0;11.5;1;0;S;Giles, Mr. Frederick Edward;;28134;0.06598756462335587;0;True;true_negative;0.9340124353766441;0.43401243537664413
412;0;3;male;;6.8583;0;0;Q;Hart, Mr. Henry;;394140;0.16284243762493134;0;True;true_negative;0.8371575623750687;0.33715756237506866
18;1;2;male;;13.0;0;0;S;Williams, Mr. Charles Eugene;;244373;0.19586101174354553;0;False;false_negative;0.8041389882564545;0.30413898825645447
222;0;2;male;27.0;13.0;0;0;S;Bracken, Mr. James H;;220367;0.3036598563194275;0;True;true_negative;0.6963401436805725;0.1963401436805725
170;0;3;male;28.0;56.4958;0;0;S;Ling, Mr. Lee;;1601;0.4922705292701721;0;True;true_negative;0.5077294707298279;0.007729470729827881
234;1;3;female;5.0;31.3875;4;2;S;Asplund, Miss. Lillian Gertrud;;347077;0.07898946851491928;0;False;false_negative;0.9210105314850807;0.4210105314850807
434;0;3;male;17.0;7.125;0;0;S;Kallio, Mr. Nikolai Erland;;STON/O 2. 3101274;0.2814195156097412;0;True;true_negative;0.7185804843902588;0.2185804843902588
847;0;3;male;;69.55;8;2;S;Sage, Mr. Douglas Bullen;;CA. 2343;0.18480615317821503;0;True;true_negative;0.815193846821785;0.315193846821785
711;1;1;female;24.0;49.5042;0;0;C;"Mayne, Mlle. Berthe Antonine (""Mrs de Villiers"")";C90;PC 17482;0.5293824672698975;1;True;true_positive;0.5293824672698975;0.02938246726989746
325;0;3;male;;69.55;8;2;S;Sage, Mr. George John Jr;;CA. 2343;0.048151347786188126;0;True;true_negative;0.9518486522138119;0.4518486522138119
526;0;3;male;40.5;7.75;0;0;Q;Farrell, Mr. James;;367232;0.16284243762493134;0;True;true_negative;0.8371575623750687;0.33715756237506866
78;0;3;male;;8.05;0;0;S;Moutal, Mr. Rahamin Haim;;374746;0.19586101174354553;0;True;true_negative;0.8041389882564545;0.30413898825645447
642;1;1;female;24.0;69.3;0;0;C;Sagesser, Mlle. Emma;B35;PC 17477;0.6199077367782593;1;True;true_positive;0.6199077367782593;0.11990773677825928
348;1;3;female;;16.1;1;0;S;Davison, Mrs. Thomas Henry (Mary E Finck);;386525;0.5047916769981384;1;True;true_positive;0.5047916769981384;0.004791676998138428
758;0;2;male;18.0;11.5;0;0;S;Bailey, Mr. Percy Andrew;;29108;0.0786859393119812;0;True;true_negative;0.9213140606880188;0.4213140606880188
374;0;1;male;22.0;135.6333;0;0;C;Ringhini, Mr. Sante;;PC 17760;0.4054580628871918;0;True;true_negative;0.5945419371128082;0.09454193711280823
124;1;2;female;32.5;13.0;0;0;S;Webber, Miss. Susan;E101;27267;0.9017589092254639;1;True;true_positive;0.9017589092254639;0.40175890922546387
473;1;2;female;33.0;27.75;1;2;S;West, Mrs. Edwy Arthur (Ada Mary Worth);;C.A. 34651;0.6199077367782593;1;True;true_positive;0.6199077367782593;0.11990773677825928
204;0;3;male;45.5;7.225;0;0;C;Youseff, Mr. Gerious;;2628;0.031063389033079147;0;True;true_negative;0.9689366109669209;0.46893661096692085
231;1;1;female;35.0;83.475;1;0;S;Harris, Mrs. Henry Birkhardt (Irene Wallach);C83;36973;0.8216896057128906;1;True;true_positive;0.8216896057128906;0.3216896057128906
47;0;3;male;;15.5;1;0;Q;Lennon, Mr. Denis;;370371;0.029441021382808685;0;True;true_negative;0.9705589786171913;0.4705589786171913
692;1;3;female;4.0;13.4167;0;1;C;Karun, Miss. Manca;;349256;0.5645543932914734;1;True;true_positive;0.5645543932914734;0.06455439329147339
647;0;3;male;19.0;7.8958;0;0;S;Cor, Mr. Liudevit;;349231;0.2615717351436615;0;True;true_negative;0.7384282648563385;0.2384282648563385
696;0;2;male;52.0;13.5;0;0;S;Chapman, Mr. Charles Henry;;248731;0.08489259332418442;0;True;true_negative;0.9151074066758156;0.4151074066758156
857;1;1;female;45.0;164.8667;1;1;S;Wick, Mrs. George Dennick (Mary Hitchcock);;36928;0.9744113683700562;1;True;true_positive;0.9744113683700562;0.47441136837005615
720;0;3;male;33.0;7.775;0;0;S;Johnson, Mr. Malkolm Joackim;;347062;0.26691576838493347;0;True;true_negative;0.7330842316150665;0.23308423161506653
429;0;3;male;;7.75;0;0;Q;Flynn, Mr. James;;364851;0.16284243762493134;0;True;true_negative;0.8371575623750687;0.33715756237506866
461;1;1;male;48.0;26.55;0;0;S;Anderson, Mr. Harry;E12;19952;0.6472843289375305;1;True;true_positive;0.6472843289375305;0.14728432893753052
820;0;3;male;10.0;27.9;3;2;S;Skoog, Master. Karl Thorsten;;347088;0.04716712608933449;0;True;true_negative;0.9528328739106655;0.4528328739106655
311;1;1;female;24.0;83.1583;0;0;C;Hays, Miss. Margaret Bechstein;C54;11767;0.6199077367782593;1;True;true_positive;0.6199077367782593;0.11990773677825928
760;1;1;female;33.0;86.5;0;0;S;Rothes, the Countess. of (Lucy Noel Martha Dyer-Edwards);B77;110152;0.5423097014427185;1;True;true_positive;0.5423097014427185;0.042309701442718506
350;0;3;male;42.0;8.6625;0;0;S;Dimic, Mr. Jovan;;315088;0.19586101174354553;0;True;true_negative;0.8041389882564545;0.30413898825645447
445;1;3;male;;8.1125;0;0;S;Johannesen-Bratthammer, Mr. Bernt;;65306;0.09602592140436172;0;False;false_negative;0.9039740785956383;0.4039740785956383
136;0;2;male;23.0;15.0458;0;0;C;Richard, Mr. Emile;;SC/PARIS 2133;0.3036598563194275;0;True;true_negative;0.6963401436805725;0.1963401436805725
848;0;3;male;35.0;7.8958;0;0;C;Markoff, Mr. Marin;;349213;0.3036598563194275;0;True;true_negative;0.6963401436805725;0.1963401436805725
66;1;3;male;;15.2458;1;1;C;Moubarek, Master. Gerios;;2661;0.4565950930118561;0;False;false_negative;0.5434049069881439;0.04340490698814392
654;1;3;female;;7.8292;0;0;Q;"O'Leary, Miss. Hanora ""Norah""";;330919;0.6402189135551453;1;True;true_positive;0.6402189135551453;0.14021891355514526
750;0;3;male;31.0;7.75;0;0;Q;Connaghton, Mr. Michael;;335097;0.3036598563194275;0;True;true_negative;0.6963401436805725;0.1963401436805725
362;0;2;male;29.0;27.7208;1;0;C;del Carlo, Mr. Sebastiano;;SC/PARIS 2167;0.17698673903942108;0;True;true_negative;0.8230132609605789;0.3230132609605789
387;0;3;male;1.0;46.9;5;2;S;Goodwin, Master. Sidney Leonard;;CA 2144;0.11529835313558578;0;True;true_negative;0.8847016468644142;0.3847016468644142
122;0;3;male;;8.05;0;0;S;Moore, Mr. Leonard Charles;;A4. 54510;0.3036598563194275;0;True;true_negative;0.6963401436805725;0.1963401436805725
535;0;3;female;30.0;8.6625;0;0;S;Cacic, Miss. Marija;;315084;0.5047916769981384;1;False;false_positive;0.5047916769981384;0.004791676998138428
827;0;3;male;;56.4958;0;0;S;Lam, Mr. Len;;1601;0.506601095199585;1;False;false_positive;0.506601095199585;0.006601095199584961
685;0;2;male;60.0;39.0;1;1;S;Brown, Mr. Thomas William Solomon;;29750;0.2755590081214905;0;True;true_negative;0.7244409918785095;0.22444099187850952
347;1;2;female;40.0;13.0;0;0;S;Smith, Miss. Marion Elsie;;31418;0.6199077367782593;1;True;true_positive;0.6199077367782593;0.11990773677825928
889;0;3;female;;23.45;1;2;S;"Johnston, Miss. Catherine Helen ""Carrie""";;W./C. 6607;0.11910625547170639;0;True;true_negative;0.8808937445282936;0.3808937445282936
319;1;1;female;31.0;164.8667;0;2;S;Wick, Miss. Mary Natalie;C7;36928;0.5293824672698975;1;True;true_positive;0.5293824672698975;0.02938246726989746
252;0;3;female;29.0;10.4625;1;1;S;Strom, Mrs. Wilhelm (Elna Matilda Persson);G6;347054;0.7296035289764404;1;False;false_positive;0.7296035289764404;0.22960352897644043
301;1;3;female;;7.75;0;0;Q;"Kelly, Miss. Anna Katherine ""Annie Kate""";;9234;0.5871210098266602;1;True;true_positive;0.5871210098266602;0.08712100982666016
580;1;3;male;32.0;7.925;0;0;S;Jussila, Mr. Eiriik;;STON/O 2. 3101286;0.19579744338989258;0;False;false_negative;0.8042025566101074;0.3042025566101074
407;0;3;male;51.0;7.75;0;0;S;Widegren, Mr. Carl/Charles Peter;;347064;0.0680784359574318;0;True;true_negative;0.9319215640425682;0.4319215640425682
338;1;1;female;41.0;134.5;0;0;C;Burns, Miss. Elizabeth Margaret;E40;16966;0.5293824672698975;1;True;true_positive;0.5293824672698975;0.02938246726989746
717;1;1;female;38.0;227.525;0;0;C;Endres, Miss. Caroline Louise;C45;PC 17757;0.5293824672698975;1;True;true_positive;0.5293824672698975;0.02938246726989746
298;0;1;female;2.0;151.55;1;2;S;Allison, Miss. Helen Loraine;C22 C26;113781;0.6199077367782593;1;False;false_positive;0.6199077367782593;0.11990773677825928
573;1;1;male;36.0;26.3875;0;0;S;"Flynn, Mr. John Irwin (""Irving"")";E25;PC 17474;0.7531260848045349;1;True;true_positive;0.7531260848045349;0.2531260848045349
51;0;3;male;7.0;39.6875;4;1;S;Panula, Master. Juha Niilo;;3101295;0.07018068432807922;0;True;true_negative;0.9298193156719208;0.4298193156719208
676;0;3;male;18.0;7.775;0;0;S;Edvardsson, Mr. Gustaf Hjalmar;;349912;0.12336736917495728;0;True;true_negative;0.8766326308250427;0.3766326308250427
571;1;2;male;62.0;10.5;0;0;S;Harris, Mr. George;;S.W./PP 752;0.033465370535850525;0;False;false_negative;0.9665346294641495;0.4665346294641495
756;1;2;male;0.67;14.5;1;1;S;Hamalainen, Master. Viljo;;250649;0.9297692775726318;1;True;true_positive;0.9297692775726318;0.42976927757263184
120;0;3;female;2.0;31.275;4;2;S;Andersson, Miss. Ellis Anna Maria;;347082;0.4159541130065918;0;True;true_negative;0.5840458869934082;0.0840458869934082
466;0;3;male;38.0;7.05;0;0;S;Goncalves, Mr. Manuel Estanslas;;SOTON/O.Q. 3101306;0.16284243762493134;0;True;true_negative;0.8371575623750687;0.33715756237506866
570;1;3;male;32.0;7.8542;0;0;S;Jonsson, Mr. Carl;;350417;0.26691576838493347;0;False;false_negative;0.7330842316150665;0.23308423161506653
418;1;2;female;18.0;13.0;0;2;S;Silven, Miss. Lyyli Karoliina;;250652;0.5293824672698975;1;True;true_positive;0.5293824672698975;0.02938246726989746
17;0;3;male;2.0;29.125;4;1;Q;Rice, Master. Eugene;;382652;0.3044142425060272;0;True;true_negative;0.6955857574939728;0.19558575749397278
264;0;1;male;40.0;0.0;0;0;S;Harrison, Mr. William;B94;112059;0.2509857416152954;0;True;true_negative;0.7490142583847046;0.2490142583847046
64;0;3;male;4.0;27.9;3;2;S;Skoog, Master. Harald;;347088;0.3044142425060272;0;True;true_negative;0.6955857574939728;0.19558575749397278
448;1;1;male;34.0;26.55;0;0;S;Seward, Mr. Frederic Kimber;;113794;0.18886533379554749;0;False;false_negative;0.8111346662044525;0.3111346662044525
689;0;3;male;18.0;7.7958;0;0;S;Fischer, Mr. Eberhard Thelander;;350036;0.2615717351436615;0;True;true_negative;0.7384282648563385;0.2384282648563385
877;0;3;male;20.0;9.8458;0;0;S;Gustafsson, Mr. Alfred Ossian;;7534;0.04297065734863281;0;True;true_negative;0.9570293426513672;0.4570293426513672
475;0;3;female;22.0;9.8375;0;0;S;Strandberg, Miss. Ida Sofia;;7553;0.45713528990745544;0;True;true_negative;0.5428647100925446;0.042864710092544556
840;1;1;male;;29.7;0;0;C;Marechal, Mr. Pierre;C47;11774;0.26418817043304443;0;False;false_negative;0.7358118295669556;0.23581182956695557
398;0;2;male;46.0;26.0;0;0;S;McKane, Mr. Peter David;;28403;0.14471831917762756;0;True;true_negative;0.8552816808223724;0.35528168082237244
114;0;3;female;20.0;9.825;1;0;S;Jussila, Miss. Katriina;;4136;0.45713528990745544;0;True;true_negative;0.5428647100925446;0.042864710092544556
83;1;3;female;;7.7875;0;0;Q;McDermott, Miss. Brigdet Delia;;330932;0.8558703660964966;1;True;true_positive;0.8558703660964966;0.3558703660964966
882;0;3;male;33.0;7.8958;0;0;S;Markun, Mr. Johann;;349257;0.26691576838493347;0;True;true_negative;0.7330842316150665;0.23308423161506653
98;1;1;male;23.0;63.3583;0;1;C;Greenfield, Mr. William Bertram;D10 D12;PC 17759;0.28973934054374695;0;False;false_negative;0.710260659456253;0.21026065945625305
469;0;3;male;;7.725;0;0;Q;Scanlan, Mr. James;;36209;0.26691576838493347;0;True;true_negative;0.7330842316150665;0.23308423161506653
612;0;3;male;;7.05;0;0;S;Jardin, Mr. Jose Neto;;SOTON/O.Q. 3101305;0.07898034900426865;0;True;true_negative;0.9210196509957314;0.42101965099573135
549;0;3;male;33.0;20.525;1;1;S;Goldsmith, Mr. Frank John;;363291;0.09437648206949234;0;True;true_negative;0.9056235179305077;0.40562351793050766
773;0;2;female;57.0;10.5;0;0;S;Mack, Mrs. (Mary);E77;S.O./P.P. 3;0.6199077367782593;1;False;false_positive;0.6199077367782593;0.11990773677825928
678;1;3;female;18.0;9.8417;0;0;S;Turja, Miss. Anna Sofia;;4138;0.2751467823982239;0;False;false_negative;0.7248532176017761;0.22485321760177612
182;0;2;male;;15.05;0;0;C;Pernot, Mr. Rene;;SC/PARIS 2131;0.07063835114240646;0;True;true_negative;0.9293616488575935;0.42936164885759354
36;0;1;male;42.0;52.0;1;0;S;Holverson, Mr. Alexander Oskar;;113789;0.32596105337142944;0;True;true_negative;0.6740389466285706;0.17403894662857056
295;0;3;male;24.0;7.8958;0;0;S;Mineff, Mr. Ivan;;349233;0.2615717351436615;0;True;true_negative;0.7384282648563385;0.2384282648563385
871;0;3;male;26.0;7.8958;0;0;S;Balkic, Mr. Cerin;;349248;0.28188303112983704;0;True;true_negative;0.718116968870163;0.21811696887016296
714;0;3;male;29.0;9.4833;0;0;S;Larsson, Mr. August Viktor;;7545;0.26691576838493347;0;True;true_negative;0.7330842316150665;0.23308423161506653
148;0;3;female;9.0;34.375;2;2;S;"Ford, Miss. Robina Maggie ""Ruby""";;W./C. 6608;0.04505302757024765;0;True;true_negative;0.9549469724297523;0.45494697242975235
128;1;3;male;24.0;7.1417;0;0;S;Madsen, Mr. Fridtjof Arne;;C 17369;0.2814195156097412;0;False;false_negative;0.7185804843902588;0.2185804843902588
502;0;3;female;21.0;7.75;0;0;Q;Canavan, Miss. Mary;;364846;0.4490690529346466;0;True;true_negative;0.5509309470653534;0.050930947065353394
191;1;2;female;32.0;13.0;0;0;S;Pinsky, Mrs. (Rosa);;234604;0.5293824672698975;1;True;true_positive;0.5293824672698975;0.02938246726989746
659;0;2;male;23.0;13.0;0;0;S;Eitemiller, Mr. George Floyd;;29751;0.18864329159259796;0;True;true_negative;0.811356708407402;0.31135670840740204
283;0;3;male;16.0;9.5;0;0;S;de Pelsmaeker, Mr. Alfons;;345778;0.0730241909623146;0;True;true_negative;0.9269758090376854;0.4269758090376854
608;1;1;male;27.0;30.5;0;0;S;Daniel, Mr. Robert Williams;;113804;0.36364829540252686;0;False;false_negative;0.6363517045974731;0.13635170459747314
375;0;3;female;3.0;21.075;3;1;S;Palsson, Miss. Stina Viola;;349909;0.5452718138694763;1;False;false_positive;0.5452718138694763;0.04527181386947632
384;1;1;female;35.0;52.0;1;0;S;Holverson, Mrs. Alexander Oskar (Mary Aline Towner);;113789;0.5293824672698975;1;True;true_positive;0.5293824672698975;0.02938246726989746
183;0;3;male;9.0;31.3875;4;2;S;Asplund, Master. Clarence Gustaf Hugo;;347077;0.14036595821380615;0;True;true_negative;0.8596340417861938;0.35963404178619385
75;1;3;male;32.0;56.4958;0;0;S;Bing, Mr. Lee;;1601;0.2181708961725235;0;False;false_negative;0.7818291038274765;0.2818291038274765
169;0;1;male;;25.925;0;0;S;Baumann, Mr. John D;;PC 17318;0.2971773147583008;0;True;true_negative;0.7028226852416992;0.20282268524169922
390;1;2;female;17.0;12.0;0;0;C;Lehmann, Miss. Bertha;;SC 1748;0.6199077367782593;1;True;true_positive;0.6199077367782593;0.11990773677825928
67;1;2;female;29.0;10.5;0;0;S;Nye, Mrs. (Elizabeth Ramell);F33;C.A. 29395;0.930233359336853;1;True;true_positive;0.930233359336853;0.430233359336853
766;1;1;female;51.0;77.9583;1;0;S;Hogeboom, Mrs. John C (Anna Andrews);D11;13502;0.6199077367782593;1;True;true_positive;0.6199077367782593;0.11990773677825928
213;0;3;male;22.0;7.25;0;0;S;Perkin, Mr. John Henry;;A/5 21174;0.15660452842712402;0;True;true_negative;0.843395471572876;0.343395471572876
49;0;3;male;;21.6792;2;0;C;Samaan, Mr. Youssef;;2662;0.10933927446603775;0;True;true_negative;0.8906607255339622;0.39066072553396225
296;0;1;male;;27.7208;0;0;C;Lewy, Mr. Ervin G;;PC 17612;0.38806086778640747;0;True;true_negative;0.6119391322135925;0.11193913221359253
147;1;3;male;27.0;7.7958;0;0;S;"Andersson, Mr. August Edvard (""Wennerstrom"")";;350043;0.3036598563194275;0;False;false_negative;0.6963401436805725;0.1963401436805725
360;1;3;female;;7.8792;0;0;Q;"Mockler, Miss. Helen Mary ""Ellie""";;330980;0.6402189135551453;1;True;true_positive;0.6402189135551453;0.14021891355514526
322;0;3;male;27.0;7.8958;0;0;S;Danoff, Mr. Yoto;;349219;0.19586101174354553;0;True;true_negative;0.8041389882564545;0.30413898825645447
794;0;1;male;;30.6958;0;0;C;Hoyt, Mr. William Fisher;;PC 17600;0.3473590314388275;0;True;true_negative;0.6526409685611725;0.15264096856117249
25;0;3;female;8.0;21.075;3;1;S;Palsson, Miss. Torborg Danira;;349909;0.13689664006233215;0;True;true_negative;0.8631033599376678;0.36310335993766785
736;0;3;male;28.5;16.1;0;0;S;Williams, Mr. Leslie;;54636;0.09648693352937698;0;True;true_negative;0.903513066470623;0.403513066470623
111;0;1;male;47.0;52.0;0;0;S;Porter, Mr. Walter Chamberlain;C110;110465;0.30032554268836975;0;True;true_negative;0.6996744573116302;0.19967445731163025
340;0;1;male;45.0;35.5;0;0;S;Blackwell, Mr. Stephen Weart;T;113784;0.36461180448532104;0;True;true_negative;0.635388195514679;0.13538819551467896
539;0;3;male;;14.5;0;0;S;Risien, Mr. Samuel Beard;;364498;0.10017523169517517;0;True;true_negative;0.8998247683048248;0.39982476830482483
394;1;1;female;23.0;113.275;1;0;C;Newell, Miss. Marjorie;D36;35273;0.9921053647994995;1;True;true_positive;0.9921053647994995;0.4921053647994995
443;0;3;male;25.0;7.775;1;0;S;Petterson, Mr. Johan Emil;;347076;0.1588069051504135;0;True;true_negative;0.8411930948495865;0.3411930948495865
416;0;3;female;;8.05;0;0;S;Meek, Mrs. Thomas (Annie Louise Rowley);;343095;0.5047916769981384;1;False;false_positive;0.5047916769981384;0.004791676998138428
364;0;3;male;35.0;7.05;0;0;S;Asim, Mr. Adola;;SOTON/O.Q. 3101310;0.3036598563194275;0;True;true_negative;0.6963401436805725;0.1963401436805725
392;1;3;male;21.0;7.7958;0;0;S;Jansson, Mr. Carl Olof;;350034;0.2615717351436615;0;False;false_negative;0.7384282648563385;0.2384282648563385
643;0;3;female;2.0;27.9;3;2;S;Skoog, Miss. Margit Elizabeth;;347088;0.1773483157157898;0;True;true_negative;0.8226516842842102;0.3226516842842102
699;0;1;male;49.0;110.8833;1;1;C;Thayer, Mr. John Borland;C68;17421;0.3008842170238495;0;True;true_negative;0.6991157829761505;0.1991157829761505
787;1;3;female;18.0;7.4958;0;0;S;Sjoblom, Miss. Anna Sofia;;3101265;0.599842369556427;1;True;true_positive;0.599842369556427;0.099842369556427
70;0;3;male;26.0;8.6625;2;0;S;Kink, Mr. Vincenz;;315151;0.3036598563194275;0;True;true_negative;0.6963401436805725;0.1963401436805725
467;0;2;male;;0.0;0;0;S;Campbell, Mr. William;;239853;0.055207230150699615;0;True;true_negative;0.9447927698493004;0.4447927698493004
176;0;3;male;18.0;7.8542;1;1;S;Klasen, Mr. Klas Albin;;350404;0.2615717351436615;0;True;true_negative;0.7384282648563385;0.2384282648563385
281;0;3;male;65.0;7.75;0;0;Q;Duane, Mr. Frank;;336439;0.006837845779955387;0;True;true_negative;0.9931621542200446;0.4931621542200446
835;0;3;male;18.0;8.3;0;0;S;Allum, Mr. Owen George;;2223;0.18864329159259796;0;True;true_negative;0.811356708407402;0.31135670840740204
669;0;3;male;43.0;8.05;0;0;S;Cook, Mr. Jacob;;A/5 3536;0.19586101174354553;0;True;true_negative;0.8041389882564545;0.30413898825645447
449;1;3;female;5.0;19.2583;2;1;C;Baclini, Miss. Marie Catherine;;2666;0.5645543932914734;1;True;true_positive;0.5645543932914734;0.06455439329147339
229;0;2;male;18.0;13.0;0;0;S;Fahlstrom, Mr. Arne Jonas;;236171;0.0786859393119812;0;True;true_negative;0.9213140606880188;0.4213140606880188
421;0;3;male;;7.8958;0;0;C;Gheorgheff, Mr. Stanio;;349254;0.1992293745279312;0;True;true_negative;0.8007706254720688;0.3007706254720688
221;1;3;male;16.0;8.05;0;0;S;Sunderland, Mr. Victor Francis;;SOTON/OQ 392089;0.06560200452804565;0;False;false_negative;0.9343979954719543;0.43439799547195435
71;0;2;male;32.0;10.5;0;0;S;Jenkin, Mr. Stephen Curnow;;C.A. 33111;0.18947482109069824;0;True;true_negative;0.8105251789093018;0.31052517890930176
834;0;3;male;23.0;7.8542;0;0;S;Augustsson, Mr. Albert;;347468;0.18864329159259796;0;True;true_negative;0.811356708407402;0.31135670840740204
886;0;3;female;39.0;29.125;0;5;Q;Rice, Mrs. William (Margaret Norton);;382652;0.2914457619190216;0;True;true_negative;0.7085542380809784;0.2085542380809784
16;1;2;female;55.0;16.0;0;0;S;Hewlett, Mrs. (Mary D Kingcome) ;;248706;0.8339393734931946;1;True;true_positive;0.8339393734931946;0.3339393734931946
587;0;2;male;47.0;15.0;0;0;S;Jarvis, Mr. John Denzil;;237565;0.26691576838493347;0;True;true_negative;0.7330842316150665;0.23308423161506653
582;1;1;female;39.0;110.8833;1;1;C;Thayer, Mrs. John Borland (Marian Longstreth Morris);C68;17421;0.5293824672698975;1;True;true_positive;0.5293824672698975;0.02938246726989746
628;1;1;female;21.0;77.9583;0;0;S;Longley, Miss. Gretchen Fiske;D9;13502;0.9602227807044983;1;True;true_positive;0.9602227807044983;0.4602227807044983
330;1;1;female;16.0;57.9792;0;1;C;Hippach, Miss. Jean Gertrude;B18;111361;0.6199077367782593;1;True;true_positive;0.6199077367782593;0.11990773677825928
726;0;3;male;20.0;8.6625;0;0;S;Oreskovic, Mr. Luka;;315094;0.2615717351436615;0;True;true_negative;0.7384282648563385;0.2384282648563385
409;0;3;male;21.0;7.775;0;0;S;Birkeland, Mr. Hans Martin Monsen;;312992;0.2615717351436615;0;True;true_negative;0.7384282648563385;0.2384282648563385
664;0;3;male;36.0;7.4958;0;0;S;Coleff, Mr. Peju;;349210;0.07623916119337082;0;True;true_negative;0.9237608388066292;0.4237608388066292
507;1;2;female;33.0;26.0;0;2;S;Quick, Mrs. Frederick Charles (Jane Richards);;26360;0.5293824672698975;1;True;true_positive;0.5293824672698975;0.02938246726989746
737;0;3;female;48.0;34.375;1;3;S;Ford, Mrs. Edward (Margaret Ann Watson);;W./C. 6608;0.2664003372192383;0;True;true_negative;0.7335996627807617;0.23359966278076172
578;1;1;female;39.0;55.9;1;0;S;Silvey, Mrs. William Baird (Alice Munger);E44;13507;0.9831958413124084;1;True;true_positive;0.9831958413124084;0.48319584131240845
607;0;3;male;30.0;7.8958;0;0;S;Karaic, Mr. Milan;;349246;0.09602592140436172;0;True;true_negative;0.9039740785956383;0.4039740785956383
287;1;3;male;30.0;9.5;0;0;S;de Mulder, Mr. Theodore;;345774;0.09602592140436172;0;False;false_negative;0.9039740785956383;0.4039740785956383
839;1;3;male;32.0;56.4958;0;0;S;Chip, Mr. Chang;;1601;0.7684383392333984;1;True;true_positive;0.7684383392333984;0.26843833923339844
435;0;1;male;50.0;55.9;1;0;S;Silvey, Mr. William Baird;E44;13507;0.4175334572792053;0;True;true_negative;0.5824665427207947;0.08246654272079468
592;1;1;female;52.0;78.2667;1;0;C;Stephenson, Mrs. Walter Bertram (Martha Eustis);D20;36947;0.5293824672698975;1;True;true_positive;0.5293824672698975;0.02938246726989746
145;0;2;male;18.0;11.5;0;0;S;Andrew, Mr. Edgardo Samuel;;231945;0.05600102245807648;0;True;true_negative;0.9439989775419235;0.4439989775419235
243;0;2;male;29.0;10.5;0;0;S;Coleridge, Mr. Reginald Charles;;W./C. 14263;0.3036598563194275;0;True;true_negative;0.6963401436805725;0.1963401436805725
601;1;2;female;24.0;27.0;2;1;S;Jacobsohn, Mrs. Sidney Samuel (Amy Frances Christy);;243847;0.8093734383583069;1;True;true_positive;0.8093734383583069;0.3093734383583069
819;0;3;male;43.0;6.45;0;0;S;Holm, Mr. John Fredrik Alexander;;C 7075;0.33074188232421875;0;True;true_negative;0.6692581176757812;0.16925811767578125
722;0;3;male;17.0;7.0542;1;0;S;Jensen, Mr. Svend Lauritz;;350048;0.3036598563194275;0;True;true_negative;0.6963401436805725;0.1963401436805725
19;0;3;female;31.0;18.0;1;0;S;Vander Planke, Mrs. Julius (Emelia Maria Vandemoortele);;345763;0.5047916769981384;1;False;false_positive;0.5047916769981384;0.004791676998138428
631;1;1;male;80.0;30.0;0;0;S;Barkworth, Mr. Algernon Henry Wilson;A23;27042;0.27435898780822754;0;False;false_negative;0.7256410121917725;0.22564101219177246
256;1;3;female;29.0;15.2458;0;2;C;Touma, Mrs. Darwis (Hanne Youssef Razi);;2650;0.4539722502231598;0;False;false_negative;0.5460277497768402;0.04602774977684021
809;0;2;male;39.0;13.0;0;0;S;Meyer, Mr. August;;248723;0.14399249851703644;0;True;true_negative;0.8560075014829636;0.35600750148296356
39;0;3;female;18.0;18.0;2;0;S;Vander Planke, Miss. Augusta Maria;;345764;0.4490690529346466;0;True;true_negative;0.5509309470653534;0.050930947065353394
686;0;2;male;25.0;41.5792;1;2;C;Laroche, Mr. Joseph Philippe Lemercier;;SC/Paris 2123;0.3522779047489166;0;True;true_negative;0.6477220952510834;0.14772209525108337
299;1;1;male;;30.5;0;0;S;Saalfeld, Mr. Adolphe;C106;19988;0.3402538001537323;0;False;false_negative;0.6597461998462677;0.1597461998462677
369;1;3;female;;7.75;0;0;Q;Jermyn, Miss. Annie;;14313;0.5092185735702515;1;True;true_positive;0.5092185735702515;0.009218573570251465
112;0;3;female;14.5;14.4542;1;0;C;Zabour, Miss. Hileni;;2665;0.5408528447151184;1;False;false_positive;0.5408528447151184;0.04085284471511841
501;0;3;male;17.0;8.6625;0;0;S;Calic, Mr. Petar;;315086;0.2615717351436615;0;True;true_negative;0.7384282648563385;0.2384282648563385
863;1;1;female;48.0;25.9292;0;0;S;Swift, Mrs. Frederick Joel (Margaret Welles Barron);D17;17466;0.5293824672698975;1;True;true_positive;0.5293824672698975;0.02938246726989746
388;1;2;female;36.0;13.0;0;0;S;Buss, Miss. Kate;;27849;0.5293824672698975;1;True;true_positive;0.5293824672698975;0.02938246726989746
593;0;3;male;47.0;7.25;0;0;S;Elsbury, Mr. William James;;A/5 3902;0.3036598563194275;0;True;true_negative;0.6963401436805725;0.1963401436805725
45;1;3;female;19.0;7.8792;0;0;Q;Devaney, Miss. Margaret Delia;;330958;0.6598193645477295;1;True;true_positive;0.6598193645477295;0.1598193645477295
594;0;3;female;;7.75;0;2;Q;Bourke, Miss. Mary;;364848;0.4490690529346466;0;True;true_negative;0.5509309470653534;0.050930947065353394
386;0;2;male;18.0;73.5;0;0;S;Davies, Mr. Charles Henry;;S.O.C. 14879;0.3473549485206604;0;True;true_negative;0.6526450514793396;0.1526450514793396
867;1;2;female;27.0;13.8583;1;0;C;Duran y More, Miss. Asuncion;;SC/PARIS 2149;0.6199077367782593;1;True;true_positive;0.6199077367782593;0.11990773677825928
572;1;1;female;53.0;51.4792;2;0;S;Appleton, Mrs. Edward Dale (Charlotte Lamson);C101;11769;0.7949962615966797;1;True;true_positive;0.7949962615966797;0.2949962615966797
764;1;1;female;36.0;120.0;1;2;S;Carter, Mrs. William Ernest (Lucile Polk);B96 B98;113760;0.9960522651672363;1;True;true_positive;0.9960522651672363;0.49605226516723633
187;1;3;female;;15.5;1;0;Q;"O'Brien, Mrs. Thomas (Johanna ""Hannah"" Godfrey)";;370365;0.4490690529346466;0;False;false_negative;0.5509309470653534;0.050930947065353394
162;1;2;female;40.0;15.75;0;0;S;"Watt, Mrs. James (Elizabeth ""Bessie"" Inglis Milne)";;C.A. 33595;0.7730289101600647;1;True;true_positive;0.7730289101600647;0.2730289101600647
411;0;3;male;;7.8958;0;0;S;Sdycoff, Mr. Todor;;349222;0.19586101174354553;0;True;true_negative;0.8041389882564545;0.30413898825645447
408;1;2;male;3.0;18.75;1;1;S;Richards, Master. William Rowe;;29106;0.5861753821372986;1;True;true_positive;0.5861753821372986;0.08617538213729858
131;0;3;male;33.0;7.8958;0;0;C;Drazenoic, Mr. Jozef;;349241;0.1992293745279312;0;True;true_negative;0.8007706254720688;0.3007706254720688
193;1;3;female;19.0;7.8542;1;0;S;Andersen-Jensen, Miss. Carla Christine Nielsine;;350046;0.4245239198207855;0;False;false_negative;0.5754760801792145;0.07547608017921448
450;1;1;male;52.0;30.5;0;0;S;Peuchen, Major. Arthur Godfrey;C104;113786;0.4164562225341797;0;False;false_negative;0.5835437774658203;0.08354377746582031
853;0;3;female;9.0;15.2458;1;1;C;Boulos, Miss. Nourelain;;2678;0.4924924373626709;0;True;true_negative;0.5075075626373291;0.0075075626373291016
704;0;3;male;25.0;7.7417;0;0;Q;Gallagher, Mr. Martin;;36864;0.3036598563194275;0;True;true_negative;0.6963401436805725;0.1963401436805725
487;1;1;female;35.0;90.0;1;0;S;Hoyt, Mrs. Frederick Maxfield (Jane Anne Forby);C93;19943;0.6199077367782593;1;True;true_positive;0.6199077367782593;0.11990773677825928
309;0;2;male;30.0;24.0;1;0;C;Abelson, Mr. Samuel;;P/PP 3381;0.16794700920581818;0;True;true_negative;0.8320529907941818;0.3320529907941818
121;0;2;male;21.0;73.5;2;0;S;Hickman, Mr. Stanley George;;S.O.C. 14879;0.3473549485206604;0;True;true_negative;0.6526450514793396;0.1526450514793396
600;1;1;male;49.0;56.9292;1;0;C;"Duff Gordon, Sir. Cosmo Edmund (""Mr Morgan"")";A20;PC 17485;0.7303922772407532;1;True;true_positive;0.7303922772407532;0.23039227724075317
324;1;2;female;22.0;29.0;1;1;S;Caldwell, Mrs. Albert Francis (Sylvia Mae Harbaugh);;248738;0.9483104348182678;1;True;true_positive;0.9483104348182678;0.4483104348182678
457;0;1;male;65.0;26.55;0;0;S;Millet, Mr. Francis Davis;E38;13509;0.42063289880752563;0;True;true_negative;0.5793671011924744;0.07936710119247437
557;1;1;female;48.0;39.6;1;0;C;"Duff Gordon, Lady. (Lucille Christiana Sutherland) (""Mrs Morgan"")";A16;11755;0.5423097014427185;1;True;true_positive;0.5423097014427185;0.042309701442718506
186;0;1;male;;50.0;0;0;S;Rood, Mr. Hugh Roscoe;A32;113767;0.42465484142303467;0;True;true_negative;0.5753451585769653;0.07534515857696533
297;0;3;male;23.5;7.2292;0;0;C;Hanna, Mr. Mansour;;2693;0.26286253333091736;0;True;true_negative;0.7371374666690826;0.23713746666908264
796;0;2;male;39.0;13.0;0;0;S;Otter, Mr. Richard;;28213;0.26691576838493347;0;True;true_negative;0.7330842316150665;0.23308423161506653
144;0;3;male;19.0;6.75;0;0;Q;Burke, Mr. Jeremiah;;365222;0.09468356519937515;0;True;true_negative;0.9053164348006248;0.40531643480062485
241;0;3;female;;14.4542;1;0;C;Zabour, Miss. Thamine;;2665;0.4764399826526642;0;True;true_negative;0.5235600173473358;0.023560017347335815
836;1;1;female;39.0;83.1583;1;1;C;Compton, Miss. Sara Rebecca;E49;PC 17756;0.8216896057128906;1;True;true_positive;0.8216896057128906;0.3216896057128906
802;1;2;female;31.0;26.25;1;1;S;Collyer, Mrs. Harvey (Charlotte Annie Tate);;C.A. 31921;0.7934268116950989;1;True;true_positive;0.7934268116950989;0.2934268116950989
609;1;2;female;22.0;41.5792;1;2;C;Laroche, Mrs. Joseph (Juliette Marie Louise Lafargue);;SC/Paris 2123;0.9729446172714233;1;True;true_positive;0.9729446172714233;0.47294461727142334
488;0;1;male;58.0;29.7;0;0;C;Kent, Mr. Edward Austin;B37;11771;0.27435898780822754;0;True;true_negative;0.7256410121917725;0.22564101219177246
784;0;3;male;;23.45;1;2;S;Johnston, Mr. Andrew G;;W./C. 6607;0.3036598563194275;0;True;true_negative;0.6963401436805725;0.1963401436805725
239;0;2;male;19.0;10.5;0;0;S;Pengelly, Mr. Frederick William;;28665;0.03726977854967117;0;True;true_negative;0.9627302214503288;0.4627302214503288
638;0;2;male;31.0;26.25;1;1;S;Collyer, Mr. Harvey;;C.A. 31921;0.3036598563194275;0;True;true_negative;0.6963401436805725;0.1963401436805725
550;1;2;male;8.0;36.75;1;1;S;Davies, Master. John Morgan Jr;;C.A. 33112;0.8251562714576721;1;True;true_positive;0.8251562714576721;0.3251562714576721
190;0;3;male;36.0;7.8958;0;0;S;Turcin, Mr. Stjepan;;349247;0.26691576838493347;0;True;true_negative;0.7330842316150665;0.23308423161506653
660;0;1;male;58.0;113.275;0;2;C;Newell, Mr. Arthur Webster;D48;35273;0.3450343608856201;0;True;true_negative;0.6549656391143799;0.15496563911437988
399;0;2;male;23.0;10.5;0;0;S;Pain, Dr. Alfred;;244278;0.2012675553560257;0;True;true_negative;0.7987324446439743;0.2987324446439743
730;0;3;female;25.0;7.925;1;0;S;Ilmakangas, Miss. Pieta Sofia;;STON/O2. 3101271;0.4490690529346466;0;True;true_negative;0.5509309470653534;0.050930947065353394
606;0;3;male;36.0;15.55;1;0;S;Lindell, Mr. Edvard Bengtsson;;349910;0.11491166800260544;0;True;true_negative;0.8850883319973946;0.38508833199739456
198;0;3;male;42.0;8.4042;0;1;S;Olsen, Mr. Karl Siegwart Andreas;;4579;0.3036598563194275;0;True;true_negative;0.6963401436805725;0.1963401436805725
430;1;3;male;32.0;8.05;0;0;S;Pickard, Mr. Berk (Berk Trembisky);E10;SOTON/O.Q. 392078;0.3036598563194275;0;False;false_negative;0.6963401436805725;0.1963401436805725
230;0;3;female;;25.4667;3;1;S;Lefebre, Miss. Mathilde;;4133;0.2664003372192383;0;True;true_negative;0.7335996627807617;0.23359966278076172
812;0;3;male;39.0;24.15;0;0;S;Lester, Mr. James;;A/4 48871;0.14551271498203278;0;True;true_negative;0.8544872850179672;0.3544872850179672
887;0;2;male;27.0;13.0;0;0;S;Montvila, Rev. Juozas;;211536;0.3341655433177948;0;True;true_negative;0.6658344566822052;0.1658344566822052
858;1;1;male;51.0;26.55;0;0;S;Daly, Mr. Peter Denis ;E17;113055;0.38168197870254517;0;False;false_negative;0.6183180212974548;0.11831802129745483
300;1;1;female;50.0;247.5208;0;1;C;Baxter, Mrs. James (Helene DeLaudeniere Chaput);B58 B60;PC 17558;0.986993670463562;1;True;true_positive;0.986993670463562;0.486993670463562
188;1;1;male;45.0;26.55;0;0;S;"Romaine, Mr. Charles Hallace (""Mr C Rolmane"")";;111428;0.12161850184202194;0;False;false_negative;0.8783814981579781;0.37838149815797806
155;0;3;male;;7.3125;0;0;S;Olsen, Mr. Ole Martin;;Fa 265302;0.16284243762493134;0;True;true_negative;0.8371575623750687;0.33715756237506866
344;0;2;male;25.0;13.0;0;0;S;Sedgwick, Mr. Charles Frederick Waddington;;244361;0.19586101174354553;0;True;true_negative;0.8041389882564545;0.30413898825645447
818;0;2;male;31.0;37.0042;1;1;C;Mallet, Mr. Albert;;S.C./PARIS 2079;0.08171065151691437;0;True;true_negative;0.9182893484830856;0.41828934848308563
94;0;3;male;26.0;20.575;1;2;S;Dean, Mr. Bertram Frank;;C.A. 2315;0.1310340166091919;0;True;true_negative;0.8689659833908081;0.3689659833908081
635;0;3;female;9.0;27.9;3;2;S;Skoog, Miss. Mabel;;347088;0.018630335107445717;0;True;true_negative;0.9813696648925543;0.4813696648925543
561;0;3;male;;7.75;0;0;Q;Morrow, Mr. Thomas Rowan;;372622;0.049191784113645554;0;True;true_negative;0.9508082158863544;0.45080821588635445
586;1;1;female;18.0;79.65;0;2;S;Taussig, Miss. Ruth;E68;110413;0.9901346564292908;1;True;true_positive;0.9901346564292908;0.49013465642929077
146;0;2;male;19.0;36.75;1;1;S;Nicholls, Mr. Joseph Charles;;C.A. 33112;0.32900941371917725;0;True;true_negative;0.6709905862808228;0.17099058628082275
130;0;3;male;45.0;6.975;0;0;S;Ekstrom, Mr. Johan;;347061;0.16284243762493134;0;True;true_negative;0.8371575623750687;0.33715756237506866
69;1;3;female;17.0;7.925;4;2;S;Andersson, Miss. Erna Alexandra;;3101281;0.1405903846025467;0;False;false_negative;0.8594096153974533;0.3594096153974533
353;0;3;male;15.0;7.2292;1;1;C;Elias, Mr. Tannous;;2695;0.1656067669391632;0;True;true_negative;0.8343932330608368;0.3343932330608368
323;1;2;female;30.0;12.35;0;0;Q;Slayter, Miss. Hilda Mary;;234818;0.6199077367782593;1;True;true_positive;0.6199077367782593;0.11990773677825928
841;0;3;male;20.0;7.925;0;0;S;Alhomaki, Mr. Ilmari Rudolf;;SOTON/O2 3101287;0.3036598563194275;0;True;true_negative;0.6963401436805725;0.1963401436805725
199;1;3;female;;7.75;0;0;Q;"Madigan, Miss. Margaret ""Maggie""";;370370;0.6553690433502197;1;True;true_positive;0.6553690433502197;0.15536904335021973
741;1;1;male;;30.0;0;0;S;Hawksford, Mr. Walter James;D45;16988;0.40775066614151;0;False;false_negative;0.59224933385849;0.09224933385848999
644;1;3;male;;56.4958;0;0;S;Foo, Mr. Choong;;1601;0.2181708961725235;0;False;false_negative;0.7818291038274765;0.2818291038274765
385;0;3;male;;7.8958;0;0;S;Plotcharsky, Mr. Vasil;;349227;0.19586101174354553;0;True;true_negative;0.8041389882564545;0.30413898825645447
171;0;1;male;61.0;33.5;0;0;S;Van der hoef, Mr. Wyckoff;B19;111240;0.03333074972033501;0;True;true_negative;0.966669250279665;0.466669250279665
453;0;1;male;30.0;27.75;0;0;C;Foreman, Mr. Benjamin Laventall;C111;113051;0.40441155433654785;0;True;true_negative;0.5955884456634521;0.09558844566345215
366;0;3;male;30.0;7.25;0;0;S;Adahl, Mr. Mauritz Nils Martin;;C 7076;0.07055965811014175;0;True;true_negative;0.9294403418898582;0.42944034188985825
480;1;3;female;2.0;12.2875;0;1;S;Hirvonen, Miss. Hildur E;;3101298;0.814001202583313;1;True;true_positive;0.814001202583313;0.314001202583313
701;1;1;female;18.0;227.525;1;0;C;Astor, Mrs. John Jacob (Madeleine Talmadge Force);C62 C64;PC 17757;0.5293824672698975;1;True;true_positive;0.5293824672698975;0.02938246726989746
20;1;3;female;;7.225;0;0;C;Masselmani, Mrs. Fatima;;2649;0.7860263586044312;1;True;true_positive;0.7860263586044312;0.28602635860443115
880;1;1;female;56.0;83.1583;0;1;C;Potter, Mrs. Thomas Jr (Lily Alexenia Wilson);C50;11767;0.5293824672698975;1;True;true_positive;0.5293824672698975;0.02938246726989746
224;0;3;male;;7.8958;0;0;S;Nenkoff, Mr. Christo;;349234;0.19586101174354553;0;True;true_negative;0.8041389882564545;0.30413898825645447
843;1;1;female;30.0;31.0;0;0;C;Serepeca, Miss. Augusta;;113798;0.9611423015594482;1;True;true_positive;0.9611423015594482;0.46114230155944824
775;1;2;female;54.0;23.0;1;3;S;Hocking, Mrs. Elizabeth (Eliza Needs);;29105;0.6762034296989441;1;True;true_positive;0.6762034296989441;0.1762034296989441
462;0;3;male;34.0;8.05;0;0;S;Morley, Mr. William;;364506;0.26691576838493347;0;True;true_negative;0.7330842316150665;0.23308423161506653
770;0;3;male;32.0;8.3625;0;0;S;Gronnestad, Mr. Daniel Danielsen;;8471;0.3036598563194275;0;True;true_negative;0.6963401436805725;0.1963401436805725
806;0;3;male;31.0;7.775;0;0;S;Johansson, Mr. Karl Johan;;347063;0.3036598563194275;0;True;true_negative;0.6963401436805725;0.1963401436805725
559;1;1;female;39.0;79.65;1;1;S;Taussig, Mrs. Emil (Tillie Mandelbaum);E67;110413;0.5293824672698975;1;True;true_positive;0.5293824672698975;0.02938246726989746
518;0;3;male;;24.15;0;0;Q;Ryan, Mr. Patrick;;371110;0.07707612216472626;0;True;true_negative;0.9229238778352737;0.42292387783527374
95;0;3;male;59.0;7.25;0;0;S;Coxon, Mr. Daniel;;364500;0.006480138748884201;0;True;true_negative;0.9935198612511158;0.4935198612511158
619;1;2;female;4.0;39.0;2;1;S;Becker, Miss. Marion Louise;F4;230136;0.9361222982406616;1;True;true_positive;0.9361222982406616;0.4361222982406616
778;1;3;female;5.0;12.475;0;0;S;Emanuel, Miss. Virginia Ethel;;364516;0.45713528990745544;0;False;false_negative;0.5428647100925446;0.042864710092544556
693;1;3;male;;56.4958;0;0;S;Lam, Mr. Ali;;1601;0.506601095199585;1;True;true_positive;0.506601095199585;0.006601095199584961
117;0;3;male;70.5;7.75;0;0;Q;Connors, Mr. Patrick;;370369;0.060184504836797714;0;True;true_negative;0.9398154951632023;0.4398154951632023
228;0;3;male;20.5;7.25;0;0;S;"Lovell, Mr. John Hall (""Henry"")";;A/5 21173;0.15660452842712402;0;True;true_negative;0.843395471572876;0.343395471572876
768;0;3;female;30.5;7.75;0;0;Q;Mangan, Miss. Mary;;364850;0.5871210098266602;1;False;false_positive;0.5871210098266602;0.08712100982666016
15;0;3;female;14.0;7.8542;0;0;S;Vestrom, Miss. Hulda Amanda Adolfina;;350406;0.4898283779621124;0;True;true_negative;0.5101716220378876;0.010171622037887573
749;0;1;male;19.0;53.1;1;0;S;Marvin, Mr. Daniel Warner;D30;113773;0.670916736125946;1;False;false_positive;0.670916736125946;0.17091673612594604
306;1;1;male;0.92;151.55;1;2;S;Allison, Master. Hudson Trevor;C22 C26;113781;0.8551313877105713;1;True;true_positive;0.8551313877105713;0.3551313877105713
872;1;1;female;47.0;52.5542;1;1;S;Beckwith, Mrs. Richard Leonard (Sallie Monypeny);D35;11751;0.7949962615966797;1;True;true_positive;0.7949962615966797;0.2949962615966797
666;0;2;male;32.0;73.5;2;0;S;Hickman, Mr. Lewis;;S.O.C. 14879;0.37231364846229553;0;True;true_negative;0.6276863515377045;0.12768635153770447
555;1;3;female;22.0;7.775;0;0;S;Ohman, Miss. Velin;;347085;0.7669265866279602;1;True;true_positive;0.7669265866279602;0.2669265866279602
27;0;3;male;;7.225;0;0;C;Emir, Mr. Farred Chehab;;2631;0.26691576838493347;0;True;true_negative;0.7330842316150665;0.23308423161506653
537;0;1;male;45.0;26.55;0;0;S;Butt, Major. Archibald Willingham;B38;113050;0.3976215720176697;0;True;true_negative;0.6023784279823303;0.10237842798233032
536;1;2;female;7.0;26.25;0;2;S;Hart, Miss. Eva Miriam;;F.C.C. 13529;0.9012477993965149;1;True;true_positive;0.9012477993965149;0.4012477993965149
356;0;3;male;28.0;9.5;0;0;S;Vanden Steen, Mr. Leo Peter;;345783;0.09602592140436172;0;True;true_negative;0.9039740785956383;0.4039740785956383
668;0;3;male;;7.775;0;0;S;Rommetvedt, Mr. Knud Paust;;312993;0.3431345522403717;0;True;true_negative;0.6568654477596283;0.1568654477596283
495;0;3;male;21.0;8.05;0;0;S;Stanley, Mr. Edward Roland;;A/4 45380;0.2615717351436615;0;True;true_negative;0.7384282648563385;0.2384282648563385
441;1;2;female;45.0;26.25;1;1;S;Hart, Mrs. Benjamin (Esther Ada Bloomfield);;F.C.C. 13529;0.7254246473312378;1;True;true_positive;0.7254246473312378;0.2254246473312378
870;1;3;male;4.0;11.1333;1;1;S;Johnson, Master. Harold Theodor;;347742;0.693793773651123;1;True;true_positive;0.693793773651123;0.19379377365112305
363;0;3;female;45.0;14.4542;0;1;C;Barbara, Mrs. (Catherine David);;2691;0.3329160511493683;0;True;true_negative;0.6670839488506317;0.1670839488506317
468;0;1;male;56.0;26.55;0;0;S;Smart, Mr. John Montgomery;;113792;0.3749578297138214;0;True;true_negative;0.6250421702861786;0.1250421702861786
35;0;1;male;28.0;82.1708;1;0;C;Meyer, Mr. Edgar Joseph;;PC 17604;0.4054580628871918;0;True;true_negative;0.5945419371128082;0.09454193711280823
554;1;3;male;22.0;7.225;0;0;C;"Leeni, Mr. Fahim (""Philip Zenni"")";;2620;0.3036598563194275;0;False;false_negative;0.6963401436805725;0.1963401436805725
891;0;3;male;32.0;7.75;0;0;Q;Dooley, Mr. Patrick;;370376;0.16284243762493134;0;True;true_negative;0.8371575623750687;0.33715756237506866
733;0;2;male;;0.0;0;0;S;Knight, Mr. Robert J;;239855;0.055207230150699615;0;True;true_negative;0.9447927698493004;0.4447927698493004
883;0;3;female;22.0;10.5167;0;0;S;Dahlberg, Miss. Gerda Ulrika;;7552;0.3923078179359436;0;True;true_negative;0.6076921820640564;0.1076921820640564
133;0;3;female;47.0;14.5;1;0;S;Robins, Mrs. Alexander A (Grace Charity Laury);;A/5. 3337;0.4490690529346466;0;True;true_negative;0.5509309470653534;0.050930947065353394
846;0;3;male;42.0;7.55;0;0;S;Abbing, Mr. Anthony;;C.A. 5547;0.3036598563194275;0;True;true_negative;0.6963401436805725;0.1963401436805725
873;0;1;male;33.0;5.0;0;0;S;Carlsson, Mr. Frans Olof;B51 B53 B55;695;0.2509857416152954;0;True;true_negative;0.7490142583847046;0.2490142583847046
618;0;3;female;26.0;16.1;1;0;S;Lobb, Mrs. William Arthur (Cordelia K Stanlick);;A/5. 3336;0.4490690529346466;0;True;true_negative;0.5509309470653534;0.050930947065353394
33;1;3;female;;7.75;0;0;Q;Glynn, Miss. Mary Agatha;;335677;0.5092185735702515;1;True;true_positive;0.5092185735702515;0.009218573570251465
716;0;3;male;19.0;7.65;0;0;S;Soholt, Mr. Peter Andreas Lauritz Andersen;F G73;348124;0.27316468954086304;0;True;true_negative;0.726835310459137;0.22683531045913696
377;1;3;female;22.0;7.25;0;0;S;Landergren, Miss. Aurora Adelia;;C 7077;0.559418797492981;1;True;true_positive;0.559418797492981;0.05941879749298096
797;1;1;female;49.0;25.9292;0;0;S;Leader, Dr. Alice (Farnham);D17;17465;0.4164562225341797;0;False;false_negative;0.5835437774658203;0.08354377746582031
639;0;3;female;41.0;39.6875;0;5;S;Panula, Mrs. Juha (Maria Emilia Ojala);;3101295;0.24351416528224945;0;True;true_negative;0.7564858347177505;0.25648583471775055
308;1;1;female;17.0;108.9;1;0;C;Penasco y Castellana, Mrs. Victor de Satode (Maria Josefa Perez de Soto y Vallejo);C65;PC 17758;0.6199077367782593;1;True;true_positive;0.6199077367782593;0.11990773677825928
491;0;3;male;;19.9667;1;0;S;Hagland, Mr. Konrad Mathias Reiersen;;65304;0.041681356728076935;0;True;true_negative;0.9583186432719231;0.45831864327192307
414;0;2;male;;0.0;0;0;S;Cunningham, Mr. Alfred Fleming;;239853;0.33074188232421875;0;True;true_negative;0.6692581176757812;0.16925811767578125
562;0;3;male;40.0;7.8958;0;0;S;Sivic, Mr. Husein;;349251;0.19586101174354553;0;True;true_negative;0.8041389882564545;0.30413898825645447
890;1;1;male;26.0;30.0;0;0;C;Behr, Mr. Karl Howell;C148;111369;0.40441155433654785;0;False;false_negative;0.5955884456634521;0.09558844566345215
739;0;3;male;;7.8958;0;0;S;Ivanoff, Mr. Kanio;;349201;0.3036598563194275;0;True;true_negative;0.6963401436805725;0.1963401436805725
72;0;3;female;16.0;46.9;5;2;S;Goodwin, Miss. Lillian Amy;;CA 2144;0.18232867121696472;0;True;true_negative;0.8176713287830353;0.3176713287830353
378;0;1;male;27.0;211.5;0;2;C;Widener, Mr. Harry Elkins;C82;113503;0.40006959438323975;0;True;true_negative;0.5999304056167603;0.09993040561676025
576;0;3;male;19.0;14.5;0;0;S;Patchett, Mr. George;;358585;0.1500283181667328;0;True;true_negative;0.8499716818332672;0.3499716818332672
705;0;3;male;26.0;7.8542;1;0;S;Hansen, Mr. Henrik Juul;;350025;0.28188303112983704;0;True;true_negative;0.718116968870163;0.21811696887016296
531;1;2;female;2.0;26.0;1;1;S;Quick, Miss. Phyllis May;;26360;0.8952481150627136;1;True;true_positive;0.8952481150627136;0.3952481150627136
129;1;3;female;;22.3583;1;1;C;Peter, Miss. Anna;F E69;2668;0.5485320091247559;1;True;true_positive;0.5485320091247559;0.04853200912475586
824;1;3;female;27.0;12.475;0;1;S;Moor, Mrs. (Beila);E121;392096;0.5047916769981384;1;True;true_positive;0.5047916769981384;0.004791676998138428
724;0;2;male;50.0;13.0;0;0;S;Hodges, Mr. Henry Price;;250643;0.26691576838493347;0;True;true_negative;0.7330842316150665;0.23308423161506653
164;0;3;male;17.0;8.6625;0;0;S;Calic, Mr. Jovo;;315093;0.06560200452804565;0;True;true_negative;0.9343979954719543;0.43439799547195435
205;1;3;male;18.0;8.05;0;0;S;"Cohen, Mr. Gurshon ""Gus""";;A/5 3540;0.2615717351436615;0;False;false_negative;0.7384282648563385;0.2384282648563385
248;1;2;female;24.0;14.5;0;2;S;Hamalainen, Mrs. William (Anna);;250649;0.5293824672698975;1;True;true_positive;0.5293824672698975;0.02938246726989746
719;0;3;male;;15.5;0;0;Q;McEvoy, Mr. Michael;;36568;0.06784049421548843;0;True;true_negative;0.9321595057845116;0.43215950578451157
541;1;1;female;36.0;71.0;0;2;S;Crosby, Miss. Harriet R;B22;WE/P 5735;0.6199077367782593;1;True;true_positive;0.6199077367782593;0.11990773677825928
874;0;3;male;47.0;9.0;0;0;S;Vander Cruyssen, Mr. Victor;;345765;0.26691576838493347;0;True;true_negative;0.7330842316150665;0.23308423161506653
393;0;3;male;28.0;7.925;2;0;S;Gustafsson, Mr. Johan Birger;;3101277;0.11816232651472092;0;True;true_negative;0.8818376734852791;0.3818376734852791
73;0;2;male;21.0;73.5;0;0;S;Hood, Mr. Ambrose Jr;;S.O.C. 14879;0.15812796354293823;0;True;true_negative;0.8418720364570618;0.34187203645706177
528;0;1;male;;221.7792;0;0;S;Farthing, Mr. John;C95;PC 17483;0.34177297353744507;0;True;true_negative;0.6582270264625549;0.15822702646255493
783;0;1;male;29.0;30.0;0;0;S;Long, Mr. Milton Clyde;D6;113501;0.40775066614151;0;True;true_negative;0.59224933385849;0.09224933385848999
830;1;1;female;62.0;80.0;0;0;;Stone, Mrs. George Nelson (Martha Evelyn);B28;113572;0.927244246006012;1;True;true_positive;0.927244246006012;0.42724424600601196
613;1;3;female;;15.5;1;0;Q;Murphy, Miss. Margaret Jane;;367230;0.5370663404464722;1;True;true_positive;0.5370663404464722;0.03706634044647217
856;1;3;female;18.0;9.35;0;1;S;Aks, Mrs. Sam (Leah Rosen);;392091;0.45713528990745544;0;False;false_negative;0.5428647100925446;0.042864710092544556
663;0;1;male;47.0;25.5875;0;0;S;Colley, Mr. Edward Pomeroy;E58;5727;0.25236353278160095;0;True;true_negative;0.747636467218399;0.24763646721839905
253;0;1;male;62.0;26.55;0;0;S;Stead, Mr. William Thomas;C87;113514;0.38168197870254517;0;True;true_negative;0.6183180212974548;0.11831802129745483
126;1;3;male;12.0;11.2417;1;0;C;Nicola-Yarred, Master. Elias;;2651;0.5051812529563904;1;True;true_positive;0.5051812529563904;0.005181252956390381
504;0;3;female;37.0;9.5875;0;0;S;Laitinen, Miss. Kristina Sofia;;4135;0.34305182099342346;0;True;true_negative;0.6569481790065765;0.15694817900657654
167;1;1;female;;55.0;0;1;S;Chibnall, Mrs. (Edith Martha Bowerman);E33;113505;0.9985496401786804;1;True;true_positive;0.9985496401786804;0.4985496401786804
382;1;3;female;1.0;15.7417;0;2;C;"Nakid, Miss. Maria (""Mary"")";;2653;0.4764399826526642;0;False;false_negative;0.5235600173473358;0.023560017347335815
832;1;2;male;0.83;18.75;1;1;S;Richards, Master. George Sibley;;29106;0.7749751806259155;1;True;true_positive;0.7749751806259155;0.2749751806259155
460;0;3;male;;7.75;0;0;Q;O'Connor, Mr. Maurice;;371060;0.017219869419932365;0;True;true_negative;0.9827801305800676;0.48278013058006763
226;0;3;male;22.0;9.35;0;0;S;Berglund, Mr. Karl Ivar Sven;;PP 4348;0.2615717351436615;0;True;true_negative;0.7384282648563385;0.2384282648563385
563;0;2;male;28.0;13.5;0;0;S;Norman, Mr. Robert Douglas;;218629;0.3036598563194275;0;True;true_negative;0.6963401436805725;0.1963401436805725
675;0;2;male;;0.0;0;0;S;Watson, Mr. Ennis Hastings;;239856;0.33074188232421875;0;True;true_negative;0.6692581176757812;0.16925811767578125
734;0;2;male;23.0;13.0;0;0;S;Berriman, Mr. William John;;28425;0.026289010420441628;0;True;true_negative;0.9737109895795584;0.4737109895795584
589;0;3;male;22.0;8.05;0;0;S;Gilinski, Mr. Eliezer;;14973;0.034841813147068024;0;True;true_negative;0.965158186852932;0.465158186852932
799;0;3;male;30.0;7.2292;0;0;C;Ibrahim Shawah, Mr. Yousseff;;2685;0.10908859968185425;0;True;true_negative;0.8909114003181458;0.39091140031814575
333;0;1;male;38.0;153.4625;0;1;S;Graham, Mr. George Edward;C91;PC 17582;0.43023955821990967;0;True;true_negative;0.5697604417800903;0.06976044178009033
127;0;3;male;;7.75;0;0;Q;McMahon, Mr. Martin;;370372;0.26691576838493347;0;True;true_negative;0.7330842316150665;0.23308423161506653
57;1;2;female;21.0;10.5;0;0;S;Rugg, Miss. Emily;;C.A. 31026;0.7881141304969788;1;True;true_positive;0.7881141304969788;0.28811413049697876
496;0;3;male;;14.4583;0;0;C;Yousseff, Mr. Gerious;;2627;0.26691576838493347;0;True;true_negative;0.7330842316150665;0.23308423161506653
604;0;3;male;44.0;8.05;0;0;S;Torber, Mr. Ernst William;;364511;0.26691576838493347;0;True;true_negative;0.7330842316150665;0.23308423161506653
99;1;2;female;34.0;23.0;0;1;S;Doling, Mrs. John T (Ada Julia Bone);;231919;0.9648255109786987;1;True;true_positive;0.9648255109786987;0.46482551097869873
249;1;1;male;37.0;52.5542;1;1;S;Beckwith, Mr. Richard Leonard;D35;11751;0.36461180448532104;0;False;false_negative;0.635388195514679;0.13538819551467896
575;0;3;male;16.0;8.05;0;0;S;Rush, Mr. Alfred George John;;A/4. 20589;0.3036598563194275;0;True;true_negative;0.6963401436805725;0.1963401436805725
439;0;1;male;64.0;263.0;1;4;S;Fortune, Mr. Mark;C23 C25 C27;19950;0.3838070333003998;0;True;true_negative;0.6161929666996002;0.11619296669960022
861;0;3;male;41.0;14.1083;2;0;S;Hansen, Mr. Claus Peter;;350026;0.3036598563194275;0;True;true_negative;0.6963401436805725;0.1963401436805725
567;0;3;male;19.0;7.8958;0;0;S;Stoytcheff, Mr. Ilia;;349205;0.0877610594034195;0;True;true_negative;0.9122389405965805;0.4122389405965805
214;0;2;male;30.0;13.0;0;0;S;Givard, Mr. Hans Kristensen;;250646;0.26691576838493347;0;True;true_negative;0.7330842316150665;0.23308423161506653
653;0;3;male;21.0;8.4333;0;0;S;Kalvik, Mr. Johannes Halvorsen;;8475;0.04221804067492485;0;True;true_negative;0.9577819593250751;0.45778195932507515
564;0;3;male;;8.05;0;0;S;Simmons, Mr. John;;SOTON/OQ 392082;0.1184602752327919;0;True;true_negative;0.8815397247672081;0.3815397247672081
649;0;3;male;;7.55;0;0;S;Willey, Mr. Edward;;S.O./P.P. 751;0.26691576838493347;0;True;true_negative;0.7330842316150665;0.23308423161506653
2;1;1;female;38.0;71.2833;1;0;C;Cumings, Mrs. John Bradley (Florence Briggs Thayer);C85;PC 17599;0.8216896057128906;1;True;true_positive;0.8216896057128906;0.3216896057128906
422;0;3;male;21.0;7.7333;0;0;Q;Charters, Mr. David;;A/5. 13032;0.3036598563194275;0;True;true_negative;0.6963401436805725;0.1963401436805725
674;1;2;male;31.0;13.0;0;0;S;Wilhelms, Mr. Charles;;244270;0.3036598563194275;0;False;false_negative;0.6963401436805725;0.1963401436805725
119;0;1;male;24.0;247.5208;0;1;C;Baxter, Mr. Quigg Edmond;B58 B60;PC 17558;0.3845689594745636;0;True;true_negative;0.6154310405254364;0.1154310405254364
61;0;3;male;22.0;7.2292;0;0;C;Sirayanian, Mr. Orsen;;2669;0.17770330607891083;0;True;true_negative;0.8222966939210892;0.3222966939210892
37;1;3;male;;7.2292;0;0;C;Mamee, Mr. Hanna;;2677;0.26691576838493347;0;False;false_negative;0.7330842316150665;0.23308423161506653
708;1;1;male;42.0;26.2875;0;0;S;Calderhead, Mr. Edward Pennington;E24;PC 17476;0.3578166663646698;0;False;false_negative;0.6421833336353302;0.1421833336353302
703;0;3;female;18.0;14.4542;0;1;C;Barbara, Miss. Saiide;;2691;0.4490690529346466;0;True;true_negative;0.5509309470653534;0.050930947065353394
529;0;3;male;39.0;7.925;0;0;S;Salonen, Mr. Johan Werner;;3101296;0.3036598563194275;0;True;true_negative;0.6963401436805725;0.1963401436805725
63;0;1;male;45.0;83.475;1;0;S;Harris, Mr. Henry Birkhardt;C83;36973;0.4055383503437042;0;True;true_negative;0.5944616496562958;0.09446164965629578
315;0;2;male;43.0;26.25;1;1;S;Hart, Mr. Benjamin;;F.C.C. 13529;0.09335553646087646;0;True;true_negative;0.9066444635391235;0.40664446353912354
742;0;1;male;36.0;78.85;1;0;S;Cavendish, Mr. Tyrell William;C46;19877;0.43023955821990967;0;True;true_negative;0.5697604417800903;0.06976044178009033
290;1;3;female;22.0;7.75;0;0;Q;Connolly, Miss. Kate;;370373;0.5871210098266602;1;True;true_positive;0.5871210098266602;0.08712100982666016
90;0;3;male;24.0;8.05;0;0;S;Celotti, Mr. Francesco;;343275;0.0877610594034195;0;True;true_negative;0.9122389405965805;0.4122389405965805
367;1;1;female;60.0;75.25;1;0;C;Warren, Mrs. Frank Manley (Anna Sophia Atkinson);D37;110813;0.8923070430755615;1;True;true_positive;0.8923070430755615;0.3923070430755615
74;0;3;male;26.0;14.4542;1;0;C;Chronopoulos, Mr. Apostolos;;2680;0.28188303112983704;0;True;true_negative;0.718116968870163;0.21811696887016296
744;0;3;male;24.0;16.1;1;0;S;McNamee, Mr. Neal;;376566;0.05302929878234863;0;True;true_negative;0.9469707012176514;0.44697070121765137
682;1;1;male;27.0;76.7292;0;0;C;Hassab, Mr. Hammad;D49;PC 17572;0.4661344587802887;0;False;false_negative;0.5338655412197113;0.033865541219711304
96;0;3;male;;8.05;0;0;S;Shorney, Mr. Charles Joseph;;374910;0.19586101174354553;0;True;true_negative;0.8041389882564545;0.30413898825645447
14;0;3;male;39.0;31.275;1;5;S;Andersson, Mr. Anders Johan;;347082;0.16187794506549835;0;True;true_negative;0.8381220549345016;0.33812205493450165
240;0;2;male;33.0;12.275;0;0;S;Hunt, Mr. George Henry;;SCO/W 1585;0.12187033146619797;0;True;true_negative;0.878129668533802;0.37812966853380203
406;0;2;male;34.0;21.0;1;0;S;Gale, Mr. Shadrach;;28664;0.3036598563194275;0;True;true_negative;0.6963401436805725;0.1963401436805725
707;1;2;female;45.0;13.5;0;0;S;"Kelly, Mrs. Florence ""Fannie""";;223596;0.5293824672698975;1;True;true_positive;0.5293824672698975;0.02938246726989746
695;0;1;male;60.0;26.55;0;0;S;Weir, Col. John;;113800;0.1196078285574913;0;True;true_negative;0.8803921714425087;0.3803921714425087
275;1;3;female;;7.75;0;0;Q;"Healy, Miss. Hanora ""Nora""";;370375;0.4490690529346466;0;False;false_negative;0.5509309470653534;0.050930947065353394
762;0;3;male;41.0;7.125;0;0;S;Nirva, Mr. Iisakki Antino Aijo;;SOTON/O2 3101272;0.26691576838493347;0;True;true_negative;0.7330842316150665;0.23308423161506653
321;0;3;male;22.0;7.25;0;0;S;Dennis, Mr. Samuel;;A/5 21172;0.2615717351436615;0;True;true_negative;0.7384282648563385;0.2384282648563385
23;1;3;female;15.0;8.0292;0;0;Q;"McGowan, Miss. Anna ""Annie""";;330923;0.5549163222312927;1;True;true_positive;0.5549163222312927;0.054916322231292725
544;1;2;male;32.0;26.0;1;0;S;Beane, Mr. Edward;;2908;0.1310340166091919;0;False;false_negative;0.8689659833908081;0.3689659833908081
683;0;3;male;20.0;9.225;0;0;S;Olsvigen, Mr. Thor Anderson;;6563;0.07608801126480103;0;True;true_negative;0.923911988735199;0.423911988735199
86;1;3;female;33.0;15.85;3;0;S;Backstrom, Mrs. Karl Alfred (Maria Mathilda Gustafsson);;3101278;0.5259582996368408;1;True;true_positive;0.5259582996368408;0.02595829963684082
354;0;3;male;25.0;17.8;1;0;S;Arnold-Franchi, Mr. Josef;;349237;0.08943977952003479;0;True;true_negative;0.9105602204799652;0.4105602204799652
178;0;1;female;50.0;28.7125;0;0;C;Isham, Miss. Ann Elizabeth;C49;PC 17595;0.5293824672698975;1;False;false_positive;0.5293824672698975;0.02938246726989746
6;0;3;male;;8.4583;0;0;Q;Moran, Mr. James;;330877;0.06160682439804077;0;True;true_negative;0.9383931756019592;0.43839317560195923
815;0;3;male;30.5;8.05;0;0;S;Tomlin, Mr. Ernest Portage;;364499;0.19579744338989258;0;True;true_negative;0.8042025566101074;0.3042025566101074
48;1;3;female;;7.75;0;0;Q;O'Driscoll, Miss. Bridget;;14311;0.5871210098266602;1;True;true_positive;0.5871210098266602;0.08712100982666016
516;0;1;male;47.0;34.0208;0;0;S;Walker, Mr. William Anderson;D46;36967;0.36461180448532104;0;True;true_negative;0.635388195514679;0.13538819551467896
383;0;3;male;32.0;7.925;0;0;S;Tikkanen, Mr. Juho;;STON/O 2. 3101293;0.19579744338989258;0;True;true_negative;0.8042025566101074;0.3042025566101074
359;1;3;female;;7.8792;0;0;Q;McGovern, Miss. Mary;;330931;0.4490690529346466;0;False;false_negative;0.5509309470653534;0.050930947065353394
84;0;1;male;28.0;47.1;0;0;S;Carrau, Mr. Francisco M;;113059;0.2447698712348938;0;True;true_negative;0.7552301287651062;0.2552301287651062
579;0;3;female;;14.4583;1;0;C;Caram, Mrs. Joseph (Maria Elias);;2689;0.48153603076934814;0;True;true_negative;0.5184639692306519;0.018463969230651855
201;0;3;male;28.0;9.5;0;0;S;Vande Walle, Mr. Nestor Cyriel;;345770;0.3036598563194275;0;True;true_negative;0.6963401436805725;0.1963401436805725
671;1;2;female;40.0;39.0;1;1;S;Brown, Mrs. Thomas William Solomon (Elizabeth Catherine Ford);;29750;0.9189252853393555;1;True;true_positive;0.9189252853393555;0.41892528533935547
92;0;3;male;20.0;7.8542;0;0;S;Andreasson, Mr. Paul Edvin;;347466;0.2615717351436615;0;True;true_negative;0.7384282648563385;0.2384282648563385
352;0;1;male;;35.0;0;0;S;Williams-Lambert, Mr. Fletcher Fellows;C128;113510;0.4435673952102661;0;True;true_negative;0.5564326047897339;0.05643260478973389
842;0;2;male;16.0;10.5;0;0;S;Mudd, Mr. Thomas Charles;;S.O./P.P. 3;0.18864329159259796;0;True;true_negative;0.811356708407402;0.31135670840740204
620;0;2;male;26.0;10.5;0;0;S;Gavey, Mr. Lawrence;;31028;0.13028250634670258;0;True;true_negative;0.8697174936532974;0.3697174936532974
242;1;3;female;;15.5;1;0;Q;"Murphy, Miss. Katherine ""Kate""";;367230;0.4490690529346466;0;False;false_negative;0.5509309470653534;0.050930947065353394
189;0;3;male;40.0;15.5;1;1;Q;Bourke, Mr. John;;364849;0.07607786357402802;0;True;true_negative;0.923922136425972;0.423922136425972
810;1;1;female;33.0;53.1;1;0;S;Chambers, Mrs. Norman Campbell (Bertha Griggs);E8;113806;0.9985496401786804;1;True;true_positive;0.9985496401786804;0.4985496401786804
159;0;3;male;;8.6625;0;0;S;Smiljanic, Mr. Mile;;315037;0.09602592140436172;0;True;true_negative;0.9039740785956383;0.4039740785956383
454;1;1;male;49.0;89.1042;1;0;C;Goldenberg, Mr. Samuel L;C92;17453;0.3008842170238495;0;False;false_negative;0.6991157829761505;0.1991157829761505
140;0;1;male;24.0;79.2;0;0;C;Giglio, Mr. Victor;B86;PC 17593;0.43023955821990967;0;True;true_negative;0.5697604417800903;0.06976044178009033
4;1;1;female;35.0;53.1;1;0;S;Futrelle, Mrs. Jacques Heath (Lily May Peel);C123;113803;0.9775591492652893;1;True;true_positive;0.9775591492652893;0.4775591492652893
532;0;3;male;;7.2292;0;0;C;Toufik, Mr. Nakli;;2641;0.26691576838493347;0;True;true_negative;0.7330842316150665;0.23308423161506653
498;0;3;male;;15.1;0;0;S;Shellard, Mr. Frederick William;;C.A. 6212;0.3036598563194275;0;True;true_negative;0.6963401436805725;0.1963401436805725
455;0;3;male;;8.05;0;0;S;Peduzzi, Mr. Joseph;;A/5 2817;0.19586101174354553;0;True;true_negative;0.8041389882564545;0.30413898825645447
245;0;3;male;30.0;7.225;0;0;C;Attalah, Mr. Sleiman;;2694;0.12879547476768494;0;True;true_negative;0.8712045252323151;0.37120452523231506
88;0;3;male;;8.05;0;0;S;Slocovski, Mr. Selman Francis;;SOTON/OQ 392086;0.09602592140436172;0;True;true_negative;0.9039740785956383;0.4039740785956383
195;1;1;female;44.0;27.7208;0;0;C;Brown, Mrs. James Joseph (Margaret Tobin);B4;PC 17610;0.7254246473312378;1;True;true_positive;0.7254246473312378;0.2254246473312378
494;0;1;male;71.0;49.5042;0;0;C;Artagaveytia, Mr. Ramon;;PC 17609;0.2487192004919052;0;True;true_negative;0.7512807995080948;0.2512807995080948
484;1;3;female;63.0;9.5875;0;0;S;Turkula, Mrs. (Hedwig);;4134;0.3361506760120392;0;False;false_negative;0.6638493239879608;0.16384932398796082
828;1;2;male;1.0;37.0042;0;2;C;Mallet, Master. Andre;;S.C./PARIS 2079;0.9427422285079956;1;True;true_positive;0.9427422285079956;0.4427422285079956
876;1;3;female;15.0;7.225;0;0;C;"Najib, Miss. Adele Kiamie ""Jane""";;2667;0.5092185735702515;1;True;true_positive;0.5092185735702515;0.009218573570251465
641;0;3;male;20.0;7.8542;0;0;S;Jensen, Mr. Hans Peder;;350050;0.2615717351436615;0;True;true_negative;0.7384282648563385;0.2384282648563385
339;1;3;male;45.0;8.05;0;0;S;Dahl, Mr. Karl Edwart;;7598;0.19586101174354553;0;False;false_negative;0.8041389882564545;0.30413898825645447
368;1;3;female;;7.2292;0;0;C;Moussa, Mrs. (Mantoura Boulos);;2626;0.6816774606704712;1;True;true_positive;0.6816774606704712;0.1816774606704712
803;1;1;male;11.0;120.0;1;2;S;Carter, Master. William Thornton II;B96 B98;113760;0.6777042150497437;1;True;true_positive;0.6777042150497437;0.17770421504974365
456;1;3;male;29.0;7.8958;0;0;C;Jalsevac, Mr. Ivan;;349240;0.3036598563194275;0;False;false_negative;0.6963401436805725;0.1963401436805725
485;1;1;male;25.0;91.0792;1;0;C;Bishop, Mr. Dickinson H;B49;11967;0.3845689594745636;0;False;false_negative;0.6154310405254364;0.1154310405254364
745;1;3;male;31.0;7.925;0;0;S;Stranden, Mr. Juho;;STON/O 2. 3101288;0.26691576838493347;0;False;false_negative;0.7330842316150665;0.23308423161506653
632;0;3;male;51.0;7.0542;0;0;S;Lundahl, Mr. Johan Svensson;;347743;0.028512660413980484;0;True;true_negative;0.9714873395860195;0.4714873395860195
627;0;2;male;57.0;12.35;0;0;Q;Kirkland, Rev. Charles Leonard;;219533;0.27504152059555054;0;True;true_negative;0.7249584794044495;0.22495847940444946
215;0;3;male;;7.75;1;0;Q;Kiernan, Mr. Philip;;367229;0.3036598563194275;0;True;true_negative;0.6963401436805725;0.1963401436805725
786;0;3;male;25.0;7.25;0;0;S;Harmer, Mr. Abraham (David Lishin);;374887;0.1291973888874054;0;True;true_negative;0.8708026111125946;0.3708026111125946
254;0;3;male;30.0;16.1;1;0;S;Lobb, Mr. William Arthur;;A/5. 3336;0.04025967791676521;0;True;true_negative;0.9597403220832348;0.4597403220832348
202;0;3;male;;69.55;8;2;S;Sage, Mr. Frederick;;CA. 2343;0.048151347786188126;0;True;true_negative;0.9518486522138119;0.4518486522138119
821;1;1;female;52.0;93.5;1;1;S;Hays, Mrs. Charles Melville (Clara Jennings Gregg);B69;12749;0.5293824672698975;1;True;true_positive;0.5293824672698975;0.02938246726989746
104;0;3;male;33.0;8.6542;0;0;S;Johansson, Mr. Gustaf Joel;;7540;0.1262885481119156;0;True;true_negative;0.8737114518880844;0.3737114518880844
220;0;2;male;30.0;10.5;0;0;S;Harris, Mr. Walter;;W/C 14208;0.09285171329975128;0;True;true_negative;0.9071482867002487;0.4071482867002487
134;1;2;female;29.0;26.0;1;0;S;Weisz, Mrs. Leopold (Mathilde Francoise Pede);;228414;0.7934268116950989;1;True;true_positive;0.7934268116950989;0.2934268116950989
427;1;2;female;28.0;26.0;1;0;S;Clarke, Mrs. Charles V (Ada Maria Winfield);;2003;0.8164875507354736;1;True;true_positive;0.8164875507354736;0.31648755073547363
556;0;1;male;62.0;26.55;0;0;S;Wright, Mr. George;;113807;0.3460293710231781;0;True;true_negative;0.6539706289768219;0.1539706289768219
530;0;2;male;23.0;11.5;2;1;S;Hocking, Mr. Richard George;;29104;0.1716390699148178;0;True;true_negative;0.8283609300851822;0.3283609300851822
331;1;3;female;;23.25;2;0;Q;McCoy, Miss. Agnes;;367226;0.4490690529346466;0;False;false_negative;0.5509309470653534;0.050930947065353394
334;0;3;male;16.0;18.0;2;0;S;Vander Planke, Mr. Leo Edmondus;;345764;0.3036598563194275;0;True;true_negative;0.6963401436805725;0.1963401436805725
255;0;3;female;41.0;20.2125;0;2;S;Rosblom, Mrs. Viktor (Helena Wilhelmina);;370129;0.30919554829597473;0;True;true_negative;0.6908044517040253;0.19080445170402527
106;0;3;male;28.0;7.8958;0;0;S;Mionoff, Mr. Stoytcho;;349207;0.19586101174354553;0;True;true_negative;0.8041389882564545;0.30413898825645447
428;1;2;female;19.0;26.0;0;0;S;"Phillips, Miss. Kate Florence (""Mrs Kate Louise Phillips Marshall"")";;250655;0.7934268116950989;1;True;true_positive;0.7934268116950989;0.2934268116950989
12;1;1;female;58.0;26.55;0;0;S;Bonnell, Miss. Elizabeth;C103;113783;0.3068765699863434;0;False;false_negative;0.6931234300136566;0.19312343001365662
662;0;3;male;40.0;7.225;0;0;C;Badt, Mr. Mohamed;;2623;0.11104387789964676;0;True;true_negative;0.8889561221003532;0.38895612210035324
42;0;2;female;27.0;21.0;1;0;S;Turpin, Mrs. William John Robert (Dorothy Ann Wonnacott);;11668;0.7934268116950989;1;False;false_positive;0.7934268116950989;0.2934268116950989
436;1;1;female;14.0;120.0;1;2;S;Carter, Miss. Lucile Polk;B96 B98;113760;0.9382089376449585;1;True;true_positive;0.9382089376449585;0.4382089376449585
553;0;3;male;;7.8292;0;0;Q;O'Brien, Mr. Timothy;;330979;0.19586101174354553;0;True;true_negative;0.8041389882564545;0.30413898825645447
