PassengerId;Survived;Pclass;Sex;Age;Fare;SibSp;Parch;Embarked;Name;Cabin;Ticket;oof_probability;oof_prediction;is_correct;prediction_type;confidence;distance_to_threshold
850;1;1;female;;89.1042;1;0;C;Goldenberg, Mrs. Samuel L (Edwiga Grabowska);C92;17453;0.9720416069030762;1;True;true_positive;0.9720416069030762;0.47204160690307617
262;1;3;male;3.0;31.3875;4;2;S;Asplund, Master. Edvin Rojj Felix;;347077;0.146644726395607;0;False;false_negative;0.853355273604393;0.353355273604393
753;0;3;male;33.0;9.5;0;0;S;Vande Velde, Mr. Johannes Joseph;;345780;0.2511625587940216;0;True;true_negative;0.7488374412059784;0.2488374412059784
538;1;1;female;30.0;106.425;0;0;C;LeRoy, Miss. Bertha;;PC 17761;0.9922268390655518;1;True;true_positive;0.9922268390655518;0.49222683906555176
433;1;2;female;42.0;26.0;1;0;S;Louch, Mrs. Charles Alexander (Alice Adelaide Slow);;SC/AH 3085;0.7671346068382263;1;True;true_positive;0.7671346068382263;0.2671346068382263
289;1;2;male;42.0;13.0;0;0;S;Hosono, Mr. Masabumi;;237798;0.06308863312005997;0;False;false_negative;0.93691136687994;0.43691136687994003
831;1;3;female;15.0;14.4542;1;0;C;Yasbeck, Mrs. Antoni (Selini Alexander);;2659;0.6551504731178284;1;True;true_positive;0.6551504731178284;0.15515047311782837
776;0;3;male;18.0;7.75;0;0;S;Myhrman, Mr. Pehr Fabian Oliver Malkolm;;347078;0.08075284212827682;0;True;true_negative;0.9192471578717232;0.4192471578717232
522;0;3;male;22.0;7.8958;0;0;S;Vovk, Mr. Janko;;349252;0.04936292767524719;0;True;true_negative;0.9506370723247528;0.4506370723247528
40;1;3;female;14.0;11.2417;1;0;C;Nicola-Yarred, Miss. Jamila;;2651;0.5624152421951294;1;True;true_positive;0.5624152421951294;0.062415242195129395
177;0;3;male;;25.4667;3;1;S;Lefebre, Master. Henry Forbes;;4133;0.1284976452589035;0;True;true_negative;0.8715023547410965;0.3715023547410965
793;0;3;female;;69.55;8;2;S;Sage, Miss. Stella Anna;;CA. 2343;0.07738006114959717;0;True;true_negative;0.9226199388504028;0.42261993885040283
329;1;3;female;31.0;20.525;1;1;S;Goldsmith, Mrs. Frank John (Emily Alice Brown);;363291;0.5495867729187012;1;True;true_positive;0.5495867729187012;0.04958677291870117
616;1;2;female;24.0;65.0;1;2;S;Herman, Miss. Alice;;220845;0.8953096270561218;1;True;true_positive;0.8953096270561218;0.3953096270561218
370;1;1;female;24.0;69.3;0;0;C;Aubart, Mme. Leontine Pauline;B35;PC 17477;0.9994884729385376;1;True;true_positive;0.9994884729385376;0.4994884729385376
477;0;2;male;34.0;21.0;1;0;S;Renouf, Mr. Peter Henry;;31027;0.10692422837018967;0;True;true_negative;0.8930757716298103;0.39307577162981033
280;1;3;female;35.0;20.25;1;1;S;Abbott, Mrs. Stanton (Rosa Hunt);;C.A. 2673;0.76953125;1;True;true_positive;0.76953125;0.26953125
5;0;3;male;35.0;8.05;0;0;S;Allen, Mr. William Henry;;373450;0.15200071036815643;0;True;true_negative;0.8479992896318436;0.34799928963184357
798;1;3;female;31.0;8.6833;0;0;S;Osman, Mrs. Mara;;349244;0.3740866482257843;0;False;false_negative;0.6259133517742157;0.1259133517742157
10;1;2;female;14.0;30.0708;1;0;C;Nasser, Mrs. Nicholas (Adele Achem);;237736;0.9648382663726807;1;True;true_positive;0.9648382663726807;0.46483826637268066
326;1;1;female;36.0;135.6333;0;0;C;Young, Miss. Marie Grice;C32;PC 17760;0.995604395866394;1;True;true_positive;0.995604395866394;0.49560439586639404
514;1;1;female;54.0;59.4;1;0;C;Rothschild, Mrs. Martin (Elizabeth L. Barrett);;PC 17603;0.9472706317901611;1;True;true_positive;0.9472706317901611;0.44727063179016113
801;0;2;male;34.0;13.0;0;0;S;Ponesell, Mr. Martin;;250647;0.09180710464715958;0;True;true_negative;0.9081928953528404;0.4081928953528404
474;1;2;female;23.0;13.7917;0;0;C;Jerwan, Mrs. Amin S (Marie Marthe Thuillard);D;SC/AH Basle 541;0.9048151969909668;1;True;true_positive;0.9048151969909668;0.4048151969909668
423;0;3;male;29.0;7.875;0;0;S;Zimmerman, Mr. Leo;;315082;0.17369356751441956;0;True;true_negative;0.8263064324855804;0.32630643248558044
87;0;3;male;16.0;34.375;1;3;S;Ford, Mr. William Neal;;W./C. 6608;0.022861771285533905;0;True;true_negative;0.9771382287144661;0.4771382287144661
629;0;3;male;26.0;7.8958;0;0;S;Bostandyeff, Mr. Guentcho;;349224;0.017754917964339256;0;True;true_negative;0.9822450820356607;0.48224508203566074
43;0;3;male;;7.8958;0;0;C;Kraeff, Mr. Theodor;;349253;0.2062164843082428;0;True;true_negative;0.7937835156917572;0.2937835156917572
743;1;1;female;21.0;262.375;2;2;C;"Ryerson, Miss. Susan Parker ""Suzette""";B57 B59 B63 B66;PC 17608;0.7262086272239685;1;True;true_positive;0.7262086272239685;0.2262086272239685
837;0;3;male;21.0;8.6625;0;0;S;Pasic, Mr. Jakob;;315097;0.0066855289041996;0;True;true_negative;0.9933144710958004;0.4933144710958004
611;0;3;female;39.0;31.275;1;5;S;Andersson, Mrs. Anders Johan (Alfrida Konstantia Brogren);;347082;0.52158123254776;1;False;false_positive;0.52158123254776;0.02158123254776001
174;0;3;male;21.0;7.925;0;0;S;Sivola, Mr. Antti Wilhelm;;STON/O 2. 3101280;0.12249167263507843;0;True;true_negative;0.8775083273649216;0.37750832736492157
125;0;1;male;54.0;77.2875;0;1;S;White, Mr. Percival Wayland;D26;35281;0.11802267283201218;0;True;true_negative;0.8819773271679878;0.3819773271679878
747;0;3;male;16.0;20.25;1;1;S;Abbott, Mr. Rossmore Edward;;C.A. 2673;0.07812755554914474;0;True;true_negative;0.9218724444508553;0.42187244445085526
313;0;2;female;26.0;26.0;1;1;S;Lahtinen, Mrs. William (Anna Sylfven);;250651;0.8972635269165039;1;False;false_positive;0.8972635269165039;0.3972635269165039
410;0;3;female;;25.4667;3;1;S;Lefebre, Miss. Ida;;4133;0.016995728015899658;0;True;true_negative;0.9830042719841003;0.48300427198410034
244;0;3;male;22.0;7.125;0;0;S;Maenpaa, Mr. Matti Alexanteri;;STON/O 2. 3101275;0.17659561336040497;0;True;true_negative;0.823404386639595;0.32340438663959503
560;1;3;female;36.0;17.4;1;0;S;de Messemaeker, Mrs. Guillaume Joseph (Emma);;345572;0.6869232654571533;1;True;true_positive;0.6869232654571533;0.18692326545715332
293;0;2;male;36.0;12.875;0;0;C;Levy, Mr. Rene Jacques;D;SC/Paris 2163;0.2530953884124756;0;True;true_negative;0.7469046115875244;0.24690461158752441
446;1;1;male;4.0;81.8583;0;2;S;Dodge, Master. Washington;A34;33638;0.9028779864311218;1;True;true_positive;0.9028779864311218;0.4028779864311218
413;1;1;female;33.0;90.0;1;0;Q;Minahan, Miss. Daisy E;C78;19928;0.9594109654426575;1;True;true_positive;0.9594109654426575;0.45941096544265747
615;0;3;male;35.0;8.05;0;0;S;Brocklebank, Mr. William Alfred;;364512;0.10993187874555588;0;True;true_negative;0.8900681212544441;0.3900681212544441
651;0;3;male;;7.8958;0;0;S;Mitkoff, Mr. Mito;;349221;0.09399537742137909;0;True;true_negative;0.9060046225786209;0.4060046225786209
46;0;3;male;;8.05;0;0;S;Rogers, Mr. William John;;S.C./A.4. 23567;0.09645603597164154;0;True;true_negative;0.9035439640283585;0.40354396402835846
349;1;3;male;3.0;15.9;1;1;S;"Coutts, Master. William Loch ""William""";;C.A. 37671;0.8628748059272766;1;True;true_positive;0.8628748059272766;0.3628748059272766
107;1;3;female;21.0;7.65;0;0;S;Salkjelsvik, Miss. Anna Kristine;;343120;0.5038085579872131;1;True;true_positive;0.5038085579872131;0.0038085579872131348
341;1;2;male;2.0;26.0;1;1;S;Navratil, Master. Edmond Roger;F2;230080;0.9863135814666748;1;True;true_positive;0.9863135814666748;0.4863135814666748
634;0;1;male;;0.0;0;0;S;Parr, Mr. William Henry Marsh;;112052;0.10897587239742279;0;True;true_negative;0.8910241276025772;0.3910241276025772
425;0;3;male;18.0;20.2125;1;1;S;Rosblom, Mr. Viktor Richard;;370129;0.007706239819526672;0;True;true_negative;0.9922937601804733;0.4922937601804733
817;0;3;female;23.0;7.925;0;0;S;Heininen, Miss. Wendla Maria;;STON/O2. 3101290;0.7032868266105652;1;False;false_positive;0.7032868266105652;0.20328682661056519
357;1;1;female;22.0;55.0;0;1;S;Bowerman, Miss. Elsie Edith;E33;113505;0.9874279499053955;1;True;true_positive;0.9874279499053955;0.4874279499053955
417;1;2;female;34.0;32.5;1;1;S;Drew, Mrs. James Vivian (Lulu Thorne Christian);;28220;0.968805730342865;1;True;true_positive;0.968805730342865;0.468805730342865
150;0;2;male;42.0;13.0;0;0;S;Byles, Rev. Thomas Roussel Davids;;244310;0.41027799248695374;0;True;true_negative;0.5897220075130463;0.08972200751304626
599;0;3;male;;7.225;0;0;C;Boulos, Mr. Hanna;;2664;0.13622160255908966;0;True;true_negative;0.8637783974409103;0.36377839744091034
11;1;3;female;4.0;16.7;1;1;S;Sandstrom, Miss. Marguerite Rut;G6;PP 9549;0.9312789440155029;1;True;true_positive;0.9312789440155029;0.43127894401550293
343;0;2;male;28.0;13.0;0;0;S;Collander, Mr. Erik Gustaf;;248740;0.10960647463798523;0;True;true_negative;0.8903935253620148;0.39039352536201477
60;0;3;male;11.0;46.9;5;2;S;Goodwin, Master. William Frederick;;CA 2144;0.011144275777041912;0;True;true_negative;0.9888557242229581;0.4888557242229581
269;1;1;female;58.0;153.4625;0;1;S;Graham, Mrs. William Thompson (Edith Junkins);C125;PC 17582;0.8547926545143127;1;True;true_positive;0.8547926545143127;0.35479265451431274
551;1;1;male;17.0;110.8833;0;2;C;Thayer, Mr. John Borland Jr;C70;17421;0.13870097696781158;0;False;false_negative;0.8612990230321884;0.3612990230321884
54;1;2;female;29.0;26.0;1;0;S;Faunthorpe, Mrs. Lizzie (Elizabeth Anne Wilkinson);;2926;0.8912778496742249;1;True;true_positive;0.8912778496742249;0.39127784967422485
401;1;3;male;39.0;7.925;0;0;S;Niskanen, Mr. Juha;;STON/O 2. 3101289;0.013208420015871525;0;False;false_negative;0.9867915799841285;0.4867915799841285
610;1;1;female;40.0;153.4625;0;0;S;Shutes, Miss. Elizabeth W;C125;PC 17582;0.956619381904602;1;True;true_positive;0.956619381904602;0.45661938190460205
540;1;1;female;22.0;49.5;0;2;C;Frolicher, Miss. Hedwig Margaritha;B39;13568;0.9875580072402954;1;True;true_positive;0.9875580072402954;0.4875580072402954
524;1;1;female;44.0;57.9792;0;1;C;Hippach, Mrs. Louis Albert (Ida Sophia Fischer);B18;111361;0.987647533416748;1;True;true_positive;0.987647533416748;0.48764753341674805
851;0;3;male;4.0;31.275;4;2;S;Andersson, Master. Sigvard Harald Elias;;347082;0.15938451886177063;0;True;true_negative;0.8406154811382294;0.34061548113822937
402;0;3;male;26.0;8.05;0;0;S;Adams, Mr. John;;341826;0.05695054307579994;0;True;true_negative;0.9430494569242001;0.44304945692420006
767;0;1;male;;39.6;0;0;C;Brewe, Dr. Arthur Jackson;;112379;0.47220009565353394;0;True;true_negative;0.5277999043464661;0.027799904346466064
533;0;3;male;17.0;7.2292;1;1;C;Elias, Mr. Joseph Jr;;2690;0.10593114793300629;0;True;true_negative;0.8940688520669937;0.3940688520669937
270;1;1;female;35.0;135.6333;0;0;S;Bissette, Miss. Amelia;C99;PC 17760;0.9895191192626953;1;True;true_positive;0.9895191192626953;0.4895191192626953
166;1;3;male;9.0;20.525;0;2;S;"Goldsmith, Master. Frank John William ""Frankie""";;363291;0.5032989978790283;1;True;true_positive;0.5032989978790283;0.0032989978790283203
320;1;1;female;40.0;134.5;1;1;C;Spedden, Mrs. Frederic Oakley (Margaretta Corning Stone);E34;16966;0.9737975001335144;1;True;true_positive;0.9737975001335144;0.4737975001335144
520;0;3;male;32.0;7.8958;0;0;S;Pavlovic, Mr. Stefo;;349242;0.10204529017210007;0;True;true_negative;0.8979547098278999;0.39795470982789993
108;1;3;male;;7.775;0;0;S;Moss, Mr. Albert Johan;;312991;0.09161476045846939;0;False;false_negative;0.9083852395415306;0.4083852395415306
888;1;1;female;19.0;30.0;0;0;S;Graham, Miss. Margaret Edith;B42;112053;0.9848979115486145;1;True;true_positive;0.9848979115486145;0.4848979115486145
709;1;1;female;22.0;151.55;0;0;S;Cleaver, Miss. Alice;;113781;0.922904372215271;1;True;true_positive;0.922904372215271;0.422904372215271
396;0;3;male;22.0;7.7958;0;0;S;Johansson, Mr. Erik;;350052;0.11641394346952438;0;True;true_negative;0.8835860565304756;0.3835860565304756
715;0;2;male;52.0;13.0;0;0;S;Greenberg, Mr. Samuel;;250647;0.11502160876989365;0;True;true_negative;0.8849783912301064;0.38497839123010635
771;0;3;male;24.0;9.5;0;0;S;Lievens, Mr. Rene Aime;;345781;0.03283138945698738;0;True;true_negative;0.9671686105430126;0.4671686105430126
731;1;1;female;29.0;211.3375;0;0;S;Allen, Miss. Elisabeth Walton;B5;24160;0.9521569013595581;1;True;true_positive;0.9521569013595581;0.4521569013595581
358;0;2;female;38.0;13.0;0;0;S;Funk, Miss. Annie Clemmer;;237671;0.878394603729248;1;False;false_positive;0.878394603729248;0.37839460372924805
655;0;3;female;18.0;6.75;0;0;Q;"Hegarty, Miss. Hanora ""Nora""";;365226;0.604110836982727;1;False;false_positive;0.604110836982727;0.10411083698272705
746;0;1;male;70.0;71.0;1;1;S;Crosby, Capt. Edward Gifford;B22;WE/P 5735;0.49633702635765076;0;True;true_negative;0.5036629736423492;0.003662973642349243
26;1;3;female;38.0;31.3875;1;5;S;Asplund, Mrs. Carl Oscar (Selma Augusta Emilia Johansson);;347077;0.10053353011608124;0;False;false_negative;0.8994664698839188;0.39946646988391876
152;1;1;female;22.0;66.6;1;0;S;Pears, Mrs. Thomas (Edith Wearne);C2;113776;0.9896823763847351;1;True;true_positive;0.9896823763847351;0.4896823763847351
415;1;3;male;44.0;7.925;0;0;S;Sundman, Mr. Johan Julian;;STON/O 2. 3101269;0.07855439186096191;0;False;false_negative;0.9214456081390381;0.4214456081390381
623;1;3;male;20.0;15.7417;1;1;C;Nakid, Mr. Sahid;;2653;0.03149692341685295;0;False;false_negative;0.968503076583147;0.46850307658314705
476;0;1;male;;52.0;0;0;S;Clifford, Mr. George Quincy;A14;110465;0.3913879692554474;0;True;true_negative;0.6086120307445526;0.10861203074455261
405;0;3;female;20.0;8.6625;0;0;S;Oreskovic, Miss. Marija;;315096;0.4219187796115875;0;True;true_negative;0.5780812203884125;0.07808122038841248
595;0;2;male;37.0;26.0;1;0;S;Chapman, Mr. John Henry;;SC/AH 29037;0.1045236885547638;0;True;true_negative;0.8954763114452362;0.3954763114452362
336;0;3;male;;7.8958;0;0;S;Denkoff, Mr. Mitto;;349225;0.12208403646945953;0;True;true_negative;0.8779159635305405;0.37791596353054047
687;0;3;male;14.0;39.6875;4;1;S;Panula, Mr. Jaako Arnold;;3101295;0.0510752834379673;0;True;true_negative;0.9489247165620327;0.4489247165620327
694;0;3;male;25.0;7.225;0;0;C;Saad, Mr. Khalil;;2672;0.33568671345710754;0;True;true_negative;0.6643132865428925;0.16431328654289246
3;1;3;female;26.0;7.925;0;0;S;Heikkinen, Miss. Laina;;STON/O2. 3101282;0.2669250965118408;0;False;false_negative;0.7330749034881592;0.23307490348815918
805;1;3;male;27.0;6.975;0;0;S;Hedman, Mr. Oskar Arvid;;347089;0.10413815826177597;0;False;false_negative;0.895861841738224;0.39586184173822403
512;0;3;male;;8.05;0;0;S;Webber, Mr. James;;SOTON/OQ 3101316;0.10676321387290955;0;True;true_negative;0.8932367861270905;0.39323678612709045
822;1;3;male;27.0;8.6625;0;0;S;Lulic, Mr. Nikola;;315098;0.06079420447349548;0;False;false_negative;0.9392057955265045;0.4392057955265045
116;0;3;male;21.0;7.925;0;0;S;Pekoniemi, Mr. Edvard;;STON/O 2. 3101294;0.09361781924962997;0;True;true_negative;0.90638218075037;0.40638218075037
738;1;1;male;35.0;512.3292;0;0;C;Lesurer, Mr. Gustave J;B101;PC 17755;0.7871692180633545;1;True;true_positive;0.7871692180633545;0.2871692180633545
56;1;1;male;;35.5;0;0;S;Woolner, Mr. Hugh;C52;19947;0.28033140301704407;0;False;false_negative;0.7196685969829559;0.21966859698295593
268;1;3;male;25.0;7.775;1;0;S;Persson, Mr. Ernst Ulrik;;347083;0.07788034528493881;0;False;false_negative;0.9221196547150612;0.4221196547150612
505;1;1;female;16.0;86.5;0;0;S;Maioni, Miss. Roberta;B79;110152;0.9928476810455322;1;True;true_positive;0.9928476810455322;0.4928476810455322
276;1;1;female;63.0;77.9583;1;0;S;Andrews, Miss. Kornelia Theodosia;D7;13502;0.9717546701431274;1;True;true_positive;0.9717546701431274;0.47175467014312744
849;0;2;male;28.0;33.0;0;1;S;Harper, Rev. John;;248727;0.42140069603919983;0;True;true_negative;0.5785993039608002;0.07859930396080017
800;0;3;female;30.0;24.15;1;1;S;Van Impe, Mrs. Jean Baptiste (Rosalie Paula Govaert);;345773;0.20750761032104492;0;True;true_negative;0.7924923896789551;0.2924923896789551
97;0;1;male;71.0;34.6542;0;0;C;Goldschmidt, Mr. George B;A5;PC 17754;0.17857688665390015;0;True;true_negative;0.8214231133460999;0.32142311334609985
463;0;1;male;47.0;38.5;0;0;S;Gee, Mr. Arthur H;E63;111320;0.25797104835510254;0;True;true_negative;0.7420289516448975;0.24202895164489746
503;0;3;female;;7.6292;0;0;Q;O'Sullivan, Miss. Bridget Mary;;330909;0.8041236996650696;1;False;false_positive;0.8041236996650696;0.3041236996650696
769;0;3;male;;24.15;1;0;Q;Moran, Mr. Daniel J;;371110;0.0028444472700357437;0;True;true_negative;0.9971555527299643;0.49715555272996426
332;0;1;male;45.5;28.5;0;0;S;Partner, Mr. Austen;C124;113043;0.2661502957344055;0;True;true_negative;0.7338497042655945;0.23384970426559448
534;1;3;female;;22.3583;0;2;C;Peter, Mrs. Catherine (Catherine Rizk);;2668;0.7465711832046509;1;True;true_positive;0.7465711832046509;0.24657118320465088
804;1;3;male;0.42;8.5167;0;1;C;Thomas, Master. Assad Alexander;;2625;0.9882887601852417;1;True;true_positive;0.9882887601852417;0.4882887601852417
679;0;3;female;43.0;46.9;1;6;S;Goodwin, Mrs. Frederick (Augusta Tyler);;CA 2144;0.15124168992042542;0;True;true_negative;0.8487583100795746;0.3487583100795746
420;0;3;female;10.0;24.15;0;2;S;Van Impe, Miss. Catharina;;345773;0.36394673585891724;0;True;true_negative;0.6360532641410828;0.13605326414108276
458;1;1;female;;51.8625;1;0;S;Kenyon, Mrs. Frederick R (Marion);D21;17464;0.9948793649673462;1;True;true_positive;0.9948793649673462;0.4948793649673462
444;1;2;female;28.0;13.0;0;0;S;Reynaldo, Ms. Encarnacion;;230434;0.7917381525039673;1;True;true_positive;0.7917381525039673;0.2917381525039673
223;0;3;male;51.0;8.05;0;0;S;Green, Mr. George Henry;;21440;0.10316713154315948;0;True;true_negative;0.8968328684568405;0.3968328684568405
41;0;3;female;40.0;9.475;1;0;S;Ahlin, Mrs. Johan (Johanna Persdotter Larsson);;7546;0.46686655282974243;0;True;true_negative;0.5331334471702576;0.03313344717025757
640;0;3;male;;16.1;1;0;S;Thorneycroft, Mr. Percival;;376564;0.11103499680757523;0;True;true_negative;0.8889650031924248;0.3889650031924248
216;1;1;female;31.0;113.275;1;0;C;Newell, Miss. Madeleine;D36;35273;0.9979709982872009;1;True;true_positive;0.9979709982872009;0.4979709982872009
650;1;3;female;23.0;7.55;0;0;S;Stanley, Miss. Amy Zillah Elsie;;CA. 2314;0.7019696235656738;1;True;true_positive;0.7019696235656738;0.20196962356567383
527;1;2;female;50.0;10.5;0;0;S;Ridsdale, Miss. Lucy;;W./C. 14258;0.818274736404419;1;True;true_positive;0.818274736404419;0.31827473640441895
44;1;2;female;3.0;41.5792;1;2;C;Laroche, Miss. Simonne Marie Anne Andree;;SC/Paris 2123;0.9195820093154907;1;True;true_positive;0.9195820093154907;0.4195820093154907
442;0;3;male;20.0;9.5;0;0;S;Hampe, Mr. Leon;;345769;0.03273448348045349;0;True;true_negative;0.9672655165195465;0.4672655165195465
24;1;1;male;28.0;35.5;0;0;S;Sloper, Mr. William Thompson;A6;113788;0.22916057705879211;0;False;false_negative;0.7708394229412079;0.2708394229412079
713;1;1;male;48.0;52.0;1;0;S;Taylor, Mr. Elmer Zebley;C126;19996;0.15671870112419128;0;False;false_negative;0.8432812988758087;0.3432812988758087
465;0;3;male;;8.05;0;0;S;Maisner, Mr. Simon;;A/S 2816;0.09645603597164154;0;True;true_negative;0.9035439640283585;0.40354396402835846
565;0;3;female;;8.05;0;0;S;Meanwell, Miss. (Marion Ogden);;SOTON/O.Q. 392087;0.6105189323425293;1;False;false_positive;0.6105189323425293;0.1105189323425293
584;0;1;male;36.0;40.125;0;0;C;Ross, Mr. John Hugo;A10;13049;0.4997049570083618;0;True;true_negative;0.5002950429916382;0.0002950429916381836
845;0;3;male;17.0;8.6625;0;0;S;Culumovic, Mr. Jeso;;315090;0.08272523432970047;0;True;true_negative;0.9172747656702995;0.41727476567029953
865;0;2;male;24.0;13.0;0;0;S;Gill, Mr. John William;;233866;0.010389961302280426;0;True;true_negative;0.9896100386977196;0.4896100386977196
235;0;2;male;24.0;10.5;0;0;S;Leyson, Mr. Robert William Norman;;C.A. 29566;0.01333202701061964;0;True;true_negative;0.9866679729893804;0.48666797298938036
656;0;2;male;24.0;73.5;2;0;S;Hickman, Mr. Leonard Mark;;S.O.C. 14879;0.006756275426596403;0;True;true_negative;0.9932437245734036;0.4932437245734036
389;0;3;male;;7.7292;0;0;Q;Sadlier, Mr. Matthew;;367655;0.07712621241807938;0;True;true_negative;0.9228737875819206;0.4228737875819206
391;1;1;male;36.0;120.0;1;2;S;Carter, Mr. William Ernest;B96 B98;113760;0.36219802498817444;0;False;false_negative;0.6378019750118256;0.13780197501182556
727;1;2;female;30.0;21.0;3;0;S;Renouf, Mrs. Peter Henry (Lillian Jefferys);;31027;0.8236061930656433;1;True;true_positive;0.8236061930656433;0.3236061930656433
478;0;3;male;29.0;7.0458;1;0;S;Braund, Mr. Lewis Richard;;3460;0.060384828597307205;0;True;true_negative;0.9396151714026928;0.4396151714026928
203;0;3;male;34.0;6.4958;0;0;S;Johanson, Mr. Jakob Alfred;;3101264;0.029437923803925514;0;True;true_negative;0.9705620761960745;0.4705620761960745
754;0;3;male;23.0;7.8958;0;0;S;Jonkoff, Mr. Lalio;;349204;0.10752728581428528;0;True;true_negative;0.8924727141857147;0.3924727141857147
307;1;1;female;;110.8833;0;0;C;Fleming, Miss. Margaret;;17421;0.9843569397926331;1;True;true_positive;0.9843569397926331;0.48435693979263306
373;0;3;male;19.0;8.05;0;0;S;Beavan, Mr. William Thomas;;323951;0.19691772758960724;0;True;true_negative;0.8030822724103928;0.30308227241039276
509;0;3;male;28.0;22.525;0;0;S;Olsen, Mr. Henry Margido;;C 4001;0.09911336749792099;0;True;true_negative;0.900886632502079;0.400886632502079
574;1;3;female;;7.75;0;0;Q;Kelly, Miss. Mary;;14312;0.6411041617393494;1;True;true_positive;0.6411041617393494;0.14110416173934937
706;0;2;male;39.0;26.0;0;0;S;"Morley, Mr. Henry Samuel (""Mr Henry Marshall"")";;250655;0.13332076370716095;0;True;true_negative;0.866679236292839;0.36667923629283905
32;1;1;female;;146.5208;1;0;C;Spencer, Mrs. William Augustus (Marie Eugenie);B78;PC 17569;0.9997989535331726;1;True;true_positive;0.9997989535331726;0.4997989535331726
748;1;2;female;30.0;13.0;0;0;S;Sinkkonen, Miss. Anna;;250648;0.7892380356788635;1;True;true_positive;0.7892380356788635;0.2892380356788635
807;0;1;male;39.0;0.0;0;0;S;Andrews, Mr. Thomas Jr;A36;112050;0.14389167726039886;0;True;true_negative;0.8561083227396011;0.35610832273960114
765;0;3;male;16.0;7.775;0;0;S;Eklund, Mr. Hans Linus;;347074;0.17189350724220276;0;True;true_negative;0.8281064927577972;0.32810649275779724
100;0;2;male;34.0;26.0;1;0;S;Kantor, Mr. Sinai;;244367;0.11693223565816879;0;True;true_negative;0.8830677643418312;0.3830677643418312
328;1;2;female;36.0;13.0;0;0;S;Ball, Mrs. (Ada E Hall);D;28551;0.9038836359977722;1;True;true_positive;0.9038836359977722;0.4038836359977722
725;1;1;male;27.0;53.1;1;0;S;Chambers, Mr. Norman Campbell;E8;113806;0.3823188543319702;0;False;false_negative;0.6176811456680298;0.11768114566802979
9;1;3;female;27.0;11.1333;0;2;S;Johnson, Mrs. Oscar W (Elisabeth Vilhelmina Berg);;347742;0.5513603687286377;1;True;true_positive;0.5513603687286377;0.051360368728637695
633;1;1;male;32.0;30.5;0;0;C;Stahelin-Maeglin, Dr. Max;B50;13214;0.8541412353515625;1;True;true_positive;0.8541412353515625;0.3541412353515625
459;1;2;female;50.0;10.5;0;0;S;Toomey, Miss. Ellen;;F.C.C. 13531;0.8756349086761475;1;True;true_positive;0.8756349086761475;0.37563490867614746
698;1;3;female;;7.7333;0;0;Q;"Mullens, Miss. Katherine ""Katie""";;35852;0.7086837887763977;1;True;true_positive;0.7086837887763977;0.2086837887763977
825;0;3;male;2.0;39.6875;4;1;S;Panula, Master. Urho Abraham;;3101295;0.1271420270204544;0;True;true_negative;0.8728579729795456;0.3728579729795456
327;0;3;male;61.0;6.2375;0;0;S;Nysveen, Mr. Johan Hansen;;345364;0.0159278716892004;0;True;true_negative;0.9840721283107996;0.4840721283107996
115;0;3;female;17.0;14.4583;0;0;C;Attalah, Miss. Malake;;2627;0.489053875207901;0;True;true_negative;0.510946124792099;0.010946124792098999
492;0;3;male;21.0;7.25;0;0;S;Windelov, Mr. Einar;;SOTON/OQ 3101317;0.06918115168809891;0;True;true_negative;0.9308188483119011;0.4308188483119011
172;0;3;male;4.0;29.125;4;1;Q;Rice, Master. Arthur;;382652;0.1324656754732132;0;True;true_negative;0.8675343245267868;0.3675343245267868
603;0;1;male;;42.4;0;0;S;Harrington, Mr. Charles H;;113796;0.24008210003376007;0;True;true_negative;0.7599178999662399;0.25991789996623993
303;0;3;male;19.0;0.0;0;0;S;Johnson, Mr. William Cahoone Jr;;LINE;0.049974311143159866;0;True;true_negative;0.9500256888568401;0.45002568885684013
426;0;3;male;;7.25;0;0;S;Wiseman, Mr. Phillippe;;A/4. 34244;0.0349525585770607;0;True;true_negative;0.9650474414229393;0.4650474414229393
440;0;2;male;31.0;10.5;0;0;S;Kvillner, Mr. Johan Henrik Johannesson;;C.A. 18723;0.1137097105383873;0;True;true_negative;0.8862902894616127;0.3862902894616127
677;0;3;male;24.5;8.05;0;0;S;Sawyer, Mr. Frederick Charles;;342826;0.10597376525402069;0;True;true_negative;0.8940262347459793;0.3940262347459793
795;0;3;male;25.0;7.8958;0;0;S;Dantcheff, Mr. Ristiu;;349203;0.03310549259185791;0;True;true_negative;0.9668945074081421;0.4668945074081421
658;0;3;female;32.0;15.5;1;1;Q;Bourke, Mrs. John (Catherine);;364849;0.7800037264823914;1;False;false_positive;0.7800037264823914;0.28000372648239136
547;1;2;female;19.0;26.0;1;0;S;Beane, Mrs. Edward (Ethel Clarke);;2908;0.8851212859153748;1;True;true_positive;0.8851212859153748;0.38512128591537476
838;0;3;male;;8.05;0;0;S;Sirota, Mr. Maurice;;392092;0.11793281137943268;0;True;true_negative;0.8820671886205673;0.3820671886205673
597;1;2;female;;33.0;0;0;S;Leitch, Miss. Jessie Wills;;248727;0.9251724481582642;1;True;true_positive;0.9251724481582642;0.42517244815826416
365;0;3;male;;15.5;1;0;Q;O'Brien, Mr. Thomas;;370365;0.07941199839115143;0;True;true_negative;0.9205880016088486;0.42058800160884857
792;0;2;male;16.0;26.0;0;0;S;Gaskell, Mr. Alfred;;239865;0.10257098823785782;0;True;true_negative;0.8974290117621422;0.3974290117621422
712;0;1;male;;26.55;0;0;S;Klaber, Mr. Herman;C124;113028;0.6844327449798584;1;False;false_positive;0.6844327449798584;0.1844327449798584
605;1;1;male;35.0;26.55;0;0;C;"Homer, Mr. Harry (""Mr E Haven"")";;111426;0.2326747477054596;0;False;false_negative;0.7673252522945404;0.2673252522945404
854;1;1;female;16.0;39.4;0;1;S;Lines, Miss. Mary Conover;D28;PC 17592;0.9305383563041687;1;True;true_positive;0.9305383563041687;0.4305383563041687
864;0;3;female;;69.55;8;2;S;"Sage, Miss. Dorothy Edith ""Dolly""";;CA. 2343;0.09041706472635269;0;True;true_negative;0.9095829352736473;0.4095829352736473
141;0;3;female;;15.2458;0;2;C;Boulos, Mrs. Joseph (Sultana);;2678;0.49334806203842163;0;True;true_negative;0.5066519379615784;0.006651937961578369
13;0;3;male;20.0;8.05;0;0;S;Saundercock, Mr. William Henry;;A/5. 2151;0.10343656688928604;0;True;true_negative;0.896563433110714;0.39656343311071396
273;1;2;female;41.0;19.5;0;1;S;Mellinger, Mrs. (Elizabeth Anne Maidment);;250644;0.9080593585968018;1;True;true_positive;0.9080593585968018;0.40805935859680176
210;1;1;male;40.0;31.0;0;0;C;Blank, Mr. Henry;A31;112277;0.13420532643795013;0;False;false_negative;0.8657946735620499;0.36579467356204987
277;0;3;female;45.0;7.75;0;0;S;Lindblom, Miss. Augusta Charlotta;;347073;0.4893406927585602;0;True;true_negative;0.5106593072414398;0.01065930724143982
855;0;2;female;44.0;26.0;1;0;S;Carter, Mrs. Ernest Courtenay (Lilian Hughes);;244252;0.9469149708747864;1;False;false_positive;0.9469149708747864;0.4469149708747864
38;0;3;male;21.0;8.05;0;0;S;Cann, Mr. Ernest Charles;;A./5. 2152;0.03444448485970497;0;True;true_negative;0.965555515140295;0.46555551514029503
569;0;3;male;;7.2292;0;0;C;Doharr, Mr. Tannous;;2686;0.03565951809287071;0;True;true_negative;0.9643404819071293;0.4643404819071293
247;0;3;female;25.0;7.775;0;0;S;Lindahl, Miss. Agda Thorilda Viktoria;;347071;0.7372883558273315;1;False;false_positive;0.7372883558273315;0.23728835582733154
513;1;1;male;36.0;26.2875;0;0;S;McGough, Mr. James Robert;E25;PC 17473;0.7319574356079102;1;True;true_positive;0.7319574356079102;0.23195743560791016
545;0;1;male;50.0;106.425;1;0;C;Douglas, Mr. Walter Donald;C86;PC 17761;0.3623593747615814;0;True;true_negative;0.6376406252384186;0.13764062523841858
207;0;3;male;32.0;15.85;1;0;S;Backstrom, Mr. Karl Alfred;;3101278;0.4863600730895996;0;True;true_negative;0.5136399269104004;0.01363992691040039
400;1;2;female;28.0;12.65;0;0;S;Trout, Mrs. William H (Jessie L);;240929;0.9701271653175354;1;True;true_positive;0.9701271653175354;0.4701271653175354
238;1;2;female;8.0;26.25;0;2;S;"Collyer, Miss. Marjorie ""Lottie""";;C.A. 31921;0.9470922350883484;1;True;true_positive;0.9470922350883484;0.4470922350883484
788;0;3;male;8.0;29.125;4;1;Q;Rice, Master. George Hugh;;382652;0.04258376732468605;0;True;true_negative;0.957416232675314;0.45741623267531395
566;0;3;male;24.0;24.15;2;0;S;Davies, Mr. Alfred J;;A/4 48871;0.076222263276577;0;True;true_negative;0.923777736723423;0.423777736723423
808;0;3;female;18.0;7.775;0;0;S;Pettersson, Miss. Ellen Natalia;;347087;0.8129338026046753;1;False;false_positive;0.8129338026046753;0.3129338026046753
197;0;3;male;;7.75;0;0;Q;Mernagh, Mr. Robert;;368703;0.01387906726449728;0;True;true_negative;0.9861209327355027;0.4861209327355027
237;0;2;male;44.0;26.0;1;0;S;Hold, Mr. Stephen;;26707;0.010548065416514874;0;True;true_negative;0.9894519345834851;0.4894519345834851
869;0;3;male;;9.5;0;0;S;van Melkebeke, Mr. Philemon;;345777;0.4866083264350891;0;True;true_negative;0.5133916735649109;0.013391673564910889
718;1;2;female;27.0;10.5;0;0;S;"Troutt, Miss. Edwina Celia ""Winnie""";E101;34218;0.9567666053771973;1;True;true_positive;0.9567666053771973;0.45676660537719727
438;1;2;female;24.0;18.75;2;3;S;Richards, Mrs. Sidney (Emily Hocking);;29106;0.7065003514289856;1;True;true_positive;0.7065003514289856;0.2065003514289856
472;0;3;male;38.0;8.6625;0;0;S;Cacic, Mr. Luka;;315089;0.13221105933189392;0;True;true_negative;0.8677889406681061;0.3677889406681061
151;0;2;male;51.0;12.525;0;0;S;Bateman, Rev. Robert James;;S.O.P. 1166;0.3155671954154968;0;True;true_negative;0.6844328045845032;0.18443280458450317
437;0;3;female;21.0;34.375;2;2;S;"Ford, Miss. Doolina Margaret ""Daisy""";;W./C. 6608;0.04929385334253311;0;True;true_negative;0.9507061466574669;0.4507061466574669
542;0;3;female;9.0;31.275;4;2;S;Andersson, Miss. Ingeborg Constanzia;;347082;0.17004218697547913;0;True;true_negative;0.8299578130245209;0.3299578130245209
761;0;3;male;;14.5;0;0;S;Garfirth, Mr. John;;358585;0.1035546213388443;0;True;true_negative;0.8964453786611557;0.3964453786611557
165;0;3;male;1.0;39.6875;4;1;S;Panula, Master. Eino Viljami;;3101295;0.07437983900308609;0;True;true_negative;0.9256201609969139;0.4256201609969139
481;0;3;male;9.0;46.9;5;2;S;Goodwin, Master. Harold Victor;;CA 2144;0.013088807463645935;0;True;true_negative;0.9869111925363541;0.48691119253635406
250;0;2;male;54.0;26.0;1;0;S;Carter, Rev. Ernest Courtenay;;244252;0.08463571965694427;0;True;true_negative;0.9153642803430557;0.4153642803430557
814;0;3;female;6.0;31.275;4;2;S;Andersson, Miss. Ebba Iris Alfrida;;347082;0.1169443354010582;0;True;true_negative;0.8830556645989418;0.3830556645989418
690;1;1;female;15.0;211.3375;0;1;S;Madill, Miss. Georgette Alexandra;B5;24160;0.97487872838974;1;True;true_positive;0.97487872838974;0.47487872838974
149;0;2;male;36.5;26.0;0;2;S;"Navratil, Mr. Michel (""Louis M Hoffman"")";F2;230080;0.2613014876842499;0;True;true_negative;0.7386985123157501;0.23869851231575012
868;0;1;male;31.0;50.4958;0;0;S;Roebling, Mr. Washington Augustus II;A24;PC 17590;0.42695897817611694;0;True;true_negative;0.5730410218238831;0.07304102182388306
479;0;3;male;22.0;7.5208;0;0;S;Karlsson, Mr. Nils August;;350060;0.15489371120929718;0;True;true_negative;0.8451062887907028;0.3451062887907028
680;1;1;male;36.0;512.3292;0;1;C;Cardeza, Mr. Thomas Drake Martinez;B51 B53 B55;PC 17755;0.5034840703010559;1;True;true_positive;0.5034840703010559;0.003484070301055908
351;0;3;male;23.0;9.225;0;0;S;Odahl, Mr. Nils Martin;;7267;0.09615827351808548;0;True;true_negative;0.9038417264819145;0.4038417264819145
500;0;3;male;24.0;7.7958;0;0;S;Svensson, Mr. Olof;;350035;0.13259568810462952;0;True;true_negative;0.8674043118953705;0.3674043118953705
525;0;3;male;;7.2292;0;0;C;Kassem, Mr. Fared;;2700;0.09534915536642075;0;True;true_negative;0.9046508446335793;0.40465084463357925
346;1;2;female;24.0;13.0;0;0;S;"Brown, Miss. Amelia ""Mildred""";F33;248733;0.9650264382362366;1;True;true_positive;0.9650264382362366;0.4650264382362366
168;0;3;female;45.0;27.9;1;4;S;Skoog, Mrs. William (Anna Bernhardina Karlsson);;347088;0.05472026765346527;0;True;true_negative;0.9452797323465347;0.44527973234653473
621;0;3;male;27.0;14.4542;1;0;C;Yasbeck, Mr. Antoni;;2659;0.012113981880247593;0;True;true_negative;0.9878860181197524;0.4878860181197524
598;0;3;male;49.0;0.0;0;0;S;Johnson, Mr. Alfred;;LINE;0.056353434920310974;0;True;true_negative;0.943646565079689;0.443646565079689
291;1;1;female;26.0;78.85;0;0;S;"Barber, Miss. Ellen ""Nellie""";;19877;0.9165130257606506;1;True;true_positive;0.9165130257606506;0.41651302576065063
233;0;2;male;59.0;13.5;0;0;S;Sjostedt, Mr. Ernst Adolf;;237442;0.04228619486093521;0;True;true_negative;0.9577138051390648;0.4577138051390648
380;0;3;male;19.0;7.775;0;0;S;Gustafsson, Mr. Karl Gideon;;347069;0.10033177584409714;0;True;true_negative;0.8996682241559029;0.39966822415590286
381;1;1;female;42.0;227.525;0;0;C;Bidois, Miss. Rosalie;;PC 17757;0.9065312743186951;1;True;true_positive;0.9065312743186951;0.40653127431869507
624;0;3;male;21.0;7.8542;0;0;S;Hansen, Mr. Henry Damsgaard;;350029;0.11573022603988647;0;True;true_negative;0.8842697739601135;0.3842697739601135
590;0;3;male;;8.05;0;0;S;Murdlin, Mr. Joseph;;A./5. 3235;0.11793281137943268;0;True;true_negative;0.8820671886205673;0.3820671886205673
50;0;3;female;18.0;17.8;1;0;S;Arnold-Franchi, Mrs. Josef (Josefine Franchi);;349237;0.6089101433753967;1;False;false_positive;0.6089101433753967;0.10891014337539673
246;0;1;male;44.0;90.0;2;0;Q;Minahan, Dr. William Edward;C78;19928;0.5872629880905151;1;False;false_positive;0.5872629880905151;0.08726298809051514
729;0;2;male;25.0;26.0;1;0;S;Bryhl, Mr. Kurt Arnold Gottfrid;;236853;0.10681670159101486;0;True;true_negative;0.8931832984089851;0.39318329840898514
29;1;3;female;;7.8792;0;0;Q;"O'Dwyer, Miss. Ellen ""Nellie""";;330959;0.6207873225212097;1;True;true_positive;0.6207873225212097;0.12078732252120972
274;0;1;male;37.0;29.7;0;1;C;Natsch, Mr. Charles H;C118;PC 17596;0.4778483211994171;0;True;true_negative;0.5221516788005829;0.022151678800582886
490;1;3;male;9.0;15.9;1;1;S;"Coutts, Master. Eden Leslie ""Neville""";;C.A. 37671;0.6079683899879456;1;True;true_positive;0.6079683899879456;0.10796838998794556
591;0;3;male;35.0;7.125;0;0;S;Rintamaki, Mr. Matti;;STON/O 2. 3101273;0.0680960938334465;0;True;true_negative;0.9319039061665535;0.4319039061665535
109;0;3;male;38.0;7.8958;0;0;S;Rekic, Mr. Tido;;349249;0.003199197119101882;0;True;true_negative;0.9968008028808981;0.4968008028808981
361;0;3;male;40.0;27.9;1;4;S;Skoog, Mr. Wilhelm;;347088;0.02491092123091221;0;True;true_negative;0.9750890787690878;0.4750890787690878
218;0;2;male;42.0;27.0;1;0;S;Jacobsohn, Mr. Sidney Samuel;;243847;0.1652674674987793;0;True;true_negative;0.8347325325012207;0.3347325325012207
790;0;1;male;46.0;79.2;0;0;C;Guggenheim, Mr. Benjamin;B82 B84;PC 17593;0.21952451765537262;0;True;true_negative;0.7804754823446274;0.2804754823446274
508;1;1;male;;26.55;0;0;S;"Bradley, Mr. George (""George Arthur Brayton"")";;111427;0.32016807794570923;0;False;false_negative;0.6798319220542908;0.17983192205429077
568;0;3;female;29.0;21.075;0;4;S;Palsson, Mrs. Nils (Alma Cornelia Berglund);;349909;0.3915780782699585;0;True;true_negative;0.6084219217300415;0.1084219217300415
7;0;1;male;54.0;51.8625;0;0;S;McCarthy, Mr. Timothy J;E46;17463;0.11238937079906464;0;True;true_negative;0.8876106292009354;0.38761062920093536
304;1;2;female;;12.35;0;0;Q;Keane, Miss. Nora A;E101;226593;0.9780367016792297;1;True;true_positive;0.9780367016792297;0.47803670167922974
85;1;2;female;17.0;10.5;0;0;S;Ilett, Miss. Bertha;;SO/C 14885;0.9032167792320251;1;True;true_positive;0.9032167792320251;0.40321677923202515
681;0;3;female;;8.1375;0;0;Q;Peters, Miss. Katie;;330935;0.761985719203949;1;False;false_positive;0.761985719203949;0.261985719203949
519;1;2;female;36.0;26.0;1;0;S;"Angle, Mrs. William A (Florence ""Mary"" Agnes Hughes)";;226875;0.9875929951667786;1;True;true_positive;0.9875929951667786;0.48759299516677856
258;1;1;female;30.0;86.5;0;0;S;Cherry, Miss. Gladys;B77;110152;0.9824679493904114;1;True;true_positive;0.9824679493904114;0.4824679493904114
728;1;3;female;;7.7375;0;0;Q;Mannion, Miss. Margareth;;36866;0.947070300579071;1;True;true_positive;0.947070300579071;0.44707030057907104
614;0;3;male;;7.75;0;0;Q;Horgan, Mr. John;;370377;0.012440980412065983;0;True;true_negative;0.987559019587934;0.487559019587934
138;0;1;male;37.0;53.1;1;0;S;Futrelle, Mr. Jacques Heath;C123;113803;0.16837380826473236;0;True;true_negative;0.8316261917352676;0.33162619173526764
153;0;3;male;55.5;8.05;0;0;S;Meo, Mr. Alfonzo;;A.5. 11206;0.11201111227273941;0;True;true_negative;0.8879888877272606;0.3879888877272606
777;0;3;male;;7.75;0;0;Q;Tobin, Mr. Roger;F38;383121;0.010185452178120613;0;True;true_negative;0.9898145478218794;0.4898145478218794
8;0;3;male;2.0;21.075;3;1;S;Palsson, Master. Gosta Leonard;;349909;0.16333340108394623;0;True;true_negative;0.8366665989160538;0.33666659891605377
884;0;2;male;28.0;10.5;0;0;S;Banfield, Mr. Frederick James;;C.A./SOTON 34068;0.09468492120504379;0;True;true_negative;0.9053150787949562;0.4053150787949562
395;1;3;female;24.0;16.7;0;2;S;Sandstrom, Mrs. Hjalmar (Agnes Charlotta Bengtsson);G6;PP 9549;0.36215823888778687;0;False;false_negative;0.6378417611122131;0.13784176111221313
305;0;3;male;;8.05;0;0;S;"Williams, Mr. Howard Hugh ""Harry""";;A/5 2466;0.11793281137943268;0;True;true_negative;0.8820671886205673;0.3820671886205673
316;1;3;female;26.0;7.8542;0;0;S;Nilsson, Miss. Helmina Josefina;;347470;0.6281910538673401;1;True;true_positive;0.6281910538673401;0.1281910538673401
581;1;2;female;25.0;30.0;1;1;S;Christy, Miss. Julie Rachel;;237789;0.847022533416748;1;True;true_positive;0.847022533416748;0.34702253341674805
272;1;3;male;25.0;0.0;0;0;S;Tornquist, Mr. William Henry;;LINE;0.09555794298648834;0;False;false_negative;0.9044420570135117;0.40444205701351166
833;0;3;male;;7.2292;0;0;C;Saad, Mr. Amin;;2671;0.03565951809287071;0;True;true_negative;0.9643404819071293;0.4643404819071293
670;1;1;female;;52.0;1;0;S;Taylor, Mrs. Elmer Zebley (Juliet Cummins Wright);C126;19996;0.9949539303779602;1;True;true_positive;0.9949539303779602;0.4949539303779602
735;0;2;male;23.0;13.0;0;0;S;Troupiansky, Mr. Moses Aaron;;233639;0.10101727396249771;0;True;true_negative;0.8989827260375023;0.3989827260375023
875;1;2;female;28.0;24.0;1;0;C;Abelson, Mrs. Samuel (Hannah Wizosky);;P/PP 3381;0.884443998336792;1;True;true_positive;0.884443998336792;0.384443998336792
464;0;2;male;48.0;13.0;0;0;S;Milling, Mr. Jacob Christian;;234360;0.2615140974521637;0;True;true_negative;0.7384859025478363;0.2384859025478363
288;0;3;male;22.0;7.8958;0;0;S;Naidenoff, Mr. Penko;;349206;0.007225625216960907;0;True;true_negative;0.9927743747830391;0.4927743747830391
91;0;3;male;29.0;8.05;0;0;S;Christmann, Mr. Emil;;343276;0.09645603597164154;0;True;true_negative;0.9035439640283585;0.40354396402835846
376;1;1;female;;82.1708;1;0;C;Meyer, Mrs. Edgar Joseph (Leila Saks);;PC 17604;0.9970589876174927;1;True;true_positive;0.9970589876174927;0.4970589876174927
397;0;3;female;31.0;7.8542;0;0;S;Olsson, Miss. Elina;;350407;0.7714951634407043;1;False;false_positive;0.7714951634407043;0.27149516344070435
103;0;1;male;21.0;77.2875;0;1;S;White, Mr. Richard Frasar;D26;35281;0.1298680305480957;0;True;true_negative;0.8701319694519043;0.3701319694519043
82;1;3;male;29.0;9.5;0;0;S;Sheerlinck, Mr. Jan Baptist;;345779;0.09072018414735794;0;False;false_negative;0.9092798158526421;0.40927981585264206
637;0;3;male;32.0;7.925;0;0;S;Leinonen, Mr. Antti Gustaf;;STON/O 2. 3101292;0.32481685280799866;0;True;true_negative;0.6751831471920013;0.17518314719200134
225;1;1;male;38.0;90.0;1;0;S;Hoyt, Mr. Frederick Maxfield;C93;19943;0.41711100935935974;0;False;false_negative;0.5828889906406403;0.08288899064064026
523;0;3;male;;7.225;0;0;C;Lahoud, Mr. Sarkis;;2624;0.12891268730163574;0;True;true_negative;0.8710873126983643;0.37108731269836426
200;0;2;female;24.0;13.0;0;0;S;"Yrois, Miss. Henriette (""Mrs Harbeck"")";;248747;0.9180787801742554;1;False;false_positive;0.9180787801742554;0.41807878017425537
285;0;1;male;;26.0;0;0;S;Smith, Mr. Richard William;A19;113056;0.12099047005176544;0;True;true_negative;0.8790095299482346;0.37900952994823456
139;0;3;male;16.0;9.2167;0;0;S;Osen, Mr. Olaf Elon;;7534;0.09800218045711517;0;True;true_negative;0.9019978195428848;0.4019978195428848
271;0;1;male;;31.0;0;0;S;Cairns, Mr. Alexander;;113798;0.3578145205974579;0;True;true_negative;0.6421854794025421;0.14218547940254211
113;0;3;male;22.0;8.05;0;0;S;Barton, Mr. David John;;324669;0.032493747770786285;0;True;true_negative;0.9675062522292137;0.4675062522292137
721;1;2;female;6.0;33.0;0;1;S;"Harper, Miss. Annie Jessie ""Nina""";;248727;0.8993707299232483;1;True;true_positive;0.8993707299232483;0.3993707299232483
181;0;3;female;;69.55;8;2;S;Sage, Miss. Constance Gladys;;CA. 2343;0.03835800662636757;0;True;true_negative;0.9616419933736324;0.46164199337363243
636;1;2;female;28.0;13.0;0;0;S;Davis, Miss. Mary;;237668;0.891403317451477;1;True;true_positive;0.891403317451477;0.39140331745147705
862;0;2;male;21.0;11.5;1;0;S;Giles, Mr. Frederick Edward;;28134;0.07804631441831589;0;True;true_negative;0.9219536855816841;0.4219536855816841
412;0;3;male;;6.8583;0;0;Q;Hart, Mr. Henry;;394140;0.0064183431677520275;0;True;true_negative;0.993581656832248;0.493581656832248
18;1;2;male;;13.0;0;0;S;Williams, Mr. Charles Eugene;;244373;0.06646918505430222;0;False;false_negative;0.9335308149456978;0.4335308149456978
222;0;2;male;27.0;13.0;0;0;S;Bracken, Mr. James H;;220367;0.15727455914020538;0;True;true_negative;0.8427254408597946;0.3427254408597946
170;0;3;male;28.0;56.4958;0;0;S;Ling, Mr. Lee;;1601;0.22892503440380096;0;True;true_negative;0.771074965596199;0.27107496559619904
234;1;3;female;5.0;31.3875;4;2;S;Asplund, Miss. Lillian Gertrud;;347077;0.07786186039447784;0;False;false_negative;0.9221381396055222;0.42213813960552216
434;0;3;male;17.0;7.125;0;0;S;Kallio, Mr. Nikolai Erland;;STON/O 2. 3101274;0.1588914543390274;0;True;true_negative;0.8411085456609726;0.3411085456609726
847;0;3;male;;69.55;8;2;S;Sage, Mr. Douglas Bullen;;CA. 2343;0.01763533242046833;0;True;true_negative;0.9823646675795317;0.48236466757953167
711;1;1;female;24.0;49.5042;0;0;C;"Mayne, Mlle. Berthe Antonine (""Mrs de Villiers"")";C90;PC 17482;0.9784809350967407;1;True;true_positive;0.9784809350967407;0.4784809350967407
325;0;3;male;;69.55;8;2;S;Sage, Mr. George John Jr;;CA. 2343;0.09764718264341354;0;True;true_negative;0.9023528173565865;0.40235281735658646
526;0;3;male;40.5;7.75;0;0;Q;Farrell, Mr. James;;367232;0.010097738355398178;0;True;true_negative;0.9899022616446018;0.4899022616446018
78;0;3;male;;8.05;0;0;S;Moutal, Mr. Rahamin Haim;;374746;0.11793281137943268;0;True;true_negative;0.8820671886205673;0.3820671886205673
642;1;1;female;24.0;69.3;0;0;C;Sagesser, Mlle. Emma;B35;PC 17477;0.994607150554657;1;True;true_positive;0.994607150554657;0.494607150554657
348;1;3;female;;16.1;1;0;S;Davison, Mrs. Thomas Henry (Mary E Finck);;386525;0.7043122053146362;1;True;true_positive;0.7043122053146362;0.20431220531463623
758;0;2;male;18.0;11.5;0;0;S;Bailey, Mr. Percy Andrew;;29108;0.09340974688529968;0;True;true_negative;0.9065902531147003;0.4065902531147003
374;0;1;male;22.0;135.6333;0;0;C;Ringhini, Mr. Sante;;PC 17760;0.3991270363330841;0;True;true_negative;0.6008729636669159;0.1008729636669159
124;1;2;female;32.5;13.0;0;0;S;Webber, Miss. Susan;E101;27267;0.9110180735588074;1;True;true_positive;0.9110180735588074;0.4110180735588074
473;1;2;female;33.0;27.75;1;2;S;West, Mrs. Edwy Arthur (Ada Mary Worth);;C.A. 34651;0.983753502368927;1;True;true_positive;0.983753502368927;0.483753502368927
204;0;3;male;45.5;7.225;0;0;C;Youseff, Mr. Gerious;;2628;0.07022726535797119;0;True;true_negative;0.9297727346420288;0.4297727346420288
231;1;1;female;35.0;83.475;1;0;S;Harris, Mrs. Henry Birkhardt (Irene Wallach);C83;36973;0.996459424495697;1;True;true_positive;0.996459424495697;0.496459424495697
47;0;3;male;;15.5;1;0;Q;Lennon, Mr. Denis;;370371;0.05261813476681709;0;True;true_negative;0.9473818652331829;0.4473818652331829
692;1;3;female;4.0;13.4167;0;1;C;Karun, Miss. Manca;;349256;0.9696906805038452;1;True;true_positive;0.9696906805038452;0.4696906805038452
647;0;3;male;19.0;7.8958;0;0;S;Cor, Mr. Liudevit;;349231;0.036064084619283676;0;True;true_negative;0.9639359153807163;0.4639359153807163
696;0;2;male;52.0;13.5;0;0;S;Chapman, Mr. Charles Henry;;248731;0.0881090760231018;0;True;true_negative;0.9118909239768982;0.4118909239768982
857;1;1;female;45.0;164.8667;1;1;S;Wick, Mrs. George Dennick (Mary Hitchcock);;36928;0.9328402876853943;1;True;true_positive;0.9328402876853943;0.4328402876853943
720;0;3;male;33.0;7.775;0;0;S;Johnson, Mr. Malkolm Joackim;;347062;0.07712750881910324;0;True;true_negative;0.9228724911808968;0.42287249118089676
429;0;3;male;;7.75;0;0;Q;Flynn, Mr. James;;364851;0.01387906726449728;0;True;true_negative;0.9861209327355027;0.4861209327355027
461;1;1;male;48.0;26.55;0;0;S;Anderson, Mr. Harry;E12;19952;0.43494096398353577;0;False;false_negative;0.5650590360164642;0.06505903601646423
820;0;3;male;10.0;27.9;3;2;S;Skoog, Master. Karl Thorsten;;347088;0.049450140446424484;0;True;true_negative;0.9505498595535755;0.4505498595535755
311;1;1;female;24.0;83.1583;0;0;C;Hays, Miss. Margaret Bechstein;C54;11767;0.9908722043037415;1;True;true_positive;0.9908722043037415;0.49087220430374146
760;1;1;female;33.0;86.5;0;0;S;Rothes, the Countess. of (Lucy Noel Martha Dyer-Edwards);B77;110152;0.9798600077629089;1;True;true_positive;0.9798600077629089;0.47986000776290894
350;0;3;male;42.0;8.6625;0;0;S;Dimic, Mr. Jovan;;315088;0.17252860963344574;0;True;true_negative;0.8274713903665543;0.32747139036655426
445;1;3;male;;8.1125;0;0;S;Johannesen-Bratthammer, Mr. Bernt;;65306;0.09645603597164154;0;False;false_negative;0.9035439640283585;0.40354396402835846
136;0;2;male;23.0;15.0458;0;0;C;Richard, Mr. Emile;;SC/PARIS 2133;0.004038424696773291;0;True;true_negative;0.9959615753032267;0.4959615753032267
848;0;3;male;35.0;7.8958;0;0;C;Markoff, Mr. Marin;;349213;0.010143396444618702;0;True;true_negative;0.9898566035553813;0.4898566035553813
66;1;3;male;;15.2458;1;1;C;Moubarek, Master. Gerios;;2661;0.8608884215354919;1;True;true_positive;0.8608884215354919;0.36088842153549194
654;1;3;female;;7.8292;0;0;Q;"O'Leary, Miss. Hanora ""Norah""";;330919;0.6207873225212097;1;True;true_positive;0.6207873225212097;0.12078732252120972
750;0;3;male;31.0;7.75;0;0;Q;Connaghton, Mr. Michael;;335097;0.02779712900519371;0;True;true_negative;0.9722028709948063;0.4722028709948063
362;0;2;male;29.0;27.7208;1;0;C;del Carlo, Mr. Sebastiano;;SC/PARIS 2167;0.08760707080364227;0;True;true_negative;0.9123929291963577;0.4123929291963577
387;0;3;male;1.0;46.9;5;2;S;Goodwin, Master. Sidney Leonard;;CA 2144;0.17019347846508026;0;True;true_negative;0.8298065215349197;0.32980652153491974
122;0;3;male;;8.05;0;0;S;Moore, Mr. Leonard Charles;;A4. 54510;0.09095302224159241;0;True;true_negative;0.9090469777584076;0.4090469777584076
535;0;3;female;30.0;8.6625;0;0;S;Cacic, Miss. Marija;;315084;0.4050937294960022;0;True;true_negative;0.5949062705039978;0.0949062705039978
827;0;3;male;;56.4958;0;0;S;Lam, Mr. Len;;1601;0.22627121210098267;0;True;true_negative;0.7737287878990173;0.27372878789901733
685;0;2;male;60.0;39.0;1;1;S;Brown, Mr. Thomas William Solomon;;29750;0.04521789774298668;0;True;true_negative;0.9547821022570133;0.4547821022570133
347;1;2;female;40.0;13.0;0;0;S;Smith, Miss. Marion Elsie;;31418;0.8340440988540649;1;True;true_positive;0.8340440988540649;0.33404409885406494
889;0;3;female;;23.45;1;2;S;"Johnston, Miss. Catherine Helen ""Carrie""";;W./C. 6607;0.20753918588161469;0;True;true_negative;0.7924608141183853;0.2924608141183853
319;1;1;female;31.0;164.8667;0;2;S;Wick, Miss. Mary Natalie;C7;36928;0.8343295454978943;1;True;true_positive;0.8343295454978943;0.3343295454978943
252;0;3;female;29.0;10.4625;1;1;S;Strom, Mrs. Wilhelm (Elna Matilda Persson);G6;347054;0.6343008875846863;1;False;false_positive;0.6343008875846863;0.13430088758468628
301;1;3;female;;7.75;0;0;Q;"Kelly, Miss. Anna Katherine ""Annie Kate""";;9234;0.7728464007377625;1;True;true_positive;0.7728464007377625;0.27284640073776245
580;1;3;male;32.0;7.925;0;0;S;Jussila, Mr. Eiriik;;STON/O 2. 3101286;0.12050458043813705;0;False;false_negative;0.879495419561863;0.37949541956186295
407;0;3;male;51.0;7.75;0;0;S;Widegren, Mr. Carl/Charles Peter;;347064;0.07968749105930328;0;True;true_negative;0.9203125089406967;0.4203125089406967
338;1;1;female;41.0;134.5;0;0;C;Burns, Miss. Elizabeth Margaret;E40;16966;0.9994862079620361;1;True;true_positive;0.9994862079620361;0.49948620796203613
717;1;1;female;38.0;227.525;0;0;C;Endres, Miss. Caroline Louise;C45;PC 17757;0.9820044636726379;1;True;true_positive;0.9820044636726379;0.48200446367263794
298;0;1;female;2.0;151.55;1;2;S;Allison, Miss. Helen Loraine;C22 C26;113781;0.9976377487182617;1;False;false_positive;0.9976377487182617;0.4976377487182617
573;1;1;male;36.0;26.3875;0;0;S;"Flynn, Mr. John Irwin (""Irving"")";E25;PC 17474;0.7660577297210693;1;True;true_positive;0.7660577297210693;0.26605772972106934
51;0;3;male;7.0;39.6875;4;1;S;Panula, Master. Juha Niilo;;3101295;0.11934200674295425;0;True;true_negative;0.8806579932570457;0.38065799325704575
676;0;3;male;18.0;7.775;0;0;S;Edvardsson, Mr. Gustaf Hjalmar;;349912;0.0973559096455574;0;True;true_negative;0.9026440903544426;0.4026440903544426
571;1;2;male;62.0;10.5;0;0;S;Harris, Mr. George;;S.W./PP 752;0.0631791353225708;0;False;false_negative;0.9368208646774292;0.4368208646774292
756;1;2;male;0.67;14.5;1;1;S;Hamalainen, Master. Viljo;;250649;0.8718349933624268;1;True;true_positive;0.8718349933624268;0.37183499336242676
120;0;3;female;2.0;31.275;4;2;S;Andersson, Miss. Ellis Anna Maria;;347082;0.2932659089565277;0;True;true_negative;0.7067340910434723;0.2067340910434723
466;0;3;male;38.0;7.05;0;0;S;Goncalves, Mr. Manuel Estanslas;;SOTON/O.Q. 3101306;0.01007622666656971;0;True;true_negative;0.9899237733334303;0.4899237733334303
570;1;3;male;32.0;7.8542;0;0;S;Jonsson, Mr. Carl;;350417;0.11848161369562149;0;False;false_negative;0.8815183863043785;0.3815183863043785
418;1;2;female;18.0;13.0;0;2;S;Silven, Miss. Lyyli Karoliina;;250652;0.9374740719795227;1;True;true_positive;0.9374740719795227;0.4374740719795227
17;0;3;male;2.0;29.125;4;1;Q;Rice, Master. Eugene;;382652;0.06827405095100403;0;True;true_negative;0.931725949048996;0.43172594904899597
264;0;1;male;40.0;0.0;0;0;S;Harrison, Mr. William;B94;112059;0.03955671936273575;0;True;true_negative;0.9604432806372643;0.46044328063726425
64;0;3;male;4.0;27.9;3;2;S;Skoog, Master. Harald;;347088;0.07438226044178009;0;True;true_negative;0.9256177395582199;0.4256177395582199
448;1;1;male;34.0;26.55;0;0;S;Seward, Mr. Frederic Kimber;;113794;0.23825931549072266;0;False;false_negative;0.7617406845092773;0.26174068450927734
689;0;3;male;18.0;7.7958;0;0;S;Fischer, Mr. Eberhard Thelander;;350036;0.043779127299785614;0;True;true_negative;0.9562208727002144;0.4562208727002144
877;0;3;male;20.0;9.8458;0;0;S;Gustafsson, Mr. Alfred Ossian;;7534;0.07691247761249542;0;True;true_negative;0.9230875223875046;0.4230875223875046
475;0;3;female;22.0;9.8375;0;0;S;Strandberg, Miss. Ida Sofia;;7553;0.49699172377586365;0;True;true_negative;0.5030082762241364;0.0030082762241363525
840;1;1;male;;29.7;0;0;C;Marechal, Mr. Pierre;C47;11774;0.12952710688114166;0;False;false_negative;0.8704728931188583;0.37047289311885834
398;0;2;male;46.0;26.0;0;0;S;McKane, Mr. Peter David;;28403;0.023040413856506348;0;True;true_negative;0.9769595861434937;0.47695958614349365
114;0;3;female;20.0;9.825;1;0;S;Jussila, Miss. Katriina;;4136;0.4102267920970917;0;True;true_negative;0.5897732079029083;0.08977320790290833
83;1;3;female;;7.7875;0;0;Q;McDermott, Miss. Brigdet Delia;;330932;0.8140808343887329;1;True;true_positive;0.8140808343887329;0.3140808343887329
882;0;3;male;33.0;7.8958;0;0;S;Markun, Mr. Johann;;349257;0.0849265530705452;0;True;true_negative;0.9150734469294548;0.4150734469294548
98;1;1;male;23.0;63.3583;0;1;C;Greenfield, Mr. William Bertram;D10 D12;PC 17759;0.3898489773273468;0;False;false_negative;0.6101510226726532;0.1101510226726532
469;0;3;male;;7.725;0;0;Q;Scanlan, Mr. James;;36209;0.013879270292818546;0;True;true_negative;0.9861207297071815;0.48612072970718145
612;0;3;male;;7.05;0;0;S;Jardin, Mr. Jose Neto;;SOTON/O.Q. 3101305;0.10973230749368668;0;True;true_negative;0.8902676925063133;0.3902676925063133
549;0;3;male;33.0;20.525;1;1;S;Goldsmith, Mr. Frank John;;363291;0.12983408570289612;0;True;true_negative;0.8701659142971039;0.3701659142971039
773;0;2;female;57.0;10.5;0;0;S;Mack, Mrs. (Mary);E77;S.O./P.P. 3;0.9564695358276367;1;False;false_positive;0.9564695358276367;0.4564695358276367
678;1;3;female;18.0;9.8417;0;0;S;Turja, Miss. Anna Sofia;;4138;0.42076465487480164;0;False;false_negative;0.5792353451251984;0.07923534512519836
182;0;2;male;;15.05;0;0;C;Pernot, Mr. Rene;;SC/PARIS 2131;0.08833874017000198;0;True;true_negative;0.911661259829998;0.411661259829998
36;0;1;male;42.0;52.0;1;0;S;Holverson, Mr. Alexander Oskar;;113789;0.3463163673877716;0;True;true_negative;0.6536836326122284;0.1536836326122284
295;0;3;male;24.0;7.8958;0;0;S;Mineff, Mr. Ivan;;349233;0.04504790157079697;0;True;true_negative;0.954952098429203;0.45495209842920303
871;0;3;male;26.0;7.8958;0;0;S;Balkic, Mr. Cerin;;349248;0.13751603662967682;0;True;true_negative;0.8624839633703232;0.3624839633703232
714;0;3;male;29.0;9.4833;0;0;S;Larsson, Mr. August Viktor;;7545;0.12178053706884384;0;True;true_negative;0.8782194629311562;0.37821946293115616
148;0;3;female;9.0;34.375;2;2;S;"Ford, Miss. Robina Maggie ""Ruby""";;W./C. 6608;0.06404149532318115;0;True;true_negative;0.9359585046768188;0.43595850467681885
128;1;3;male;24.0;7.1417;0;0;S;Madsen, Mr. Fridtjof Arne;;C 17369;0.15520231425762177;0;False;false_negative;0.8447976857423782;0.34479768574237823
502;0;3;female;21.0;7.75;0;0;Q;Canavan, Miss. Mary;;364846;0.9541062712669373;1;False;false_positive;0.9541062712669373;0.45410627126693726
191;1;2;female;32.0;13.0;0;0;S;Pinsky, Mrs. (Rosa);;234604;0.9713923335075378;1;True;true_positive;0.9713923335075378;0.47139233350753784
659;0;2;male;23.0;13.0;0;0;S;Eitemiller, Mr. George Floyd;;29751;0.010016913525760174;0;True;true_negative;0.9899830864742398;0.4899830864742398
283;0;3;male;16.0;9.5;0;0;S;de Pelsmaeker, Mr. Alfons;;345778;0.07657704502344131;0;True;true_negative;0.9234229549765587;0.4234229549765587
608;1;1;male;27.0;30.5;0;0;S;Daniel, Mr. Robert Williams;;113804;0.5101977586746216;1;True;true_positive;0.5101977586746216;0.010197758674621582
375;0;3;female;3.0;21.075;3;1;S;Palsson, Miss. Stina Viola;;349909;0.4326556324958801;0;True;true_negative;0.5673443675041199;0.06734436750411987
384;1;1;female;35.0;52.0;1;0;S;Holverson, Mrs. Alexander Oskar (Mary Aline Towner);;113789;0.9965116381645203;1;True;true_positive;0.9965116381645203;0.49651163816452026
183;0;3;male;9.0;31.3875;4;2;S;Asplund, Master. Clarence Gustaf Hugo;;347077;0.07030954957008362;0;True;true_negative;0.9296904504299164;0.4296904504299164
75;1;3;male;32.0;56.4958;0;0;S;Bing, Mr. Lee;;1601;0.6612765789031982;1;True;true_positive;0.6612765789031982;0.16127657890319824
169;0;1;male;;25.925;0;0;S;Baumann, Mr. John D;;PC 17318;0.1111975759267807;0;True;true_negative;0.8888024240732193;0.3888024240732193
390;1;2;female;17.0;12.0;0;0;C;Lehmann, Miss. Bertha;;SC 1748;0.9759488105773926;1;True;true_positive;0.9759488105773926;0.4759488105773926
67;1;2;female;29.0;10.5;0;0;S;Nye, Mrs. (Elizabeth Ramell);F33;C.A. 29395;0.8993624448776245;1;True;true_positive;0.8993624448776245;0.3993624448776245
766;1;1;female;51.0;77.9583;1;0;S;Hogeboom, Mrs. John C (Anna Andrews);D11;13502;0.9814231991767883;1;True;true_positive;0.9814231991767883;0.48142319917678833
213;0;3;male;22.0;7.25;0;0;S;Perkin, Mr. John Henry;;A/5 21174;0.13335512578487396;0;True;true_negative;0.866644874215126;0.36664487421512604
49;0;3;male;;21.6792;2;0;C;Samaan, Mr. Youssef;;2662;0.08738338947296143;0;True;true_negative;0.9126166105270386;0.4126166105270386
296;0;1;male;;27.7208;0;0;C;Lewy, Mr. Ervin G;;PC 17612;0.34321150183677673;0;True;true_negative;0.6567884981632233;0.15678849816322327
147;1;3;male;27.0;7.7958;0;0;S;"Andersson, Mr. August Edvard (""Wennerstrom"")";;350043;0.5393393039703369;1;True;true_positive;0.5393393039703369;0.039339303970336914
360;1;3;female;;7.8792;0;0;Q;"Mockler, Miss. Helen Mary ""Ellie""";;330980;0.6207873225212097;1;True;true_positive;0.6207873225212097;0.12078732252120972
322;0;3;male;27.0;7.8958;0;0;S;Danoff, Mr. Yoto;;349219;0.6194995045661926;1;False;false_positive;0.6194995045661926;0.11949950456619263
794;0;1;male;;30.6958;0;0;C;Hoyt, Mr. William Fisher;;PC 17600;0.4972103536128998;0;True;true_negative;0.5027896463871002;0.0027896463871002197
25;0;3;female;8.0;21.075;3;1;S;Palsson, Miss. Torborg Danira;;349909;0.1019318476319313;0;True;true_negative;0.8980681523680687;0.3980681523680687
736;0;3;male;28.5;16.1;0;0;S;Williams, Mr. Leslie;;54636;0.1044214516878128;0;True;true_negative;0.8955785483121872;0.3955785483121872
111;0;1;male;47.0;52.0;0;0;S;Porter, Mr. Walter Chamberlain;C110;110465;0.18074961006641388;0;True;true_negative;0.8192503899335861;0.3192503899335861
340;0;1;male;45.0;35.5;0;0;S;Blackwell, Mr. Stephen Weart;T;113784;0.3758247196674347;0;True;true_negative;0.6241752803325653;0.12417528033256531
539;0;3;male;;14.5;0;0;S;Risien, Mr. Samuel Beard;;364498;0.09929247200489044;0;True;true_negative;0.9007075279951096;0.40070752799510956
394;1;1;female;23.0;113.275;1;0;C;Newell, Miss. Marjorie;D36;35273;0.9600151777267456;1;True;true_positive;0.9600151777267456;0.4600151777267456
443;0;3;male;25.0;7.775;1;0;S;Petterson, Mr. Johan Emil;;347076;0.1081891655921936;0;True;true_negative;0.8918108344078064;0.3918108344078064
416;0;3;female;;8.05;0;0;S;Meek, Mrs. Thomas (Annie Louise Rowley);;343095;0.7866158485412598;1;False;false_positive;0.7866158485412598;0.28661584854125977
364;0;3;male;35.0;7.05;0;0;S;Asim, Mr. Adola;;SOTON/O.Q. 3101310;0.02494180202484131;0;True;true_negative;0.9750581979751587;0.4750581979751587
392;1;3;male;21.0;7.7958;0;0;S;Jansson, Mr. Carl Olof;;350034;0.07577300071716309;0;False;false_negative;0.9242269992828369;0.4242269992828369
643;0;3;female;2.0;27.9;3;2;S;Skoog, Miss. Margit Elizabeth;;347088;0.03677518293261528;0;True;true_negative;0.9632248170673847;0.4632248170673847
699;0;1;male;49.0;110.8833;1;1;C;Thayer, Mr. John Borland;C68;17421;0.24517478048801422;0;True;true_negative;0.7548252195119858;0.2548252195119858
787;1;3;female;18.0;7.4958;0;0;S;Sjoblom, Miss. Anna Sofia;;3101265;0.5038085579872131;1;True;true_positive;0.5038085579872131;0.0038085579872131348
70;0;3;male;26.0;8.6625;2;0;S;Kink, Mr. Vincenz;;315151;0.005637296009808779;0;True;true_negative;0.9943627039901912;0.4943627039901912
467;0;2;male;;0.0;0;0;S;Campbell, Mr. William;;239853;0.08735513687133789;0;True;true_negative;0.9126448631286621;0.4126448631286621
176;0;3;male;18.0;7.8542;1;1;S;Klasen, Mr. Klas Albin;;350404;0.02412400022149086;0;True;true_negative;0.9758759997785091;0.47587599977850914
281;0;3;male;65.0;7.75;0;0;Q;Duane, Mr. Frank;;336439;0.029466615989804268;0;True;true_negative;0.9705333840101957;0.47053338401019573
835;0;3;male;18.0;8.3;0;0;S;Allum, Mr. Owen George;;2223;0.09471052139997482;0;True;true_negative;0.9052894786000252;0.4052894786000252
669;0;3;male;43.0;8.05;0;0;S;Cook, Mr. Jacob;;A/5 3536;0.08757825940847397;0;True;true_negative;0.912421740591526;0.41242174059152603
449;1;3;female;5.0;19.2583;2;1;C;Baclini, Miss. Marie Catherine;;2666;0.9436593651771545;1;True;true_positive;0.9436593651771545;0.44365936517715454
229;0;2;male;18.0;13.0;0;0;S;Fahlstrom, Mr. Arne Jonas;;236171;0.09340974688529968;0;True;true_negative;0.9065902531147003;0.4065902531147003
421;0;3;male;;7.8958;0;0;C;Gheorgheff, Mr. Stanio;;349254;0.2062164843082428;0;True;true_negative;0.7937835156917572;0.2937835156917572
221;1;3;male;16.0;8.05;0;0;S;Sunderland, Mr. Victor Francis;;SOTON/OQ 392089;0.07657704502344131;0;False;false_negative;0.9234229549765587;0.4234229549765587
71;0;2;male;32.0;10.5;0;0;S;Jenkin, Mr. Stephen Curnow;;C.A. 33111;0.1137097105383873;0;True;true_negative;0.8862902894616127;0.3862902894616127
834;0;3;male;23.0;7.8542;0;0;S;Augustsson, Mr. Albert;;347468;0.09165439009666443;0;True;true_negative;0.9083456099033356;0.40834560990333557
886;0;3;female;39.0;29.125;0;5;Q;Rice, Mrs. William (Margaret Norton);;382652;0.1357000321149826;0;True;true_negative;0.8642999678850174;0.3642999678850174
16;1;2;female;55.0;16.0;0;0;S;Hewlett, Mrs. (Mary D Kingcome) ;;248706;0.791039764881134;1;True;true_positive;0.791039764881134;0.29103976488113403
587;0;2;male;47.0;15.0;0;0;S;Jarvis, Mr. John Denzil;;237565;0.045539744198322296;0;True;true_negative;0.9544602558016777;0.4544602558016777
582;1;1;female;39.0;110.8833;1;1;C;Thayer, Mrs. John Borland (Marian Longstreth Morris);C68;17421;0.9924091100692749;1;True;true_positive;0.9924091100692749;0.4924091100692749
628;1;1;female;21.0;77.9583;0;0;S;Longley, Miss. Gretchen Fiske;D9;13502;0.9404274225234985;1;True;true_positive;0.9404274225234985;0.44042742252349854
330;1;1;female;16.0;57.9792;0;1;C;Hippach, Miss. Jean Gertrude;B18;111361;0.9968942403793335;1;True;true_positive;0.9968942403793335;0.4968942403793335
726;0;3;male;20.0;8.6625;0;0;S;Oreskovic, Mr. Luka;;315094;0.020826926454901695;0;True;true_negative;0.9791730735450983;0.4791730735450983
409;0;3;male;21.0;7.775;0;0;S;Birkeland, Mr. Hans Martin Monsen;;312992;0.07964899390935898;0;True;true_negative;0.920351006090641;0.420351006090641
664;0;3;male;36.0;7.4958;0;0;S;Coleff, Mr. Peju;;349210;0.08551053702831268;0;True;true_negative;0.9144894629716873;0.4144894629716873
507;1;2;female;33.0;26.0;0;2;S;Quick, Mrs. Frederick Charles (Jane Richards);;26360;0.9729878306388855;1;True;true_positive;0.9729878306388855;0.4729878306388855
737;0;3;female;48.0;34.375;1;3;S;Ford, Mrs. Edward (Margaret Ann Watson);;W./C. 6608;0.2630893290042877;0;True;true_negative;0.7369106709957123;0.23691067099571228
578;1;1;female;39.0;55.9;1;0;S;Silvey, Mrs. William Baird (Alice Munger);E44;13507;0.9732511043548584;1;True;true_positive;0.9732511043548584;0.4732511043548584
607;0;3;male;30.0;7.8958;0;0;S;Karaic, Mr. Milan;;349246;0.08943906426429749;0;True;true_negative;0.9105609357357025;0.4105609357357025
287;1;3;male;30.0;9.5;0;0;S;de Mulder, Mr. Theodore;;345774;0.09072018414735794;0;False;false_negative;0.9092798158526421;0.40927981585264206
839;1;3;male;32.0;56.4958;0;0;S;Chip, Mr. Chang;;1601;0.38085949420928955;0;False;false_negative;0.6191405057907104;0.11914050579071045
435;0;1;male;50.0;55.9;1;0;S;Silvey, Mr. William Baird;E44;13507;0.7900855541229248;1;False;false_positive;0.7900855541229248;0.2900855541229248
592;1;1;female;52.0;78.2667;1;0;C;Stephenson, Mrs. Walter Bertram (Martha Eustis);D20;36947;0.9927428960800171;1;True;true_positive;0.9927428960800171;0.4927428960800171
145;0;2;male;18.0;11.5;0;0;S;Andrew, Mr. Edgardo Samuel;;231945;0.07227544486522675;0;True;true_negative;0.9277245551347733;0.42772455513477325
243;0;2;male;29.0;10.5;0;0;S;Coleridge, Mr. Reginald Charles;;W./C. 14263;0.09023770689964294;0;True;true_negative;0.9097622931003571;0.40976229310035706
601;1;2;female;24.0;27.0;2;1;S;Jacobsohn, Mrs. Sidney Samuel (Amy Frances Christy);;243847;0.8834918141365051;1;True;true_positive;0.8834918141365051;0.3834918141365051
819;0;3;male;43.0;6.45;0;0;S;Holm, Mr. John Fredrik Alexander;;C 7075;0.0170782171189785;0;True;true_negative;0.9829217828810215;0.4829217828810215
722;0;3;male;17.0;7.0542;1;0;S;Jensen, Mr. Svend Lauritz;;350048;0.022265834733843803;0;True;true_negative;0.9777341652661562;0.4777341652661562
19;0;3;female;31.0;18.0;1;0;S;Vander Planke, Mrs. Julius (Emelia Maria Vandemoortele);;345763;0.6935333013534546;1;False;false_positive;0.6935333013534546;0.1935333013534546
631;1;1;male;80.0;30.0;0;0;S;Barkworth, Mr. Algernon Henry Wilson;A23;27042;0.18015094101428986;0;False;false_negative;0.8198490589857101;0.31984905898571014
256;1;3;female;29.0;15.2458;0;2;C;Touma, Mrs. Darwis (Hanne Youssef Razi);;2650;0.23834460973739624;0;False;false_negative;0.7616553902626038;0.26165539026260376
809;0;2;male;39.0;13.0;0;0;S;Meyer, Mr. August;;248723;0.12000869959592819;0;True;true_negative;0.8799913004040718;0.3799913004040718
39;0;3;female;18.0;18.0;2;0;S;Vander Planke, Miss. Augusta Maria;;345764;0.38853585720062256;0;True;true_negative;0.6114641427993774;0.11146414279937744
686;0;2;male;25.0;41.5792;1;2;C;Laroche, Mr. Joseph Philippe Lemercier;;SC/Paris 2123;0.05484168604016304;0;True;true_negative;0.945158313959837;0.44515831395983696
299;1;1;male;;30.5;0;0;S;Saalfeld, Mr. Adolphe;C106;19988;0.547904908657074;1;True;true_positive;0.547904908657074;0.047904908657073975
369;1;3;female;;7.75;0;0;Q;Jermyn, Miss. Annie;;14313;0.7750808000564575;1;True;true_positive;0.7750808000564575;0.2750808000564575
112;0;3;female;14.5;14.4542;1;0;C;Zabour, Miss. Hileni;;2665;0.4048694670200348;0;True;true_negative;0.5951305329799652;0.09513053297996521
501;0;3;male;17.0;8.6625;0;0;S;Calic, Mr. Petar;;315086;0.09182465821504593;0;True;true_negative;0.9081753417849541;0.40817534178495407
863;1;1;female;48.0;25.9292;0;0;S;Swift, Mrs. Frederick Joel (Margaret Welles Barron);D17;17466;0.9700063467025757;1;True;true_positive;0.9700063467025757;0.4700063467025757
388;1;2;female;36.0;13.0;0;0;S;Buss, Miss. Kate;;27849;0.6979760527610779;1;True;true_positive;0.6979760527610779;0.19797605276107788
593;0;3;male;47.0;7.25;0;0;S;Elsbury, Mr. William James;;A/5 3902;0.016062822192907333;0;True;true_negative;0.9839371778070927;0.48393717780709267
45;1;3;female;19.0;7.8792;0;0;Q;Devaney, Miss. Margaret Delia;;330958;0.6824714541435242;1;True;true_positive;0.6824714541435242;0.18247145414352417
594;0;3;female;;7.75;0;2;Q;Bourke, Miss. Mary;;364848;0.9603204131126404;1;False;false_positive;0.9603204131126404;0.4603204131126404
386;0;2;male;18.0;73.5;0;0;S;Davies, Mr. Charles Henry;;S.O.C. 14879;0.030451402068138123;0;True;true_negative;0.9695485979318619;0.4695485979318619
867;1;2;female;27.0;13.8583;1;0;C;Duran y More, Miss. Asuncion;;SC/PARIS 2149;0.8009567856788635;1;True;true_positive;0.8009567856788635;0.3009567856788635
572;1;1;female;53.0;51.4792;2;0;S;Appleton, Mrs. Edward Dale (Charlotte Lamson);C101;11769;0.9511525630950928;1;True;true_positive;0.9511525630950928;0.4511525630950928
764;1;1;female;36.0;120.0;1;2;S;Carter, Mrs. William Ernest (Lucile Polk);B96 B98;113760;0.9758186936378479;1;True;true_positive;0.9758186936378479;0.4758186936378479
187;1;3;female;;15.5;1;0;Q;"O'Brien, Mrs. Thomas (Johanna ""Hannah"" Godfrey)";;370365;0.09015776216983795;0;False;false_negative;0.909842237830162;0.40984223783016205
162;1;2;female;40.0;15.75;0;0;S;"Watt, Mrs. James (Elizabeth ""Bessie"" Inglis Milne)";;C.A. 33595;0.811004102230072;1;True;true_positive;0.811004102230072;0.311004102230072
411;0;3;male;;7.8958;0;0;S;Sdycoff, Mr. Todor;;349222;0.12208403646945953;0;True;true_negative;0.8779159635305405;0.37791596353054047
408;1;2;male;3.0;18.75;1;1;S;Richards, Master. William Rowe;;29106;0.9572840332984924;1;True;true_positive;0.9572840332984924;0.45728403329849243
131;0;3;male;33.0;7.8958;0;0;C;Drazenoic, Mr. Jozef;;349241;0.12510961294174194;0;True;true_negative;0.8748903870582581;0.37489038705825806
193;1;3;female;19.0;7.8542;1;0;S;Andersen-Jensen, Miss. Carla Christine Nielsine;;350046;0.443798303604126;0;False;false_negative;0.556201696395874;0.05620169639587402
450;1;1;male;52.0;30.5;0;0;S;Peuchen, Major. Arthur Godfrey;C104;113786;0.19032709300518036;0;False;false_negative;0.8096729069948196;0.30967290699481964
853;0;3;female;9.0;15.2458;1;1;C;Boulos, Miss. Nourelain;;2678;0.6095495820045471;1;False;false_positive;0.6095495820045471;0.10954958200454712
704;0;3;male;25.0;7.7417;0;0;Q;Gallagher, Mr. Martin;;36864;0.04372520372271538;0;True;true_negative;0.9562747962772846;0.4562747962772846
487;1;1;female;35.0;90.0;1;0;S;Hoyt, Mrs. Frederick Maxfield (Jane Anne Forby);C93;19943;0.9974648952484131;1;True;true_positive;0.9974648952484131;0.4974648952484131
309;0;2;male;30.0;24.0;1;0;C;Abelson, Mr. Samuel;;P/PP 3381;0.02215634286403656;0;True;true_negative;0.9778436571359634;0.47784365713596344
121;0;2;male;21.0;73.5;2;0;S;Hickman, Mr. Stanley George;;S.O.C. 14879;0.011906469240784645;0;True;true_negative;0.9880935307592154;0.48809353075921535
600;1;1;male;49.0;56.9292;1;0;C;"Duff Gordon, Sir. Cosmo Edmund (""Mr Morgan"")";A20;PC 17485;0.5756480693817139;1;True;true_positive;0.5756480693817139;0.07564806938171387
324;1;2;female;22.0;29.0;1;1;S;Caldwell, Mrs. Albert Francis (Sylvia Mae Harbaugh);;248738;0.9083452224731445;1;True;true_positive;0.9083452224731445;0.40834522247314453
457;0;1;male;65.0;26.55;0;0;S;Millet, Mr. Francis Davis;E38;13509;0.34378576278686523;0;True;true_negative;0.6562142372131348;0.15621423721313477
557;1;1;female;48.0;39.6;1;0;C;"Duff Gordon, Lady. (Lucille Christiana Sutherland) (""Mrs Morgan"")";A16;11755;0.8113577365875244;1;True;true_positive;0.8113577365875244;0.3113577365875244
186;0;1;male;;50.0;0;0;S;Rood, Mr. Hugh Roscoe;A32;113767;0.44769394397735596;0;True;true_negative;0.552306056022644;0.05230605602264404
297;0;3;male;23.5;7.2292;0;0;C;Hanna, Mr. Mansour;;2693;0.24267955124378204;0;True;true_negative;0.757320448756218;0.25732044875621796
796;0;2;male;39.0;13.0;0;0;S;Otter, Mr. Richard;;28213;0.08337730169296265;0;True;true_negative;0.9166226983070374;0.41662269830703735
144;0;3;male;19.0;6.75;0;0;Q;Burke, Mr. Jeremiah;;365222;0.07282346487045288;0;True;true_negative;0.9271765351295471;0.4271765351295471
241;0;3;female;;14.4542;1;0;C;Zabour, Miss. Thamine;;2665;0.38561952114105225;0;True;true_negative;0.6143804788589478;0.11438047885894775
836;1;1;female;39.0;83.1583;1;1;C;Compton, Miss. Sara Rebecca;E49;PC 17756;0.9951958060264587;1;True;true_positive;0.9951958060264587;0.49519580602645874
802;1;2;female;31.0;26.25;1;1;S;Collyer, Mrs. Harvey (Charlotte Annie Tate);;C.A. 31921;0.975083589553833;1;True;true_positive;0.975083589553833;0.475083589553833
609;1;2;female;22.0;41.5792;1;2;C;Laroche, Mrs. Joseph (Juliette Marie Louise Lafargue);;SC/Paris 2123;0.9312679171562195;1;True;true_positive;0.9312679171562195;0.4312679171562195
488;0;1;male;58.0;29.7;0;0;C;Kent, Mr. Edward Austin;B37;11771;0.1867493987083435;0;True;true_negative;0.8132506012916565;0.3132506012916565
784;0;3;male;;23.45;1;2;S;Johnston, Mr. Andrew G;;W./C. 6607;0.011284084059298038;0;True;true_negative;0.988715915940702;0.48871591594070196
239;0;2;male;19.0;10.5;0;0;S;Pengelly, Mr. Frederick William;;28665;0.06576558202505112;0;True;true_negative;0.9342344179749489;0.4342344179749489
638;0;2;male;31.0;26.25;1;1;S;Collyer, Mr. Harvey;;C.A. 31921;0.1090075746178627;0;True;true_negative;0.8909924253821373;0.3909924253821373
550;1;2;male;8.0;36.75;1;1;S;Davies, Master. John Morgan Jr;;C.A. 33112;0.629564642906189;1;True;true_positive;0.629564642906189;0.12956464290618896
190;0;3;male;36.0;7.8958;0;0;S;Turcin, Mr. Stjepan;;349247;0.0811106264591217;0;True;true_negative;0.9188893735408783;0.4188893735408783
660;0;1;male;58.0;113.275;0;2;C;Newell, Mr. Arthur Webster;D48;35273;0.24952299892902374;0;True;true_negative;0.7504770010709763;0.25047700107097626
399;0;2;male;23.0;10.5;0;0;S;Pain, Dr. Alfred;;244278;0.016144607216119766;0;True;true_negative;0.9838553927838802;0.48385539278388023
730;0;3;female;25.0;7.925;1;0;S;Ilmakangas, Miss. Pieta Sofia;;STON/O2. 3101271;0.16826987266540527;0;True;true_negative;0.8317301273345947;0.3317301273345947
606;0;3;male;36.0;15.55;1;0;S;Lindell, Mr. Edvard Bengtsson;;349910;0.09953456372022629;0;True;true_negative;0.9004654362797737;0.4004654362797737
198;0;3;male;42.0;8.4042;0;1;S;Olsen, Mr. Karl Siegwart Andreas;;4579;0.03306037560105324;0;True;true_negative;0.9669396243989468;0.46693962439894676
430;1;3;male;32.0;8.05;0;0;S;Pickard, Mr. Berk (Berk Trembisky);E10;SOTON/O.Q. 392078;0.34358006715774536;0;False;false_negative;0.6564199328422546;0.15641993284225464
230;0;3;female;;25.4667;3;1;S;Lefebre, Miss. Mathilde;;4133;0.06311991065740585;0;True;true_negative;0.9368800893425941;0.43688008934259415
812;0;3;male;39.0;24.15;0;0;S;Lester, Mr. James;;A/4 48871;0.14608170092105865;0;True;true_negative;0.8539182990789413;0.35391829907894135
887;0;2;male;27.0;13.0;0;0;S;Montvila, Rev. Juozas;;211536;0.3725997805595398;0;True;true_negative;0.6274002194404602;0.1274002194404602
858;1;1;male;51.0;26.55;0;0;S;Daly, Mr. Peter Denis ;E17;113055;0.22340862452983856;0;False;false_negative;0.7765913754701614;0.27659137547016144
300;1;1;female;50.0;247.5208;0;1;C;Baxter, Mrs. James (Helene DeLaudeniere Chaput);B58 B60;PC 17558;0.9443075656890869;1;True;true_positive;0.9443075656890869;0.4443075656890869
188;1;1;male;45.0;26.55;0;0;S;"Romaine, Mr. Charles Hallace (""Mr C Rolmane"")";;111428;0.12017056345939636;0;False;false_negative;0.8798294365406036;0.37982943654060364
155;0;3;male;;7.3125;0;0;S;Olsen, Mr. Ole Martin;;Fa 265302;0.0349525585770607;0;True;true_negative;0.9650474414229393;0.4650474414229393
344;0;2;male;25.0;13.0;0;0;S;Sedgwick, Mr. Charles Frederick Waddington;;244361;0.009608490392565727;0;True;true_negative;0.9903915096074343;0.4903915096074343
818;0;2;male;31.0;37.0042;1;1;C;Mallet, Mr. Albert;;S.C./PARIS 2079;0.1332111656665802;0;True;true_negative;0.8667888343334198;0.3667888343334198
94;0;3;male;26.0;20.575;1;2;S;Dean, Mr. Bertram Frank;;C.A. 2315;0.009086444973945618;0;True;true_negative;0.9909135550260544;0.4909135550260544
635;0;3;female;9.0;27.9;3;2;S;Skoog, Miss. Mabel;;347088;0.07519717514514923;0;True;true_negative;0.9248028248548508;0.42480282485485077
561;0;3;male;;7.75;0;0;Q;Morrow, Mr. Thomas Rowan;;372622;0.07712621241807938;0;True;true_negative;0.9228737875819206;0.4228737875819206
586;1;1;female;18.0;79.65;0;2;S;Taussig, Miss. Ruth;E68;110413;0.965675950050354;1;True;true_positive;0.965675950050354;0.465675950050354
146;0;2;male;19.0;36.75;1;1;S;Nicholls, Mr. Joseph Charles;;C.A. 33112;0.05817807465791702;0;True;true_negative;0.941821925342083;0.441821925342083
130;0;3;male;45.0;6.975;0;0;S;Ekstrom, Mr. Johan;;347061;0.017393184825778008;0;True;true_negative;0.982606815174222;0.482606815174222
69;1;3;female;17.0;7.925;4;2;S;Andersson, Miss. Erna Alexandra;;3101281;0.14186660945415497;0;False;false_negative;0.858133390545845;0.35813339054584503
353;0;3;male;15.0;7.2292;1;1;C;Elias, Mr. Tannous;;2695;0.1379053294658661;0;True;true_negative;0.8620946705341339;0.3620946705341339
323;1;2;female;30.0;12.35;0;0;Q;Slayter, Miss. Hilda Mary;;234818;0.9081998467445374;1;True;true_positive;0.9081998467445374;0.40819984674453735
841;0;3;male;20.0;7.925;0;0;S;Alhomaki, Mr. Ilmari Rudolf;;SOTON/O2 3101287;0.10018683224916458;0;True;true_negative;0.8998131677508354;0.3998131677508354
199;1;3;female;;7.75;0;0;Q;"Madigan, Miss. Margaret ""Maggie""";;370370;0.6411041617393494;1;True;true_positive;0.6411041617393494;0.14110416173934937
741;1;1;male;;30.0;0;0;S;Hawksford, Mr. Walter James;D45;16988;0.7685591578483582;1;True;true_positive;0.7685591578483582;0.26855915784835815
644;1;3;male;;56.4958;0;0;S;Foo, Mr. Choong;;1601;0.3109598159790039;0;False;false_negative;0.6890401840209961;0.1890401840209961
385;0;3;male;;7.8958;0;0;S;Plotcharsky, Mr. Vasil;;349227;0.12208403646945953;0;True;true_negative;0.8779159635305405;0.37791596353054047
171;0;1;male;61.0;33.5;0;0;S;Van der hoef, Mr. Wyckoff;B19;111240;0.0968121886253357;0;True;true_negative;0.9031878113746643;0.4031878113746643
453;0;1;male;30.0;27.75;0;0;C;Foreman, Mr. Benjamin Laventall;C111;113051;0.47211822867393494;0;True;true_negative;0.5278817713260651;0.027881771326065063
366;0;3;male;30.0;7.25;0;0;S;Adahl, Mr. Mauritz Nils Martin;;C 7076;0.08471883833408356;0;True;true_negative;0.9152811616659164;0.41528116166591644
480;1;3;female;2.0;12.2875;0;1;S;Hirvonen, Miss. Hildur E;;3101298;0.7266558408737183;1;True;true_positive;0.7266558408737183;0.22665584087371826
701;1;1;female;18.0;227.525;1;0;C;Astor, Mrs. John Jacob (Madeleine Talmadge Force);C62 C64;PC 17757;0.9948463439941406;1;True;true_positive;0.9948463439941406;0.4948463439941406
20;1;3;female;;7.225;0;0;C;Masselmani, Mrs. Fatima;;2649;0.6668099761009216;1;True;true_positive;0.6668099761009216;0.16680997610092163
880;1;1;female;56.0;83.1583;0;1;C;Potter, Mrs. Thomas Jr (Lily Alexenia Wilson);C50;11767;0.9635666608810425;1;True;true_positive;0.9635666608810425;0.4635666608810425
224;0;3;male;;7.8958;0;0;S;Nenkoff, Mr. Christo;;349234;0.12208403646945953;0;True;true_negative;0.8779159635305405;0.37791596353054047
843;1;1;female;30.0;31.0;0;0;C;Serepeca, Miss. Augusta;;113798;0.9397311806678772;1;True;true_positive;0.9397311806678772;0.4397311806678772
775;1;2;female;54.0;23.0;1;3;S;Hocking, Mrs. Elizabeth (Eliza Needs);;29105;0.540547251701355;1;True;true_positive;0.540547251701355;0.04054725170135498
462;0;3;male;34.0;8.05;0;0;S;Morley, Mr. William;;364506;0.12128317356109619;0;True;true_negative;0.8787168264389038;0.3787168264389038
770;0;3;male;32.0;8.3625;0;0;S;Gronnestad, Mr. Daniel Danielsen;;8471;0.2595382630825043;0;True;true_negative;0.7404617369174957;0.24046173691749573
806;0;3;male;31.0;7.775;0;0;S;Johansson, Mr. Karl Johan;;347063;0.24897219240665436;0;True;true_negative;0.7510278075933456;0.25102780759334564
559;1;1;female;39.0;79.65;1;1;S;Taussig, Mrs. Emil (Tillie Mandelbaum);E67;110413;0.9806061387062073;1;True;true_positive;0.9806061387062073;0.4806061387062073
518;0;3;male;;24.15;0;0;Q;Ryan, Mr. Patrick;;371110;0.07206552475690842;0;True;true_negative;0.9279344752430916;0.4279344752430916
95;0;3;male;59.0;7.25;0;0;S;Coxon, Mr. Daniel;;364500;0.041138797998428345;0;True;true_negative;0.9588612020015717;0.45886120200157166
619;1;2;female;4.0;39.0;2;1;S;Becker, Miss. Marion Louise;F4;230136;0.9296228289604187;1;True;true_positive;0.9296228289604187;0.4296228289604187
778;1;3;female;5.0;12.475;0;0;S;Emanuel, Miss. Virginia Ethel;;364516;0.9365183115005493;1;True;true_positive;0.9365183115005493;0.4365183115005493
693;1;3;male;;56.4958;0;0;S;Lam, Mr. Ali;;1601;0.22627121210098267;0;False;false_negative;0.7737287878990173;0.27372878789901733
117;0;3;male;70.5;7.75;0;0;Q;Connors, Mr. Patrick;;370369;0.06597191840410233;0;True;true_negative;0.9340280815958977;0.4340280815958977
228;0;3;male;20.5;7.25;0;0;S;"Lovell, Mr. John Hall (""Henry"")";;A/5 21173;0.059036653488874435;0;True;true_negative;0.9409633465111256;0.44096334651112556
768;0;3;female;30.5;7.75;0;0;Q;Mangan, Miss. Mary;;364850;0.21925821900367737;0;True;true_negative;0.7807417809963226;0.28074178099632263
15;0;3;female;14.0;7.8542;0;0;S;Vestrom, Miss. Hulda Amanda Adolfina;;350406;0.8782702088356018;1;False;false_positive;0.8782702088356018;0.3782702088356018
749;0;1;male;19.0;53.1;1;0;S;Marvin, Mr. Daniel Warner;D30;113773;0.4774249196052551;0;True;true_negative;0.5225750803947449;0.022575080394744873
306;1;1;male;0.92;151.55;1;2;S;Allison, Master. Hudson Trevor;C22 C26;113781;0.8246603012084961;1;True;true_positive;0.8246603012084961;0.3246603012084961
872;1;1;female;47.0;52.5542;1;1;S;Beckwith, Mrs. Richard Leonard (Sallie Monypeny);D35;11751;0.9806937575340271;1;True;true_positive;0.9806937575340271;0.4806937575340271
666;0;2;male;32.0;73.5;2;0;S;Hickman, Mr. Lewis;;S.O.C. 14879;0.44240400195121765;0;True;true_negative;0.5575959980487823;0.05759599804878235
555;1;3;female;22.0;7.775;0;0;S;Ohman, Miss. Velin;;347085;0.7425191402435303;1;True;true_positive;0.7425191402435303;0.24251914024353027
27;0;3;male;;7.225;0;0;C;Emir, Mr. Farred Chehab;;2631;0.05791568011045456;0;True;true_negative;0.9420843198895454;0.44208431988954544
537;0;1;male;45.0;26.55;0;0;S;Butt, Major. Archibald Willingham;B38;113050;0.49758461117744446;0;True;true_negative;0.5024153888225555;0.002415388822555542
536;1;2;female;7.0;26.25;0;2;S;Hart, Miss. Eva Miriam;;F.C.C. 13529;0.8708705306053162;1;True;true_positive;0.8708705306053162;0.37087053060531616
356;0;3;male;28.0;9.5;0;0;S;Vanden Steen, Mr. Leo Peter;;345783;0.09072018414735794;0;True;true_negative;0.9092798158526421;0.40927981585264206
668;0;3;male;;7.775;0;0;S;Rommetvedt, Mr. Knud Paust;;312993;0.16770021617412567;0;True;true_negative;0.8322997838258743;0.33229978382587433
495;0;3;male;21.0;8.05;0;0;S;Stanley, Mr. Edward Roland;;A/4 45380;0.03444448485970497;0;True;true_negative;0.965555515140295;0.46555551514029503
441;1;2;female;45.0;26.25;1;1;S;Hart, Mrs. Benjamin (Esther Ada Bloomfield);;F.C.C. 13529;0.7023417949676514;1;True;true_positive;0.7023417949676514;0.20234179496765137
870;1;3;male;4.0;11.1333;1;1;S;Johnson, Master. Harold Theodor;;347742;0.9780087471008301;1;True;true_positive;0.9780087471008301;0.4780087471008301
363;0;3;female;45.0;14.4542;0;1;C;Barbara, Mrs. (Catherine David);;2691;0.44644296169281006;0;True;true_negative;0.5535570383071899;0.05355703830718994
468;0;1;male;56.0;26.55;0;0;S;Smart, Mr. John Montgomery;;113792;0.1362340897321701;0;True;true_negative;0.8637659102678299;0.3637659102678299
35;0;1;male;28.0;82.1708;1;0;C;Meyer, Mr. Edgar Joseph;;PC 17604;0.2623119652271271;0;True;true_negative;0.7376880347728729;0.23768803477287292
554;1;3;male;22.0;7.225;0;0;C;"Leeni, Mr. Fahim (""Philip Zenni"")";;2620;0.10916245728731155;0;False;false_negative;0.8908375427126884;0.39083754271268845
891;0;3;male;32.0;7.75;0;0;Q;Dooley, Mr. Patrick;;370376;0.009633206762373447;0;True;true_negative;0.9903667932376266;0.49036679323762655
733;0;2;male;;0.0;0;0;S;Knight, Mr. Robert J;;239855;0.08735513687133789;0;True;true_negative;0.9126448631286621;0.4126448631286621
883;0;3;female;22.0;10.5167;0;0;S;Dahlberg, Miss. Gerda Ulrika;;7552;0.4557728171348572;0;True;true_negative;0.5442271828651428;0.04422718286514282
133;0;3;female;47.0;14.5;1;0;S;Robins, Mrs. Alexander A (Grace Charity Laury);;A/5. 3337;0.02676723152399063;0;True;true_negative;0.9732327684760094;0.47323276847600937
846;0;3;male;42.0;7.55;0;0;S;Abbing, Mr. Anthony;;C.A. 5547;0.025859052315354347;0;True;true_negative;0.9741409476846457;0.47414094768464565
873;0;1;male;33.0;5.0;0;0;S;Carlsson, Mr. Frans Olof;B51 B53 B55;695;0.03259480372071266;0;True;true_negative;0.9674051962792873;0.46740519627928734
618;0;3;female;26.0;16.1;1;0;S;Lobb, Mrs. William Arthur (Cordelia K Stanlick);;A/5. 3336;0.4996747076511383;0;True;true_negative;0.5003252923488617;0.00032529234886169434
33;1;3;female;;7.75;0;0;Q;Glynn, Miss. Mary Agatha;;335677;0.7750808000564575;1;True;true_positive;0.7750808000564575;0.2750808000564575
716;0;3;male;19.0;7.65;0;0;S;Soholt, Mr. Peter Andreas Lauritz Andersen;F G73;348124;0.19674533605575562;0;True;true_negative;0.8032546639442444;0.3032546639442444
377;1;3;female;22.0;7.25;0;0;S;Landergren, Miss. Aurora Adelia;;C 7077;0.7878190279006958;1;True;true_positive;0.7878190279006958;0.2878190279006958
797;1;1;female;49.0;25.9292;0;0;S;Leader, Dr. Alice (Farnham);D17;17465;0.6406129002571106;1;True;true_positive;0.6406129002571106;0.1406129002571106
639;0;3;female;41.0;39.6875;0;5;S;Panula, Mrs. Juha (Maria Emilia Ojala);;3101295;0.22115585207939148;0;True;true_negative;0.7788441479206085;0.2788441479206085
308;1;1;female;17.0;108.9;1;0;C;Penasco y Castellana, Mrs. Victor de Satode (Maria Josefa Perez de Soto y Vallejo);C65;PC 17758;0.9974344372749329;1;True;true_positive;0.9974344372749329;0.49743443727493286
491;0;3;male;;19.9667;1;0;S;Hagland, Mr. Konrad Mathias Reiersen;;65304;0.08738677203655243;0;True;true_negative;0.9126132279634476;0.41261322796344757
414;0;2;male;;0.0;0;0;S;Cunningham, Mr. Alfred Fleming;;239853;0.063154436647892;0;True;true_negative;0.936845563352108;0.436845563352108
562;0;3;male;40.0;7.8958;0;0;S;Sivic, Mr. Husein;;349251;0.12480568140745163;0;True;true_negative;0.8751943185925484;0.37519431859254837
890;1;1;male;26.0;30.0;0;0;C;Behr, Mr. Karl Howell;C148;111369;0.6684898734092712;1;True;true_positive;0.6684898734092712;0.16848987340927124
739;0;3;male;;7.8958;0;0;S;Ivanoff, Mr. Kanio;;349201;0.021826667711138725;0;True;true_negative;0.9781733322888613;0.4781733322888613
72;0;3;female;16.0;46.9;5;2;S;Goodwin, Miss. Lillian Amy;;CA 2144;0.024516386911273003;0;True;true_negative;0.975483613088727;0.475483613088727
378;0;1;male;27.0;211.5;0;2;C;Widener, Mr. Harry Elkins;C82;113503;0.49247127771377563;0;True;true_negative;0.5075287222862244;0.007528722286224365
576;0;3;male;19.0;14.5;0;0;S;Patchett, Mr. George;;358585;0.008416339755058289;0;True;true_negative;0.9915836602449417;0.4915836602449417
705;0;3;male;26.0;7.8542;1;0;S;Hansen, Mr. Henrik Juul;;350025;0.12978650629520416;0;True;true_negative;0.8702134937047958;0.37021349370479584
531;1;2;female;2.0;26.0;1;1;S;Quick, Miss. Phyllis May;;26360;0.9104049801826477;1;True;true_positive;0.9104049801826477;0.4104049801826477
129;1;3;female;;22.3583;1;1;C;Peter, Miss. Anna;F E69;2668;0.600492000579834;1;True;true_positive;0.600492000579834;0.10049200057983398
824;1;3;female;27.0;12.475;0;1;S;Moor, Mrs. (Beila);E121;392096;0.8552079200744629;1;True;true_positive;0.8552079200744629;0.3552079200744629
724;0;2;male;50.0;13.0;0;0;S;Hodges, Mr. Henry Price;;250643;0.08612477034330368;0;True;true_negative;0.9138752296566963;0.4138752296566963
164;0;3;male;17.0;8.6625;0;0;S;Calic, Mr. Jovo;;315093;0.07657704502344131;0;True;true_negative;0.9234229549765587;0.4234229549765587
205;1;3;male;18.0;8.05;0;0;S;"Cohen, Mr. Gurshon ""Gus""";;A/5 3540;0.02535916492342949;0;False;false_negative;0.9746408350765705;0.4746408350765705
248;1;2;female;24.0;14.5;0;2;S;Hamalainen, Mrs. William (Anna);;250649;0.6459474563598633;1;True;true_positive;0.6459474563598633;0.14594745635986328
719;0;3;male;;15.5;0;0;Q;McEvoy, Mr. Michael;;36568;0.09973325580358505;0;True;true_negative;0.900266744196415;0.40026674419641495
541;1;1;female;36.0;71.0;0;2;S;Crosby, Miss. Harriet R;B22;WE/P 5735;0.9872018098831177;1;True;true_positive;0.9872018098831177;0.4872018098831177
874;0;3;male;47.0;9.0;0;0;S;Vander Cruyssen, Mr. Victor;;345765;0.11002174764871597;0;True;true_negative;0.889978252351284;0.389978252351284
393;0;3;male;28.0;7.925;2;0;S;Gustafsson, Mr. Johan Birger;;3101277;0.11700408905744553;0;True;true_negative;0.8829959109425545;0.3829959109425545
73;0;2;male;21.0;73.5;0;0;S;Hood, Mr. Ambrose Jr;;S.O.C. 14879;0.18101131916046143;0;True;true_negative;0.8189886808395386;0.3189886808395386
528;0;1;male;;221.7792;0;0;S;Farthing, Mr. John;C95;PC 17483;0.3888888657093048;0;True;true_negative;0.6111111342906952;0.11111113429069519
783;0;1;male;29.0;30.0;0;0;S;Long, Mr. Milton Clyde;D6;113501;0.79928058385849;1;False;false_positive;0.79928058385849;0.29928058385849
830;1;1;female;62.0;80.0;0;0;;Stone, Mrs. George Nelson (Martha Evelyn);B28;113572;0.8986077904701233;1;True;true_positive;0.8986077904701233;0.3986077904701233
613;1;3;female;;15.5;1;0;Q;Murphy, Miss. Margaret Jane;;367230;0.5524623990058899;1;True;true_positive;0.5524623990058899;0.05246239900588989
856;1;3;female;18.0;9.35;0;1;S;Aks, Mrs. Sam (Leah Rosen);;392091;0.3460804522037506;0;False;false_negative;0.6539195477962494;0.1539195477962494
663;0;1;male;47.0;25.5875;0;0;S;Colley, Mr. Edward Pomeroy;E58;5727;0.26688846945762634;0;True;true_negative;0.7331115305423737;0.23311153054237366
253;0;1;male;62.0;26.55;0;0;S;Stead, Mr. William Thomas;C87;113514;0.1944667100906372;0;True;true_negative;0.8055332899093628;0.3055332899093628
126;1;3;male;12.0;11.2417;1;0;C;Nicola-Yarred, Master. Elias;;2651;0.5128763318061829;1;True;true_positive;0.5128763318061829;0.012876331806182861
504;0;3;female;37.0;9.5875;0;0;S;Laitinen, Miss. Kristina Sofia;;4135;0.4991413950920105;0;True;true_negative;0.5008586049079895;0.000858604907989502
167;1;1;female;;55.0;0;1;S;Chibnall, Mrs. (Edith Martha Bowerman);E33;113505;0.9870045781135559;1;True;true_positive;0.9870045781135559;0.4870045781135559
382;1;3;female;1.0;15.7417;0;2;C;"Nakid, Miss. Maria (""Mary"")";;2653;0.8853625059127808;1;True;true_positive;0.8853625059127808;0.38536250591278076
832;1;2;male;0.83;18.75;1;1;S;Richards, Master. George Sibley;;29106;0.9772825241088867;1;True;true_positive;0.9772825241088867;0.4772825241088867
460;0;3;male;;7.75;0;0;Q;O'Connor, Mr. Maurice;;371060;0.062104787677526474;0;True;true_negative;0.9378952123224735;0.4378952123224735
226;0;3;male;22.0;9.35;0;0;S;Berglund, Mr. Karl Ivar Sven;;PP 4348;0.030543308705091476;0;True;true_negative;0.9694566912949085;0.4694566912949085
563;0;2;male;28.0;13.5;0;0;S;Norman, Mr. Robert Douglas;;218629;0.08736566454172134;0;True;true_negative;0.9126343354582787;0.41263433545827866
675;0;2;male;;0.0;0;0;S;Watson, Mr. Ennis Hastings;;239856;0.063154436647892;0;True;true_negative;0.936845563352108;0.436845563352108
734;0;2;male;23.0;13.0;0;0;S;Berriman, Mr. William John;;28425;0.0775812417268753;0;True;true_negative;0.9224187582731247;0.4224187582731247
589;0;3;male;22.0;8.05;0;0;S;Gilinski, Mr. Eliezer;;14973;0.10054919123649597;0;True;true_negative;0.899450808763504;0.39945080876350403
799;0;3;male;30.0;7.2292;0;0;C;Ibrahim Shawah, Mr. Yousseff;;2685;0.10303090512752533;0;True;true_negative;0.8969690948724747;0.39696909487247467
333;0;1;male;38.0;153.4625;0;1;S;Graham, Mr. George Edward;C91;PC 17582;0.6394457221031189;1;False;false_positive;0.6394457221031189;0.1394457221031189
127;0;3;male;;7.75;0;0;Q;McMahon, Mr. Martin;;370372;0.01384573895484209;0;True;true_negative;0.9861542610451579;0.4861542610451579
57;1;2;female;21.0;10.5;0;0;S;Rugg, Miss. Emily;;C.A. 31026;0.8013759851455688;1;True;true_positive;0.8013759851455688;0.30137598514556885
496;0;3;male;;14.4583;0;0;C;Yousseff, Mr. Gerious;;2627;0.042282894253730774;0;True;true_negative;0.9577171057462692;0.4577171057462692
604;0;3;male;44.0;8.05;0;0;S;Torber, Mr. Ernst William;;364511;0.26394376158714294;0;True;true_negative;0.7360562384128571;0.23605623841285706
99;1;2;female;34.0;23.0;0;1;S;Doling, Mrs. John T (Ada Julia Bone);;231919;0.914480447769165;1;True;true_positive;0.914480447769165;0.41448044776916504
249;1;1;male;37.0;52.5542;1;1;S;Beckwith, Mr. Richard Leonard;D35;11751;0.13477247953414917;0;False;false_negative;0.8652275204658508;0.36522752046585083
575;0;3;male;16.0;8.05;0;0;S;Rush, Mr. Alfred George John;;A/4. 20589;0.48798781633377075;0;True;true_negative;0.5120121836662292;0.012012183666229248
439;0;1;male;64.0;263.0;1;4;S;Fortune, Mr. Mark;C23 C25 C27;19950;0.00808623805642128;0;True;true_negative;0.9919137619435787;0.4919137619435787
861;0;3;male;41.0;14.1083;2;0;S;Hansen, Mr. Claus Peter;;350026;0.020038403570652008;0;True;true_negative;0.979961596429348;0.479961596429348
567;0;3;male;19.0;7.8958;0;0;S;Stoytcheff, Mr. Ilia;;349205;0.09948375821113586;0;True;true_negative;0.9005162417888641;0.40051624178886414
214;0;2;male;30.0;13.0;0;0;S;Givard, Mr. Hans Kristensen;;250646;0.1351727992296219;0;True;true_negative;0.8648272007703781;0.3648272007703781
653;0;3;male;21.0;8.4333;0;0;S;Kalvik, Mr. Johannes Halvorsen;;8475;0.08523257076740265;0;True;true_negative;0.9147674292325974;0.41476742923259735
564;0;3;male;;8.05;0;0;S;Simmons, Mr. John;;SOTON/OQ 392082;0.12134925276041031;0;True;true_negative;0.8786507472395897;0.3786507472395897
649;0;3;male;;7.55;0;0;S;Willey, Mr. Edward;;S.O./P.P. 751;0.040500886738300323;0;True;true_negative;0.9594991132616997;0.4594991132616997
2;1;1;female;38.0;71.2833;1;0;C;Cumings, Mrs. John Bradley (Florence Briggs Thayer);C85;PC 17599;0.9898752570152283;1;True;true_positive;0.9898752570152283;0.48987525701522827
422;0;3;male;21.0;7.7333;0;0;Q;Charters, Mr. David;;A/5. 13032;0.16902853548526764;0;True;true_negative;0.8309714645147324;0.33097146451473236
674;1;2;male;31.0;13.0;0;0;S;Wilhelms, Mr. Charles;;244270;0.26670968532562256;0;False;false_negative;0.7332903146743774;0.23329031467437744
119;0;1;male;24.0;247.5208;0;1;C;Baxter, Mr. Quigg Edmond;B58 B60;PC 17558;0.2574559450149536;0;True;true_negative;0.7425440549850464;0.2425440549850464
61;0;3;male;22.0;7.2292;0;0;C;Sirayanian, Mr. Orsen;;2669;0.4027419090270996;0;True;true_negative;0.5972580909729004;0.09725809097290039
37;1;3;male;;7.2292;0;0;C;Mamee, Mr. Hanna;;2677;0.03565951809287071;0;False;false_negative;0.9643404819071293;0.4643404819071293
708;1;1;male;42.0;26.2875;0;0;S;Calderhead, Mr. Edward Pennington;E24;PC 17476;0.5110232830047607;1;True;true_positive;0.5110232830047607;0.011023283004760742
703;0;3;female;18.0;14.4542;0;1;C;Barbara, Miss. Saiide;;2691;0.30004844069480896;0;True;true_negative;0.699951559305191;0.19995155930519104
529;0;3;male;39.0;7.925;0;0;S;Salonen, Mr. Johan Werner;;3101296;0.013208420015871525;0;True;true_negative;0.9867915799841285;0.4867915799841285
63;0;1;male;45.0;83.475;1;0;S;Harris, Mr. Henry Birkhardt;C83;36973;0.3914049565792084;0;True;true_negative;0.6085950434207916;0.10859504342079163
315;0;2;male;43.0;26.25;1;1;S;Hart, Mr. Benjamin;;F.C.C. 13529;0.10727444291114807;0;True;true_negative;0.8927255570888519;0.39272555708885193
742;0;1;male;36.0;78.85;1;0;S;Cavendish, Mr. Tyrell William;C46;19877;0.7810739874839783;1;False;false_positive;0.7810739874839783;0.28107398748397827
290;1;3;female;22.0;7.75;0;0;Q;Connolly, Miss. Kate;;370373;0.7728464007377625;1;True;true_positive;0.7728464007377625;0.27284640073776245
90;0;3;male;24.0;8.05;0;0;S;Celotti, Mr. Francesco;;343275;0.10597376525402069;0;True;true_negative;0.8940262347459793;0.3940262347459793
367;1;1;female;60.0;75.25;1;0;C;Warren, Mrs. Frank Manley (Anna Sophia Atkinson);D37;110813;0.9153566956520081;1;True;true_positive;0.9153566956520081;0.41535669565200806
74;0;3;male;26.0;14.4542;1;0;C;Chronopoulos, Mr. Apostolos;;2680;0.025749726220965385;0;True;true_negative;0.9742502737790346;0.4742502737790346
744;0;3;male;24.0;16.1;1;0;S;McNamee, Mr. Neal;;376566;0.08400848507881165;0;True;true_negative;0.9159915149211884;0.41599151492118835
682;1;1;male;27.0;76.7292;0;0;C;Hassab, Mr. Hammad;D49;PC 17572;0.5080410838127136;1;True;true_positive;0.5080410838127136;0.008041083812713623
96;0;3;male;;8.05;0;0;S;Shorney, Mr. Charles Joseph;;374910;0.11793281137943268;0;True;true_negative;0.8820671886205673;0.3820671886205673
14;0;3;male;39.0;31.275;1;5;S;Andersson, Mr. Anders Johan;;347082;0.06136539205908775;0;True;true_negative;0.9386346079409122;0.43863460794091225
240;0;2;male;33.0;12.275;0;0;S;Hunt, Mr. George Henry;;SCO/W 1585;0.12466610968112946;0;True;true_negative;0.8753338903188705;0.37533389031887054
406;0;2;male;34.0;21.0;1;0;S;Gale, Mr. Shadrach;;28664;0.07036126405000687;0;True;true_negative;0.9296387359499931;0.42963873594999313
707;1;2;female;45.0;13.5;0;0;S;"Kelly, Mrs. Florence ""Fannie""";;223596;0.8895553946495056;1;True;true_positive;0.8895553946495056;0.3895553946495056
695;0;1;male;60.0;26.55;0;0;S;Weir, Col. John;;113800;0.20897163450717926;0;True;true_negative;0.7910283654928207;0.29102836549282074
275;1;3;female;;7.75;0;0;Q;"Healy, Miss. Hanora ""Nora""";;370375;0.947070300579071;1;True;true_positive;0.947070300579071;0.44707030057907104
762;0;3;male;41.0;7.125;0;0;S;Nirva, Mr. Iisakki Antino Aijo;;SOTON/O2 3101272;0.030795451253652573;0;True;true_negative;0.9692045487463474;0.4692045487463474
321;0;3;male;22.0;7.25;0;0;S;Dennis, Mr. Samuel;;A/5 21172;0.10498721897602081;0;True;true_negative;0.8950127810239792;0.3950127810239792
23;1;3;female;15.0;8.0292;0;0;Q;"McGowan, Miss. Anna ""Annie""";;330923;0.9531555771827698;1;True;true_positive;0.9531555771827698;0.4531555771827698
544;1;2;male;32.0;26.0;1;0;S;Beane, Mr. Edward;;2908;0.03819914907217026;0;False;false_negative;0.9618008509278297;0.46180085092782974
683;0;3;male;20.0;9.225;0;0;S;Olsvigen, Mr. Thor Anderson;;6563;0.08272523432970047;0;True;true_negative;0.9172747656702995;0.41727476567029953
86;1;3;female;33.0;15.85;3;0;S;Backstrom, Mrs. Karl Alfred (Maria Mathilda Gustafsson);;3101278;0.548255980014801;1;True;true_positive;0.548255980014801;0.048255980014801025
354;0;3;male;25.0;17.8;1;0;S;Arnold-Franchi, Mr. Josef;;349237;0.09389258921146393;0;True;true_negative;0.9061074107885361;0.40610741078853607
178;0;1;female;50.0;28.7125;0;0;C;Isham, Miss. Ann Elizabeth;C49;PC 17595;0.9837324023246765;1;False;false_positive;0.9837324023246765;0.4837324023246765
6;0;3;male;;8.4583;0;0;Q;Moran, Mr. James;;330877;0.07416608929634094;0;True;true_negative;0.9258339107036591;0.42583391070365906
815;0;3;male;30.5;8.05;0;0;S;Tomlin, Mr. Ernest Portage;;364499;0.10375421494245529;0;True;true_negative;0.8962457850575447;0.3962457850575447
48;1;3;female;;7.75;0;0;Q;O'Driscoll, Miss. Bridget;;14311;0.7728464007377625;1;True;true_positive;0.7728464007377625;0.27284640073776245
516;0;1;male;47.0;34.0208;0;0;S;Walker, Mr. William Anderson;D46;36967;0.21470925211906433;0;True;true_negative;0.7852907478809357;0.28529074788093567
383;0;3;male;32.0;7.925;0;0;S;Tikkanen, Mr. Juho;;STON/O 2. 3101293;0.12050458043813705;0;True;true_negative;0.879495419561863;0.37949541956186295
359;1;3;female;;7.8792;0;0;Q;McGovern, Miss. Mary;;330931;0.9346680045127869;1;True;true_positive;0.9346680045127869;0.43466800451278687
84;0;1;male;28.0;47.1;0;0;S;Carrau, Mr. Francisco M;;113059;0.03878335282206535;0;True;true_negative;0.9612166471779346;0.46121664717793465
579;0;3;female;;14.4583;1;0;C;Caram, Mrs. Joseph (Maria Elias);;2689;0.6993504762649536;1;False;false_positive;0.6993504762649536;0.1993504762649536
201;0;3;male;28.0;9.5;0;0;S;Vande Walle, Mr. Nestor Cyriel;;345770;0.23361697793006897;0;True;true_negative;0.766383022069931;0.26638302206993103
671;1;2;female;40.0;39.0;1;1;S;Brown, Mrs. Thomas William Solomon (Elizabeth Catherine Ford);;29750;0.8704221248626709;1;True;true_positive;0.8704221248626709;0.3704221248626709
92;0;3;male;20.0;7.8542;0;0;S;Andreasson, Mr. Paul Edvin;;347466;0.05251043662428856;0;True;true_negative;0.9474895633757114;0.44748956337571144
352;0;1;male;;35.0;0;0;S;Williams-Lambert, Mr. Fletcher Fellows;C128;113510;0.4683612585067749;0;True;true_negative;0.5316387414932251;0.0316387414932251
842;0;2;male;16.0;10.5;0;0;S;Mudd, Mr. Thomas Charles;;S.O./P.P. 3;0.09572478383779526;0;True;true_negative;0.9042752161622047;0.40427521616220474
620;0;2;male;26.0;10.5;0;0;S;Gavey, Mr. Lawrence;;31028;0.1214957907795906;0;True;true_negative;0.8785042092204094;0.3785042092204094
242;1;3;female;;15.5;1;0;Q;"Murphy, Miss. Katherine ""Kate""";;367230;0.6708528995513916;1;True;true_positive;0.6708528995513916;0.1708528995513916
189;0;3;male;40.0;15.5;1;1;Q;Bourke, Mr. John;;364849;0.07994307577610016;0;True;true_negative;0.9200569242238998;0.42005692422389984
810;1;1;female;33.0;53.1;1;0;S;Chambers, Mrs. Norman Campbell (Bertha Griggs);E8;113806;0.9870045781135559;1;True;true_positive;0.9870045781135559;0.4870045781135559
159;0;3;male;;8.6625;0;0;S;Smiljanic, Mr. Mile;;315037;0.09072018414735794;0;True;true_negative;0.9092798158526421;0.40927981585264206
454;1;1;male;49.0;89.1042;1;0;C;Goldenberg, Mr. Samuel L;C92;17453;0.2978159487247467;0;False;false_negative;0.7021840512752533;0.2021840512752533
140;0;1;male;24.0;79.2;0;0;C;Giglio, Mr. Victor;B86;PC 17593;0.6944462060928345;1;False;false_positive;0.6944462060928345;0.19444620609283447
4;1;1;female;35.0;53.1;1;0;S;Futrelle, Mrs. Jacques Heath (Lily May Peel);C123;113803;0.9742515683174133;1;True;true_positive;0.9742515683174133;0.47425156831741333
532;0;3;male;;7.2292;0;0;C;Toufik, Mr. Nakli;;2641;0.03565951809287071;0;True;true_negative;0.9643404819071293;0.4643404819071293
498;0;3;male;;15.1;0;0;S;Shellard, Mr. Frederick William;;C.A. 6212;0.027461333200335503;0;True;true_negative;0.9725386667996645;0.4725386667996645
455;0;3;male;;8.05;0;0;S;Peduzzi, Mr. Joseph;;A/5 2817;0.11793281137943268;0;True;true_negative;0.8820671886205673;0.3820671886205673
245;0;3;male;30.0;7.225;0;0;C;Attalah, Mr. Sleiman;;2694;0.10303090512752533;0;True;true_negative;0.8969690948724747;0.39696909487247467
88;0;3;male;;8.05;0;0;S;Slocovski, Mr. Selman Francis;;SOTON/OQ 392086;0.09645603597164154;0;True;true_negative;0.9035439640283585;0.40354396402835846
195;1;1;female;44.0;27.7208;0;0;C;Brown, Mrs. James Joseph (Margaret Tobin);B4;PC 17610;0.8177868127822876;1;True;true_positive;0.8177868127822876;0.3177868127822876
494;0;1;male;71.0;49.5042;0;0;C;Artagaveytia, Mr. Ramon;;PC 17609;0.12358200550079346;0;True;true_negative;0.8764179944992065;0.37641799449920654
484;1;3;female;63.0;9.5875;0;0;S;Turkula, Mrs. (Hedwig);;4134;0.3498251438140869;0;False;false_negative;0.6501748561859131;0.15017485618591309
828;1;2;male;1.0;37.0042;0;2;C;Mallet, Master. Andre;;S.C./PARIS 2079;0.9088795185089111;1;True;true_positive;0.9088795185089111;0.40887951850891113
876;1;3;female;15.0;7.225;0;0;C;"Najib, Miss. Adele Kiamie ""Jane""";;2667;0.8779534101486206;1;True;true_positive;0.8779534101486206;0.3779534101486206
641;0;3;male;20.0;7.8542;0;0;S;Jensen, Mr. Hans Peder;;350050;0.05251043662428856;0;True;true_negative;0.9474895633757114;0.44748956337571144
339;1;3;male;45.0;8.05;0;0;S;Dahl, Mr. Karl Edwart;;7598;0.09030737727880478;0;False;false_negative;0.9096926227211952;0.4096926227211952
368;1;3;female;;7.2292;0;0;C;Moussa, Mrs. (Mantoura Boulos);;2626;0.7214727997779846;1;True;true_positive;0.7214727997779846;0.22147279977798462
803;1;1;male;11.0;120.0;1;2;S;Carter, Master. William Thornton II;B96 B98;113760;0.9289230704307556;1;True;true_positive;0.9289230704307556;0.4289230704307556
456;1;3;male;29.0;7.8958;0;0;C;Jalsevac, Mr. Ivan;;349240;0.017776260152459145;0;False;false_negative;0.9822237398475409;0.48222373984754086
485;1;1;male;25.0;91.0792;1;0;C;Bishop, Mr. Dickinson H;B49;11967;0.47302529215812683;0;False;false_negative;0.5269747078418732;0.02697470784187317
745;1;3;male;31.0;7.925;0;0;S;Stranden, Mr. Juho;;STON/O 2. 3101288;0.22811807692050934;0;False;false_negative;0.7718819230794907;0.27188192307949066
632;0;3;male;51.0;7.0542;0;0;S;Lundahl, Mr. Johan Svensson;;347743;0.0612410306930542;0;True;true_negative;0.9387589693069458;0.4387589693069458
627;0;2;male;57.0;12.35;0;0;Q;Kirkland, Rev. Charles Leonard;;219533;0.05801805108785629;0;True;true_negative;0.9419819489121437;0.4419819489121437
215;0;3;male;;7.75;1;0;Q;Kiernan, Mr. Philip;;367229;0.006205016281455755;0;True;true_negative;0.9937949837185442;0.49379498371854424
786;0;3;male;25.0;7.25;0;0;S;Harmer, Mr. Abraham (David Lishin);;374887;0.1128775030374527;0;True;true_negative;0.8871224969625473;0.3871224969625473
254;0;3;male;30.0;16.1;1;0;S;Lobb, Mr. William Arthur;;A/5. 3336;0.08738677203655243;0;True;true_negative;0.9126132279634476;0.41261322796344757
202;0;3;male;;69.55;8;2;S;Sage, Mr. Frederick;;CA. 2343;0.09764718264341354;0;True;true_negative;0.9023528173565865;0.40235281735658646
821;1;1;female;52.0;93.5;1;1;S;Hays, Mrs. Charles Melville (Clara Jennings Gregg);B69;12749;0.9950088262557983;1;True;true_positive;0.9950088262557983;0.49500882625579834
104;0;3;male;33.0;8.6542;0;0;S;Johansson, Mr. Gustaf Joel;;7540;0.10348645597696304;0;True;true_negative;0.896513544023037;0.39651354402303696
220;0;2;male;30.0;10.5;0;0;S;Harris, Mr. Walter;;W/C 14208;0.09763331711292267;0;True;true_negative;0.9023666828870773;0.40236668288707733
134;1;2;female;29.0;26.0;1;0;S;Weisz, Mrs. Leopold (Mathilde Francoise Pede);;228414;0.9116182327270508;1;True;true_positive;0.9116182327270508;0.4116182327270508
427;1;2;female;28.0;26.0;1;0;S;Clarke, Mrs. Charles V (Ada Maria Winfield);;2003;0.840226411819458;1;True;true_positive;0.840226411819458;0.340226411819458
556;0;1;male;62.0;26.55;0;0;S;Wright, Mr. George;;113807;0.42161232233047485;0;True;true_negative;0.5783876776695251;0.07838767766952515
530;0;2;male;23.0;11.5;2;1;S;Hocking, Mr. Richard George;;29104;0.015426013618707657;0;True;true_negative;0.9845739863812923;0.48457398638129234
331;1;3;female;;23.25;2;0;Q;McCoy, Miss. Agnes;;367226;0.2963055372238159;0;False;false_negative;0.7036944627761841;0.20369446277618408
334;0;3;male;16.0;18.0;2;0;S;Vander Planke, Mr. Leo Edmondus;;345764;0.03575906157493591;0;True;true_negative;0.9642409384250641;0.4642409384250641
255;0;3;female;41.0;20.2125;0;2;S;Rosblom, Mrs. Viktor (Helena Wilhelmina);;370129;0.42725270986557007;0;True;true_negative;0.5727472901344299;0.07274729013442993
106;0;3;male;28.0;7.8958;0;0;S;Mionoff, Mr. Stoytcho;;349207;0.2078818529844284;0;True;true_negative;0.7921181470155716;0.2921181470155716
428;1;2;female;19.0;26.0;0;0;S;"Phillips, Miss. Kate Florence (""Mrs Kate Louise Phillips Marshall"")";;250655;0.714217483997345;1;True;true_positive;0.714217483997345;0.21421748399734497
12;1;1;female;58.0;26.55;0;0;S;Bonnell, Miss. Elizabeth;C103;113783;0.6468018293380737;1;True;true_positive;0.6468018293380737;0.14680182933807373
662;0;3;male;40.0;7.225;0;0;C;Badt, Mr. Mohamed;;2623;0.08344300091266632;0;True;true_negative;0.9165569990873337;0.4165569990873337
42;0;2;female;27.0;21.0;1;0;S;Turpin, Mrs. William John Robert (Dorothy Ann Wonnacott);;11668;0.9855462312698364;1;False;false_positive;0.9855462312698364;0.4855462312698364
436;1;1;female;14.0;120.0;1;2;S;Carter, Miss. Lucile Polk;B96 B98;113760;0.9289764165878296;1;True;true_positive;0.9289764165878296;0.4289764165878296
553;0;3;male;;7.8292;0;0;Q;O'Brien, Mr. Timothy;;330979;0.1638045459985733;0;True;true_negative;0.8361954540014267;0.3361954540014267
