PassengerId;Survived;Pclass;Sex;Age;Fare;SibSp;Parch;Embarked;Name;Cabin;Ticket;oof_probability;oof_prediction;is_correct;prediction_type;confidence;distance_to_threshold
850;1;1;female;;89.1042;1;0;C;Goldenberg, Mrs. Samuel L (Edwiga Grabowska);C92;17453;0.9797034859657288;1;True;true_positive;0.9797034859657288;0.47970348596572876
262;1;3;male;3.0;31.3875;4;2;S;Asplund, Master. Edvin Rojj Felix;;347077;0.21738801896572113;0;False;false_negative;0.7826119810342789;0.28261198103427887
753;0;3;male;33.0;9.5;0;0;S;Vande Velde, Mr. Johannes Joseph;;345780;0.26563432812690735;0;True;true_negative;0.7343656718730927;0.23436567187309265
538;1;1;female;30.0;106.425;0;0;C;LeRoy, Miss. Bertha;;PC 17761;0.9913337826728821;1;True;true_positive;0.9913337826728821;0.4913337826728821
433;1;2;female;42.0;26.0;1;0;S;Louch, Mrs. Charles Alexander (Alice Adelaide Slow);;SC/AH 3085;0.5747479200363159;1;True;true_positive;0.5747479200363159;0.07474792003631592
289;1;2;male;42.0;13.0;0;0;S;Hosono, Mr. Masabumi;;237798;0.07945859432220459;0;False;false_negative;0.9205414056777954;0.4205414056777954
831;1;3;female;15.0;14.4542;1;0;C;Yasbeck, Mrs. Antoni (Selini Alexander);;2659;0.6080870032310486;1;True;true_positive;0.6080870032310486;0.10808700323104858
776;0;3;male;18.0;7.75;0;0;S;Myhrman, Mr. Pehr Fabian Oliver Malkolm;;347078;0.26563432812690735;0;True;true_negative;0.7343656718730927;0.23436567187309265
522;0;3;male;22.0;7.8958;0;0;S;Vovk, Mr. Janko;;349252;0.07505467534065247;0;True;true_negative;0.9249453246593475;0.42494532465934753
40;1;3;female;14.0;11.2417;1;0;C;Nicola-Yarred, Miss. Jamila;;2651;0.647705614566803;1;True;true_positive;0.647705614566803;0.14770561456680298
177;0;3;male;;25.4667;3;1;S;Lefebre, Master. Henry Forbes;;4133;0.1389893740415573;0;True;true_negative;0.8610106259584427;0.3610106259584427
793;0;3;female;;69.55;8;2;S;Sage, Miss. Stella Anna;;CA. 2343;0.06781254708766937;0;True;true_negative;0.9321874529123306;0.4321874529123306
329;1;3;female;31.0;20.525;1;1;S;Goldsmith, Mrs. Frank John (Emily Alice Brown);;363291;0.5216350555419922;1;True;true_positive;0.5216350555419922;0.021635055541992188
616;1;2;female;24.0;65.0;1;2;S;Herman, Miss. Alice;;220845;0.5747479200363159;1;True;true_positive;0.5747479200363159;0.07474792003631592
370;1;1;female;24.0;69.3;0;0;C;Aubart, Mme. Leontine Pauline;B35;PC 17477;0.5747479200363159;1;True;true_positive;0.5747479200363159;0.07474792003631592
477;0;2;male;34.0;21.0;1;0;S;Renouf, Mr. Peter Henry;;31027;0.11291119456291199;0;True;true_negative;0.887088805437088;0.387088805437088
280;1;3;female;35.0;20.25;1;1;S;Abbott, Mrs. Stanton (Rosa Hunt);;C.A. 2673;0.7447377443313599;1;True;true_positive;0.7447377443313599;0.24473774433135986
5;0;3;male;35.0;8.05;0;0;S;Allen, Mr. William Henry;;373450;0.10762239992618561;0;True;true_negative;0.8923776000738144;0.3923776000738144
798;1;3;female;31.0;8.6833;0;0;S;Osman, Mrs. Mara;;349244;0.41643473505973816;0;False;false_negative;0.5835652649402618;0.08356526494026184
10;1;2;female;14.0;30.0708;1;0;C;Nasser, Mrs. Nicholas (Adele Achem);;237736;0.9888489246368408;1;True;true_positive;0.9888489246368408;0.4888489246368408
326;1;1;female;36.0;135.6333;0;0;C;Young, Miss. Marie Grice;C32;PC 17760;0.5747479200363159;1;True;true_positive;0.5747479200363159;0.07474792003631592
514;1;1;female;54.0;59.4;1;0;C;Rothschild, Mrs. Martin (Elizabeth L. Barrett);;PC 17603;0.9490119814872742;1;True;true_positive;0.9490119814872742;0.44901198148727417
801;0;2;male;34.0;13.0;0;0;S;Ponesell, Mr. Martin;;250647;0.26563432812690735;0;True;true_negative;0.7343656718730927;0.23436567187309265
474;1;2;female;23.0;13.7917;0;0;C;Jerwan, Mrs. Amin S (Marie Marthe Thuillard);D;SC/AH Basle 541;0.9034676551818848;1;True;true_positive;0.9034676551818848;0.40346765518188477
423;0;3;male;29.0;7.875;0;0;S;Zimmerman, Mr. Leo;;315082;0.44171980023384094;0;True;true_negative;0.5582801997661591;0.05828019976615906
87;0;3;male;16.0;34.375;1;3;S;Ford, Mr. William Neal;;W./C. 6608;0.03250296413898468;0;True;true_negative;0.9674970358610153;0.4674970358610153
629;0;3;male;26.0;7.8958;0;0;S;Bostandyeff, Mr. Guentcho;;349224;0.26563432812690735;0;True;true_negative;0.7343656718730927;0.23436567187309265
43;0;3;male;;7.8958;0;0;C;Kraeff, Mr. Theodor;;349253;0.2277192324399948;0;True;true_negative;0.7722807675600052;0.2722807675600052
743;1;1;female;21.0;262.375;2;2;C;"Ryerson, Miss. Susan Parker ""Suzette""";B57 B59 B63 B66;PC 17608;0.7335584759712219;1;True;true_positive;0.7335584759712219;0.23355847597122192
837;0;3;male;21.0;8.6625;0;0;S;Pasic, Mr. Jakob;;315097;0.26563432812690735;0;True;true_negative;0.7343656718730927;0.23436567187309265
611;0;3;female;39.0;31.275;1;5;S;Andersson, Mrs. Anders Johan (Alfrida Konstantia Brogren);;347082;0.5339425206184387;1;False;false_positive;0.5339425206184387;0.03394252061843872
174;0;3;male;21.0;7.925;0;0;S;Sivola, Mr. Antti Wilhelm;;STON/O 2. 3101280;0.1017967090010643;0;True;true_negative;0.8982032909989357;0.3982032909989357
125;0;1;male;54.0;77.2875;0;1;S;White, Mr. Percival Wayland;D26;35281;0.15509268641471863;0;True;true_negative;0.8449073135852814;0.34490731358528137
747;0;3;male;16.0;20.25;1;1;S;Abbott, Mr. Rossmore Edward;;C.A. 2673;0.05781203880906105;0;True;true_negative;0.942187961190939;0.44218796119093895
313;0;2;female;26.0;26.0;1;1;S;Lahtinen, Mrs. William (Anna Sylfven);;250651;0.8903067111968994;1;False;false_positive;0.8903067111968994;0.3903067111968994
410;0;3;female;;25.4667;3;1;S;Lefebre, Miss. Ida;;4133;0.013896758668124676;0;True;true_negative;0.9861032413318753;0.4861032413318753
244;0;3;male;22.0;7.125;0;0;S;Maenpaa, Mr. Matti Alexanteri;;STON/O 2. 3101275;0.2631855309009552;0;True;true_negative;0.7368144690990448;0.2368144690990448
560;1;3;female;36.0;17.4;1;0;S;de Messemaeker, Mrs. Guillaume Joseph (Emma);;345572;0.6511939167976379;1;True;true_positive;0.6511939167976379;0.15119391679763794
293;0;2;male;36.0;12.875;0;0;C;Levy, Mr. Rene Jacques;D;SC/Paris 2163;0.1894003003835678;0;True;true_negative;0.8105996996164322;0.3105996996164322
446;1;1;male;4.0;81.8583;0;2;S;Dodge, Master. Washington;A34;33638;0.8990811705589294;1;True;true_positive;0.8990811705589294;0.39908117055892944
413;1;1;female;33.0;90.0;1;0;Q;Minahan, Miss. Daisy E;C78;19928;0.9794496297836304;1;True;true_positive;0.9794496297836304;0.47944962978363037
615;0;3;male;35.0;8.05;0;0;S;Brocklebank, Mr. William Alfred;;364512;0.11038798093795776;0;True;true_negative;0.8896120190620422;0.38961201906204224
651;0;3;male;;7.8958;0;0;S;Mitkoff, Mr. Mito;;349221;0.09269126504659653;0;True;true_negative;0.9073087349534035;0.4073087349534035
46;0;3;male;;8.05;0;0;S;Rogers, Mr. William John;;S.C./A.4. 23567;0.09323666244745255;0;True;true_negative;0.9067633375525475;0.40676333755254745
349;1;3;male;3.0;15.9;1;1;S;"Coutts, Master. William Loch ""William""";;C.A. 37671;0.8364372849464417;1;True;true_positive;0.8364372849464417;0.33643728494644165
107;1;3;female;21.0;7.65;0;0;S;Salkjelsvik, Miss. Anna Kristine;;343120;0.48164960741996765;0;False;false_negative;0.5183503925800323;0.01835039258003235
341;1;2;male;2.0;26.0;1;1;S;Navratil, Master. Edmond Roger;F2;230080;0.9684371948242188;1;True;true_positive;0.9684371948242188;0.46843719482421875
634;0;1;male;;0.0;0;0;S;Parr, Mr. William Henry Marsh;;112052;0.31551286578178406;0;True;true_negative;0.6844871342182159;0.18448713421821594
425;0;3;male;18.0;20.2125;1;1;S;Rosblom, Mr. Viktor Richard;;370129;0.011309321969747543;0;True;true_negative;0.9886906780302525;0.48869067803025246
817;0;3;female;23.0;7.925;0;0;S;Heininen, Miss. Wendla Maria;;STON/O2. 3101290;0.7130617499351501;1;False;false_positive;0.7130617499351501;0.21306174993515015
357;1;1;female;22.0;55.0;0;1;S;Bowerman, Miss. Elsie Edith;E33;113505;0.5747479200363159;1;True;true_positive;0.5747479200363159;0.07474792003631592
417;1;2;female;34.0;32.5;1;1;S;Drew, Mrs. James Vivian (Lulu Thorne Christian);;28220;0.9911218881607056;1;True;true_positive;0.9911218881607056;0.49112188816070557
150;0;2;male;42.0;13.0;0;0;S;Byles, Rev. Thomas Roussel Davids;;244310;0.49634137749671936;0;True;true_negative;0.5036586225032806;0.0036586225032806396
599;0;3;male;;7.225;0;0;C;Boulos, Mr. Hanna;;2664;0.12524011731147766;0;True;true_negative;0.8747598826885223;0.37475988268852234
11;1;3;female;4.0;16.7;1;1;S;Sandstrom, Miss. Marguerite Rut;G6;PP 9549;0.8889124393463135;1;True;true_positive;0.8889124393463135;0.3889124393463135
343;0;2;male;28.0;13.0;0;0;S;Collander, Mr. Erik Gustaf;;248740;0.1073928102850914;0;True;true_negative;0.8926071897149086;0.3926071897149086
60;0;3;male;11.0;46.9;5;2;S;Goodwin, Master. William Frederick;;CA 2144;0.2878095507621765;0;True;true_negative;0.7121904492378235;0.2121904492378235
269;1;1;female;58.0;153.4625;0;1;S;Graham, Mrs. William Thompson (Edith Junkins);C125;PC 17582;0.5747479200363159;1;True;true_positive;0.5747479200363159;0.07474792003631592
551;1;1;male;17.0;110.8833;0;2;C;Thayer, Mr. John Borland Jr;C70;17421;0.14575085043907166;0;False;false_negative;0.8542491495609283;0.35424914956092834
54;1;2;female;29.0;26.0;1;0;S;Faunthorpe, Mrs. Lizzie (Elizabeth Anne Wilkinson);;2926;0.894464373588562;1;True;true_positive;0.894464373588562;0.394464373588562
401;1;3;male;39.0;7.925;0;0;S;Niskanen, Mr. Juha;;STON/O 2. 3101289;0.26563432812690735;0;False;false_negative;0.7343656718730927;0.23436567187309265
610;1;1;female;40.0;153.4625;0;0;S;Shutes, Miss. Elizabeth W;C125;PC 17582;0.9623495936393738;1;True;true_positive;0.9623495936393738;0.4623495936393738
540;1;1;female;22.0;49.5;0;2;C;Frolicher, Miss. Hedwig Margaritha;B39;13568;0.5747479200363159;1;True;true_positive;0.5747479200363159;0.07474792003631592
524;1;1;female;44.0;57.9792;0;1;C;Hippach, Mrs. Louis Albert (Ida Sophia Fischer);B18;111361;0.9830491542816162;1;True;true_positive;0.9830491542816162;0.4830491542816162
851;0;3;male;4.0;31.275;4;2;S;Andersson, Master. Sigvard Harald Elias;;347082;0.18295934796333313;0;True;true_negative;0.8170406520366669;0.31704065203666687
402;0;3;male;26.0;8.05;0;0;S;Adams, Mr. John;;341826;0.06318522989749908;0;True;true_negative;0.9368147701025009;0.4368147701025009
767;0;1;male;;39.6;0;0;C;Brewe, Dr. Arthur Jackson;;112379;0.3755096197128296;0;True;true_negative;0.6244903802871704;0.12449038028717041
533;0;3;male;17.0;7.2292;1;1;C;Elias, Mr. Joseph Jr;;2690;0.150533989071846;0;True;true_negative;0.849466010928154;0.349466010928154
270;1;1;female;35.0;135.6333;0;0;S;Bissette, Miss. Amelia;C99;PC 17760;0.9888794422149658;1;True;true_positive;0.9888794422149658;0.4888794422149658
166;1;3;male;9.0;20.525;0;2;S;"Goldsmith, Master. Frank John William ""Frankie""";;363291;0.5065680742263794;1;True;true_positive;0.5065680742263794;0.0065680742263793945
320;1;1;female;40.0;134.5;1;1;C;Spedden, Mrs. Frederic Oakley (Margaretta Corning Stone);E34;16966;0.970422089099884;1;True;true_positive;0.970422089099884;0.47042208909988403
520;0;3;male;32.0;7.8958;0;0;S;Pavlovic, Mr. Stefo;;349242;0.10523159056901932;0;True;true_negative;0.8947684094309807;0.3947684094309807
108;1;3;male;;7.775;0;0;S;Moss, Mr. Albert Johan;;312991;0.08262079954147339;0;False;false_negative;0.9173792004585266;0.4173792004585266
888;1;1;female;19.0;30.0;0;0;S;Graham, Miss. Margaret Edith;B42;112053;0.9791309237480164;1;True;true_positive;0.9791309237480164;0.47913092374801636
709;1;1;female;22.0;151.55;0;0;S;Cleaver, Miss. Alice;;113781;0.9211450219154358;1;True;true_positive;0.9211450219154358;0.4211450219154358
396;0;3;male;22.0;7.7958;0;0;S;Johansson, Mr. Erik;;350052;0.10889215022325516;0;True;true_negative;0.8911078497767448;0.39110784977674484
715;0;2;male;52.0;13.0;0;0;S;Greenberg, Mr. Samuel;;250647;0.10682860016822815;0;True;true_negative;0.8931713998317719;0.39317139983177185
771;0;3;male;24.0;9.5;0;0;S;Lievens, Mr. Rene Aime;;345781;0.26563432812690735;0;True;true_negative;0.7343656718730927;0.23436567187309265
731;1;1;female;29.0;211.3375;0;0;S;Allen, Miss. Elisabeth Walton;B5;24160;0.9451628923416138;1;True;true_positive;0.9451628923416138;0.44516289234161377
358;0;2;female;38.0;13.0;0;0;S;Funk, Miss. Annie Clemmer;;237671;0.9027083516120911;1;False;false_positive;0.9027083516120911;0.40270835161209106
655;0;3;female;18.0;6.75;0;0;Q;"Hegarty, Miss. Hanora ""Nora""";;365226;0.6325193643569946;1;False;false_positive;0.6325193643569946;0.13251936435699463
746;0;1;male;70.0;71.0;1;1;S;Crosby, Capt. Edward Gifford;B22;WE/P 5735;0.5538182854652405;1;False;false_positive;0.5538182854652405;0.05381828546524048
26;1;3;female;38.0;31.3875;1;5;S;Asplund, Mrs. Carl Oscar (Selma Augusta Emilia Johansson);;347077;0.15895134210586548;0;False;false_negative;0.8410486578941345;0.3410486578941345
152;1;1;female;22.0;66.6;1;0;S;Pears, Mrs. Thomas (Edith Wearne);C2;113776;0.9830465912818909;1;True;true_positive;0.9830465912818909;0.48304659128189087
415;1;3;male;44.0;7.925;0;0;S;Sundman, Mr. Johan Julian;;STON/O 2. 3101269;0.26563432812690735;0;False;false_negative;0.7343656718730927;0.23436567187309265
623;1;3;male;20.0;15.7417;1;1;C;Nakid, Mr. Sahid;;2653;0.02918579801917076;0;False;false_negative;0.9708142019808292;0.47081420198082924
476;0;1;male;;52.0;0;0;S;Clifford, Mr. George Quincy;A14;110465;0.3795129358768463;0;True;true_negative;0.6204870641231537;0.12048706412315369
405;0;3;female;20.0;8.6625;0;0;S;Oreskovic, Miss. Marija;;315096;0.29319003224372864;0;True;true_negative;0.7068099677562714;0.20680996775627136
595;0;2;male;37.0;26.0;1;0;S;Chapman, Mr. John Henry;;SC/AH 29037;0.11554013937711716;0;True;true_negative;0.8844598606228828;0.38445986062288284
336;0;3;male;;7.8958;0;0;S;Denkoff, Mr. Mitto;;349225;0.12191082537174225;0;True;true_negative;0.8780891746282578;0.37808917462825775
687;0;3;male;14.0;39.6875;4;1;S;Panula, Mr. Jaako Arnold;;3101295;0.019857995212078094;0;True;true_negative;0.9801420047879219;0.4801420047879219
694;0;3;male;25.0;7.225;0;0;C;Saad, Mr. Khalil;;2672;0.26563432812690735;0;True;true_negative;0.7343656718730927;0.23436567187309265
3;1;3;female;26.0;7.925;0;0;S;Heikkinen, Miss. Laina;;STON/O2. 3101282;0.5324833989143372;1;True;true_positive;0.5324833989143372;0.03248339891433716
805;1;3;male;27.0;6.975;0;0;S;Hedman, Mr. Oskar Arvid;;347089;0.09920790046453476;0;False;false_negative;0.9007920995354652;0.40079209953546524
512;0;3;male;;8.05;0;0;S;Webber, Mr. James;;SOTON/OQ 3101316;0.11893738061189651;0;True;true_negative;0.8810626193881035;0.3810626193881035
822;1;3;male;27.0;8.6625;0;0;S;Lulic, Mr. Nikola;;315098;0.26563432812690735;0;False;false_negative;0.7343656718730927;0.23436567187309265
116;0;3;male;21.0;7.925;0;0;S;Pekoniemi, Mr. Edvard;;STON/O 2. 3101294;0.055399104952812195;0;True;true_negative;0.9446008950471878;0.4446008950471878
738;1;1;male;35.0;512.3292;0;0;C;Lesurer, Mr. Gustave J;B101;PC 17755;0.7799634337425232;1;True;true_positive;0.7799634337425232;0.2799634337425232
56;1;1;male;;35.5;0;0;S;Woolner, Mr. Hugh;C52;19947;0.16121046245098114;0;False;false_negative;0.8387895375490189;0.33878953754901886
268;1;3;male;25.0;7.775;1;0;S;Persson, Mr. Ernst Ulrik;;347083;0.26563432812690735;0;False;false_negative;0.7343656718730927;0.23436567187309265
505;1;1;female;16.0;86.5;0;0;S;Maioni, Miss. Roberta;B79;110152;0.9808833003044128;1;True;true_positive;0.9808833003044128;0.48088330030441284
276;1;1;female;63.0;77.9583;1;0;S;Andrews, Miss. Kornelia Theodosia;D7;13502;0.5747479200363159;1;True;true_positive;0.5747479200363159;0.07474792003631592
849;0;2;male;28.0;33.0;0;1;S;Harper, Rev. John;;248727;0.45290449261665344;0;True;true_negative;0.5470955073833466;0.04709550738334656
800;0;3;female;30.0;24.15;1;1;S;Van Impe, Mrs. Jean Baptiste (Rosalie Paula Govaert);;345773;0.19791285693645477;0;True;true_negative;0.8020871430635452;0.3020871430635452
97;0;1;male;71.0;34.6542;0;0;C;Goldschmidt, Mr. George B;A5;PC 17754;0.144847109913826;0;True;true_negative;0.855152890086174;0.355152890086174
463;0;1;male;47.0;38.5;0;0;S;Gee, Mr. Arthur H;E63;111320;0.33661556243896484;0;True;true_negative;0.6633844375610352;0.16338443756103516
503;0;3;female;;7.6292;0;0;Q;O'Sullivan, Miss. Bridget Mary;;330909;0.8598939776420593;1;False;false_positive;0.8598939776420593;0.3598939776420593
769;0;3;male;;24.15;1;0;Q;Moran, Mr. Daniel J;;371110;0.26563432812690735;0;True;true_negative;0.7343656718730927;0.23436567187309265
332;0;1;male;45.5;28.5;0;0;S;Partner, Mr. Austen;C124;113043;0.440711110830307;0;True;true_negative;0.559288889169693;0.05928888916969299
534;1;3;female;;22.3583;0;2;C;Peter, Mrs. Catherine (Catherine Rizk);;2668;0.6829012036323547;1;True;true_positive;0.6829012036323547;0.18290120363235474
804;1;3;male;0.42;8.5167;0;1;C;Thomas, Master. Assad Alexander;;2625;0.5163390040397644;1;True;true_positive;0.5163390040397644;0.016339004039764404
679;0;3;female;43.0;46.9;1;6;S;Goodwin, Mrs. Frederick (Augusta Tyler);;CA 2144;0.12016941606998444;0;True;true_negative;0.8798305839300156;0.37983058393001556
420;0;3;female;10.0;24.15;0;2;S;Van Impe, Miss. Catharina;;345773;0.3980061709880829;0;True;true_negative;0.6019938290119171;0.10199382901191711
458;1;1;female;;51.8625;1;0;S;Kenyon, Mrs. Frederick R (Marion);D21;17464;0.996211051940918;1;True;true_positive;0.996211051940918;0.49621105194091797
444;1;2;female;28.0;13.0;0;0;S;Reynaldo, Ms. Encarnacion;;230434;0.8903121948242188;1;True;true_positive;0.8903121948242188;0.39031219482421875
223;0;3;male;51.0;8.05;0;0;S;Green, Mr. George Henry;;21440;0.14187845587730408;0;True;true_negative;0.8581215441226959;0.3581215441226959
41;0;3;female;40.0;9.475;1;0;S;Ahlin, Mrs. Johan (Johanna Persdotter Larsson);;7546;0.4966847002506256;0;True;true_negative;0.5033152997493744;0.0033152997493743896
640;0;3;male;;16.1;1;0;S;Thorneycroft, Mr. Percival;;376564;0.26563432812690735;0;True;true_negative;0.7343656718730927;0.23436567187309265
216;1;1;female;31.0;113.275;1;0;C;Newell, Miss. Madeleine;D36;35273;0.9959908127784729;1;True;true_positive;0.9959908127784729;0.4959908127784729
650;1;3;female;23.0;7.55;0;0;S;Stanley, Miss. Amy Zillah Elsie;;CA. 2314;0.7762265205383301;1;True;true_positive;0.7762265205383301;0.2762265205383301
527;1;2;female;50.0;10.5;0;0;S;Ridsdale, Miss. Lucy;;W./C. 14258;0.7892619371414185;1;True;true_positive;0.7892619371414185;0.28926193714141846
44;1;2;female;3.0;41.5792;1;2;C;Laroche, Miss. Simonne Marie Anne Andree;;SC/Paris 2123;0.9607422947883606;1;True;true_positive;0.9607422947883606;0.4607422947883606
442;0;3;male;20.0;9.5;0;0;S;Hampe, Mr. Leon;;345769;0.02966904267668724;0;True;true_negative;0.9703309573233128;0.47033095732331276
24;1;1;male;28.0;35.5;0;0;S;Sloper, Mr. William Thompson;A6;113788;0.22293345630168915;0;False;false_negative;0.7770665436983109;0.27706654369831085
713;1;1;male;48.0;52.0;1;0;S;Taylor, Mr. Elmer Zebley;C126;19996;0.1483113020658493;0;False;false_negative;0.8516886979341507;0.3516886979341507
465;0;3;male;;8.05;0;0;S;Maisner, Mr. Simon;;A/S 2816;0.09323666244745255;0;True;true_negative;0.9067633375525475;0.40676333755254745
565;0;3;female;;8.05;0;0;S;Meanwell, Miss. (Marion Ogden);;SOTON/O.Q. 392087;0.4964215159416199;0;True;true_negative;0.5035784840583801;0.003578484058380127
584;0;1;male;36.0;40.125;0;0;C;Ross, Mr. John Hugo;A10;13049;0.5434041619300842;1;False;false_positive;0.5434041619300842;0.04340416193008423
845;0;3;male;17.0;8.6625;0;0;S;Culumovic, Mr. Jeso;;315090;0.0872100442647934;0;True;true_negative;0.9127899557352066;0.4127899557352066
865;0;2;male;24.0;13.0;0;0;S;Gill, Mr. John William;;233866;0.009715516120195389;0;True;true_negative;0.9902844838798046;0.4902844838798046
235;0;2;male;24.0;10.5;0;0;S;Leyson, Mr. Robert William Norman;;C.A. 29566;0.01293022558093071;0;True;true_negative;0.9870697744190693;0.4870697744190693
656;0;2;male;24.0;73.5;2;0;S;Hickman, Mr. Leonard Mark;;S.O.C. 14879;0.3243105113506317;0;True;true_negative;0.6756894886493683;0.1756894886493683
389;0;3;male;;7.7292;0;0;Q;Sadlier, Mr. Matthew;;367655;0.07790045440196991;0;True;true_negative;0.9220995455980301;0.4220995455980301
391;1;1;male;36.0;120.0;1;2;S;Carter, Mr. William Ernest;B96 B98;113760;0.3788657784461975;0;False;false_negative;0.6211342215538025;0.12113422155380249
727;1;2;female;30.0;21.0;3;0;S;Renouf, Mrs. Peter Henry (Lillian Jefferys);;31027;0.7589479088783264;1;True;true_positive;0.7589479088783264;0.2589479088783264
478;0;3;male;29.0;7.0458;1;0;S;Braund, Mr. Lewis Richard;;3460;0.06824232637882233;0;True;true_negative;0.9317576736211777;0.4317576736211777
203;0;3;male;34.0;6.4958;0;0;S;Johanson, Mr. Jakob Alfred;;3101264;0.28430745005607605;0;True;true_negative;0.715692549943924;0.21569254994392395
754;0;3;male;23.0;7.8958;0;0;S;Jonkoff, Mr. Lalio;;349204;0.10186458379030228;0;True;true_negative;0.8981354162096977;0.3981354162096977
307;1;1;female;;110.8833;0;0;C;Fleming, Miss. Margaret;;17421;0.9864895343780518;1;True;true_positive;0.9864895343780518;0.48648953437805176
373;0;3;male;19.0;8.05;0;0;S;Beavan, Mr. William Thomas;;323951;0.26563432812690735;0;True;true_negative;0.7343656718730927;0.23436567187309265
509;0;3;male;28.0;22.525;0;0;S;Olsen, Mr. Henry Margido;;C 4001;0.10663700103759766;0;True;true_negative;0.8933629989624023;0.39336299896240234
574;1;3;female;;7.75;0;0;Q;Kelly, Miss. Mary;;14312;0.653609573841095;1;True;true_positive;0.653609573841095;0.15360957384109497
706;0;2;male;39.0;26.0;0;0;S;"Morley, Mr. Henry Samuel (""Mr Henry Marshall"")";;250655;0.14792941510677338;0;True;true_negative;0.8520705848932266;0.3520705848932266
32;1;1;female;;146.5208;1;0;C;Spencer, Mrs. William Augustus (Marie Eugenie);B78;PC 17569;0.5747479200363159;1;True;true_positive;0.5747479200363159;0.07474792003631592
748;1;2;female;30.0;13.0;0;0;S;Sinkkonen, Miss. Anna;;250648;0.840362548828125;1;True;true_positive;0.840362548828125;0.340362548828125
807;0;1;male;39.0;0.0;0;0;S;Andrews, Mr. Thomas Jr;A36;112050;0.18073689937591553;0;True;true_negative;0.8192631006240845;0.3192631006240845
765;0;3;male;16.0;7.775;0;0;S;Eklund, Mr. Hans Linus;;347074;0.16800665855407715;0;True;true_negative;0.8319933414459229;0.33199334144592285
100;0;2;male;34.0;26.0;1;0;S;Kantor, Mr. Sinai;;244367;0.12196630239486694;0;True;true_negative;0.8780336976051331;0.37803369760513306
328;1;2;female;36.0;13.0;0;0;S;Ball, Mrs. (Ada E Hall);D;28551;0.5747479200363159;1;True;true_positive;0.5747479200363159;0.07474792003631592
725;1;1;male;27.0;53.1;1;0;S;Chambers, Mr. Norman Campbell;E8;113806;0.3795129358768463;0;False;false_negative;0.6204870641231537;0.12048706412315369
9;1;3;female;27.0;11.1333;0;2;S;Johnson, Mrs. Oscar W (Elisabeth Vilhelmina Berg);;347742;0.5112324357032776;1;True;true_positive;0.5112324357032776;0.011232435703277588
633;1;1;male;32.0;30.5;0;0;C;Stahelin-Maeglin, Dr. Max;B50;13214;0.9117316007614136;1;True;true_positive;0.9117316007614136;0.4117316007614136
459;1;2;female;50.0;10.5;0;0;S;Toomey, Miss. Ellen;;F.C.C. 13531;0.8838997483253479;1;True;true_positive;0.8838997483253479;0.3838997483253479
698;1;3;female;;7.7333;0;0;Q;"Mullens, Miss. Katherine ""Katie""";;35852;0.7492003440856934;1;True;true_positive;0.7492003440856934;0.24920034408569336
825;0;3;male;2.0;39.6875;4;1;S;Panula, Master. Urho Abraham;;3101295;0.0713576078414917;0;True;true_negative;0.9286423921585083;0.4286423921585083
327;0;3;male;61.0;6.2375;0;0;S;Nysveen, Mr. Johan Hansen;;345364;0.28430745005607605;0;True;true_negative;0.715692549943924;0.21569254994392395
115;0;3;female;17.0;14.4583;0;0;C;Attalah, Miss. Malake;;2627;0.49392518401145935;0;True;true_negative;0.5060748159885406;0.006074815988540649
492;0;3;male;21.0;7.25;0;0;S;Windelov, Mr. Einar;;SOTON/OQ 3101317;0.06977047771215439;0;True;true_negative;0.9302295222878456;0.4302295222878456
172;0;3;male;4.0;29.125;4;1;Q;Rice, Master. Arthur;;382652;0.12010705471038818;0;True;true_negative;0.8798929452896118;0.3798929452896118
603;0;1;male;;42.4;0;0;S;Harrington, Mr. Charles H;;113796;0.2299976795911789;0;True;true_negative;0.7700023204088211;0.2700023204088211
303;0;3;male;19.0;0.0;0;0;S;Johnson, Mr. William Cahoone Jr;;LINE;0.0339350551366806;0;True;true_negative;0.9660649448633194;0.4660649448633194
426;0;3;male;;7.25;0;0;S;Wiseman, Mr. Phillippe;;A/4. 34244;0.0483909472823143;0;True;true_negative;0.9516090527176857;0.4516090527176857
440;0;2;male;31.0;10.5;0;0;S;Kvillner, Mr. Johan Henrik Johannesson;;C.A. 18723;0.12186143547296524;0;True;true_negative;0.8781385645270348;0.37813856452703476
677;0;3;male;24.5;8.05;0;0;S;Sawyer, Mr. Frederick Charles;;342826;0.10695631802082062;0;True;true_negative;0.8930436819791794;0.3930436819791794
795;0;3;male;25.0;7.8958;0;0;S;Dantcheff, Mr. Ristiu;;349203;0.05520153418183327;0;True;true_negative;0.9447984658181667;0.44479846581816673
658;0;3;female;32.0;15.5;1;1;Q;Bourke, Mrs. John (Catherine);;364849;0.8625949025154114;1;False;false_positive;0.8625949025154114;0.3625949025154114
547;1;2;female;19.0;26.0;1;0;S;Beane, Mrs. Edward (Ethel Clarke);;2908;0.8858912587165833;1;True;true_positive;0.8858912587165833;0.38589125871658325
838;0;3;male;;8.05;0;0;S;Sirota, Mr. Maurice;;392092;0.13069698214530945;0;True;true_negative;0.8693030178546906;0.36930301785469055
597;1;2;female;;33.0;0;0;S;Leitch, Miss. Jessie Wills;;248727;0.9240339994430542;1;True;true_positive;0.9240339994430542;0.4240339994430542
365;0;3;male;;15.5;1;0;Q;O'Brien, Mr. Thomas;;370365;0.07578670978546143;0;True;true_negative;0.9242132902145386;0.4242132902145386
792;0;2;male;16.0;26.0;0;0;S;Gaskell, Mr. Alfred;;239865;0.1326284557580948;0;True;true_negative;0.8673715442419052;0.3673715442419052
712;0;1;male;;26.55;0;0;S;Klaber, Mr. Herman;C124;113028;0.6922679543495178;1;False;false_positive;0.6922679543495178;0.19226795434951782
605;1;1;male;35.0;26.55;0;0;C;"Homer, Mr. Harry (""Mr E Haven"")";;111426;0.2491295337677002;0;False;false_negative;0.7508704662322998;0.2508704662322998
854;1;1;female;16.0;39.4;0;1;S;Lines, Miss. Mary Conover;D28;PC 17592;0.9563964605331421;1;True;true_positive;0.9563964605331421;0.4563964605331421
864;0;3;female;;69.55;8;2;S;"Sage, Miss. Dorothy Edith ""Dolly""";;CA. 2343;0.09009575098752975;0;True;true_negative;0.9099042490124702;0.40990424901247025
141;0;3;female;;15.2458;0;2;C;Boulos, Mrs. Joseph (Sultana);;2678;0.47440361976623535;0;True;true_negative;0.5255963802337646;0.02559638023376465
13;0;3;male;20.0;8.05;0;0;S;Saundercock, Mr. William Henry;;A/5. 2151;0.26563432812690735;0;True;true_negative;0.7343656718730927;0.23436567187309265
273;1;2;female;41.0;19.5;0;1;S;Mellinger, Mrs. (Elizabeth Anne Maidment);;250644;0.8973758816719055;1;True;true_positive;0.8973758816719055;0.3973758816719055
210;1;1;male;40.0;31.0;0;0;C;Blank, Mr. Henry;A31;112277;0.13826677203178406;0;False;false_negative;0.8617332279682159;0.36173322796821594
277;0;3;female;45.0;7.75;0;0;S;Lindblom, Miss. Augusta Charlotta;;347073;0.5365303754806519;1;False;false_positive;0.5365303754806519;0.036530375480651855
855;0;2;female;44.0;26.0;1;0;S;Carter, Mrs. Ernest Courtenay (Lilian Hughes);;244252;0.9403859972953796;1;False;false_positive;0.9403859972953796;0.44038599729537964
38;0;3;male;21.0;8.05;0;0;S;Cann, Mr. Ernest Charles;;A./5. 2152;0.035778895020484924;0;True;true_negative;0.9642211049795151;0.4642211049795151
569;0;3;male;;7.2292;0;0;C;Doharr, Mr. Tannous;;2686;0.047782182693481445;0;True;true_negative;0.9522178173065186;0.45221781730651855
247;0;3;female;25.0;7.775;0;0;S;Lindahl, Miss. Agda Thorilda Viktoria;;347071;0.8411242365837097;1;False;false_positive;0.8411242365837097;0.3411242365837097
513;1;1;male;36.0;26.2875;0;0;S;McGough, Mr. James Robert;E25;PC 17473;0.8764972686767578;1;True;true_positive;0.8764972686767578;0.3764972686767578
545;0;1;male;50.0;106.425;1;0;C;Douglas, Mr. Walter Donald;C86;PC 17761;0.33453091979026794;0;True;true_negative;0.6654690802097321;0.16546908020973206
207;0;3;male;32.0;15.85;1;0;S;Backstrom, Mr. Karl Alfred;;3101278;0.26563432812690735;0;True;true_negative;0.7343656718730927;0.23436567187309265
400;1;2;female;28.0;12.65;0;0;S;Trout, Mrs. William H (Jessie L);;240929;0.9683430790901184;1;True;true_positive;0.9683430790901184;0.4683430790901184
238;1;2;female;8.0;26.25;0;2;S;"Collyer, Miss. Marjorie ""Lottie""";;C.A. 31921;0.5747479200363159;1;True;true_positive;0.5747479200363159;0.07474792003631592
788;0;3;male;8.0;29.125;4;1;Q;Rice, Master. George Hugh;;382652;0.31407076120376587;0;True;true_negative;0.6859292387962341;0.18592923879623413
566;0;3;male;24.0;24.15;2;0;S;Davies, Mr. Alfred J;;A/4 48871;0.08456939458847046;0;True;true_negative;0.9154306054115295;0.41543060541152954
808;0;3;female;18.0;7.775;0;0;S;Pettersson, Miss. Ellen Natalia;;347087;0.5324833989143372;1;False;false_positive;0.5324833989143372;0.03248339891433716
197;0;3;male;;7.75;0;0;Q;Mernagh, Mr. Robert;;368703;0.017883779481053352;0;True;true_negative;0.9821162205189466;0.48211622051894665
237;0;2;male;44.0;26.0;1;0;S;Hold, Mr. Stephen;;26707;0.26563432812690735;0;True;true_negative;0.7343656718730927;0.23436567187309265
869;0;3;male;;9.5;0;0;S;van Melkebeke, Mr. Philemon;;345777;0.26563432812690735;0;True;true_negative;0.7343656718730927;0.23436567187309265
718;1;2;female;27.0;10.5;0;0;S;"Troutt, Miss. Edwina Celia ""Winnie""";E101;34218;0.5747479200363159;1;True;true_positive;0.5747479200363159;0.07474792003631592
438;1;2;female;24.0;18.75;2;3;S;Richards, Mrs. Sidney (Emily Hocking);;29106;0.7413299083709717;1;True;true_positive;0.7413299083709717;0.24132990837097168
472;0;3;male;38.0;8.6625;0;0;S;Cacic, Mr. Luka;;315089;0.08983777463436127;0;True;true_negative;0.9101622253656387;0.41016222536563873
151;0;2;male;51.0;12.525;0;0;S;Bateman, Rev. Robert James;;S.O.P. 1166;0.33782580494880676;0;True;true_negative;0.6621741950511932;0.16217419505119324
437;0;3;female;21.0;34.375;2;2;S;"Ford, Miss. Doolina Margaret ""Daisy""";;W./C. 6608;0.045543525367975235;0;True;true_negative;0.9544564746320248;0.45445647463202477
542;0;3;female;9.0;31.275;4;2;S;Andersson, Miss. Ingeborg Constanzia;;347082;0.1513000875711441;0;True;true_negative;0.8486999124288559;0.3486999124288559
761;0;3;male;;14.5;0;0;S;Garfirth, Mr. John;;358585;0.09198662638664246;0;True;true_negative;0.9080133736133575;0.40801337361335754
165;0;3;male;1.0;39.6875;4;1;S;Panula, Master. Eino Viljami;;3101295;0.07520082592964172;0;True;true_negative;0.9247991740703583;0.4247991740703583
481;0;3;male;9.0;46.9;5;2;S;Goodwin, Master. Harold Victor;;CA 2144;0.31407076120376587;0;True;true_negative;0.6859292387962341;0.18592923879623413
250;0;2;male;54.0;26.0;1;0;S;Carter, Rev. Ernest Courtenay;;244252;0.13781572878360748;0;True;true_negative;0.8621842712163925;0.3621842712163925
814;0;3;female;6.0;31.275;4;2;S;Andersson, Miss. Ebba Iris Alfrida;;347082;0.29843223094940186;0;True;true_negative;0.7015677690505981;0.20156776905059814
690;1;1;female;15.0;211.3375;0;1;S;Madill, Miss. Georgette Alexandra;B5;24160;0.9640135765075684;1;True;true_positive;0.9640135765075684;0.46401357650756836
149;0;2;male;36.5;26.0;0;2;S;"Navratil, Mr. Michel (""Louis M Hoffman"")";F2;230080;0.3020981550216675;0;True;true_negative;0.6979018449783325;0.19790184497833252
868;0;1;male;31.0;50.4958;0;0;S;Roebling, Mr. Washington Augustus II;A24;PC 17590;0.5279921889305115;1;False;false_positive;0.5279921889305115;0.027992188930511475
479;0;3;male;22.0;7.5208;0;0;S;Karlsson, Mr. Nils August;;350060;0.14596392214298248;0;True;true_negative;0.8540360778570175;0.3540360778570175
680;1;1;male;36.0;512.3292;0;1;C;Cardeza, Mr. Thomas Drake Martinez;B51 B53 B55;PC 17755;0.5129197239875793;1;True;true_positive;0.5129197239875793;0.012919723987579346
351;0;3;male;23.0;9.225;0;0;S;Odahl, Mr. Nils Martin;;7267;0.034116197377443314;0;True;true_negative;0.9658838026225567;0.4658838026225567
500;0;3;male;24.0;7.7958;0;0;S;Svensson, Mr. Olof;;350035;0.26563432812690735;0;True;true_negative;0.7343656718730927;0.23436567187309265
525;0;3;male;;7.2292;0;0;C;Kassem, Mr. Fared;;2700;0.11295123398303986;0;True;true_negative;0.8870487660169601;0.38704876601696014
346;1;2;female;24.0;13.0;0;0;S;"Brown, Miss. Amelia ""Mildred""";F33;248733;0.9548889994621277;1;True;true_positive;0.9548889994621277;0.4548889994621277
168;0;3;female;45.0;27.9;1;4;S;Skoog, Mrs. William (Anna Bernhardina Karlsson);;347088;0.317704439163208;0;True;true_negative;0.682295560836792;0.182295560836792
621;0;3;male;27.0;14.4542;1;0;C;Yasbeck, Mr. Antoni;;2659;0.26563432812690735;0;True;true_negative;0.7343656718730927;0.23436567187309265
598;0;3;male;49.0;0.0;0;0;S;Johnson, Mr. Alfred;;LINE;0.28430745005607605;0;True;true_negative;0.715692549943924;0.21569254994392395
291;1;1;female;26.0;78.85;0;0;S;"Barber, Miss. Ellen ""Nellie""";;19877;0.8946632742881775;1;True;true_positive;0.8946632742881775;0.3946632742881775
233;0;2;male;59.0;13.5;0;0;S;Sjostedt, Mr. Ernst Adolf;;237442;0.26563432812690735;0;True;true_negative;0.7343656718730927;0.23436567187309265
380;0;3;male;19.0;7.775;0;0;S;Gustafsson, Mr. Karl Gideon;;347069;0.26563432812690735;0;True;true_negative;0.7343656718730927;0.23436567187309265
381;1;1;female;42.0;227.525;0;0;C;Bidois, Miss. Rosalie;;PC 17757;0.9294683337211609;1;True;true_positive;0.9294683337211609;0.4294683337211609
624;0;3;male;21.0;7.8542;0;0;S;Hansen, Mr. Henry Damsgaard;;350029;0.11723538488149643;0;True;true_negative;0.8827646151185036;0.38276461511850357
590;0;3;male;;8.05;0;0;S;Murdlin, Mr. Joseph;;A./5. 3235;0.13069698214530945;0;True;true_negative;0.8693030178546906;0.36930301785469055
50;0;3;female;18.0;17.8;1;0;S;Arnold-Franchi, Mrs. Josef (Josefine Franchi);;349237;0.6887640953063965;1;False;false_positive;0.6887640953063965;0.18876409530639648
246;0;1;male;44.0;90.0;2;0;Q;Minahan, Dr. William Edward;C78;19928;0.499804824590683;0;True;true_negative;0.500195175409317;0.0001951754093170166
729;0;2;male;25.0;26.0;1;0;S;Bryhl, Mr. Kurt Arnold Gottfrid;;236853;0.09886271506547928;0;True;true_negative;0.9011372849345207;0.4011372849345207
29;1;3;female;;7.8792;0;0;Q;"O'Dwyer, Miss. Ellen ""Nellie""";;330959;0.653609573841095;1;True;true_positive;0.653609573841095;0.15360957384109497
274;0;1;male;37.0;29.7;0;1;C;Natsch, Mr. Charles H;C118;PC 17596;0.49545809626579285;0;True;true_negative;0.5045419037342072;0.004541903734207153
490;1;3;male;9.0;15.9;1;1;S;"Coutts, Master. Eden Leslie ""Neville""";;C.A. 37671;0.5991297364234924;1;True;true_positive;0.5991297364234924;0.09912973642349243
591;0;3;male;35.0;7.125;0;0;S;Rintamaki, Mr. Matti;;STON/O 2. 3101273;0.07468873262405396;0;True;true_negative;0.925311267375946;0.42531126737594604
109;0;3;male;38.0;7.8958;0;0;S;Rekic, Mr. Tido;;349249;0.26563432812690735;0;True;true_negative;0.7343656718730927;0.23436567187309265
361;0;3;male;40.0;27.9;1;4;S;Skoog, Mr. Wilhelm;;347088;0.024306312203407288;0;True;true_negative;0.9756936877965927;0.4756936877965927
218;0;2;male;42.0;27.0;1;0;S;Jacobsohn, Mr. Sidney Samuel;;243847;0.14017193019390106;0;True;true_negative;0.8598280698060989;0.35982806980609894
790;0;1;male;46.0;79.2;0;0;C;Guggenheim, Mr. Benjamin;B82 B84;PC 17593;0.28056877851486206;0;True;true_negative;0.7194312214851379;0.21943122148513794
508;1;1;male;;26.55;0;0;S;"Bradley, Mr. George (""George Arthur Brayton"")";;111427;0.27274230122566223;0;False;false_negative;0.7272576987743378;0.22725769877433777
568;0;3;female;29.0;21.075;0;4;S;Palsson, Mrs. Nils (Alma Cornelia Berglund);;349909;0.24362587928771973;0;True;true_negative;0.7563741207122803;0.2563741207122803
7;0;1;male;54.0;51.8625;0;0;S;McCarthy, Mr. Timothy J;E46;17463;0.11942390352487564;0;True;true_negative;0.8805760964751244;0.38057609647512436
304;1;2;female;;12.35;0;0;Q;Keane, Miss. Nora A;E101;226593;0.5747479200363159;1;True;true_positive;0.5747479200363159;0.07474792003631592
85;1;2;female;17.0;10.5;0;0;S;Ilett, Miss. Bertha;;SO/C 14885;0.9058125615119934;1;True;true_positive;0.9058125615119934;0.4058125615119934
681;0;3;female;;8.1375;0;0;Q;Peters, Miss. Katie;;330935;0.4964215159416199;0;True;true_negative;0.5035784840583801;0.003578484058380127
519;1;2;female;36.0;26.0;1;0;S;"Angle, Mrs. William A (Florence ""Mary"" Agnes Hughes)";;226875;0.9890662431716919;1;True;true_positive;0.9890662431716919;0.4890662431716919
258;1;1;female;30.0;86.5;0;0;S;Cherry, Miss. Gladys;B77;110152;0.9749765992164612;1;True;true_positive;0.9749765992164612;0.4749765992164612
728;1;3;female;;7.7375;0;0;Q;Mannion, Miss. Margareth;;36866;0.5324833989143372;1;True;true_positive;0.5324833989143372;0.03248339891433716
614;0;3;male;;7.75;0;0;Q;Horgan, Mr. John;;370377;0.26563432812690735;0;True;true_negative;0.7343656718730927;0.23436567187309265
138;0;1;male;37.0;53.1;1;0;S;Futrelle, Mr. Jacques Heath;C123;113803;0.3795129358768463;0;True;true_negative;0.6204870641231537;0.12048706412315369
153;0;3;male;55.5;8.05;0;0;S;Meo, Mr. Alfonzo;;A.5. 11206;0.11960005015134811;0;True;true_negative;0.8803999498486519;0.3803999498486519
777;0;3;male;;7.75;0;0;Q;Tobin, Mr. Roger;F38;383121;0.26563432812690735;0;True;true_negative;0.7343656718730927;0.23436567187309265
8;0;3;male;2.0;21.075;3;1;S;Palsson, Master. Gosta Leonard;;349909;0.1891258805990219;0;True;true_negative;0.8108741194009781;0.3108741194009781
884;0;2;male;28.0;10.5;0;0;S;Banfield, Mr. Frederick James;;C.A./SOTON 34068;0.09382916241884232;0;True;true_negative;0.9061708375811577;0.4061708375811577
395;1;3;female;24.0;16.7;0;2;S;Sandstrom, Mrs. Hjalmar (Agnes Charlotta Bengtsson);G6;PP 9549;0.5014979839324951;1;True;true_positive;0.5014979839324951;0.0014979839324951172
305;0;3;male;;8.05;0;0;S;"Williams, Mr. Howard Hugh ""Harry""";;A/5 2466;0.13069698214530945;0;True;true_negative;0.8693030178546906;0.36930301785469055
316;1;3;female;26.0;7.8542;0;0;S;Nilsson, Miss. Helmina Josefina;;347470;0.6516580581665039;1;True;true_positive;0.6516580581665039;0.1516580581665039
581;1;2;female;25.0;30.0;1;1;S;Christy, Miss. Julie Rachel;;237789;0.5747479200363159;1;True;true_positive;0.5747479200363159;0.07474792003631592
272;1;3;male;25.0;0.0;0;0;S;Tornquist, Mr. William Henry;;LINE;0.081656813621521;0;False;false_negative;0.918343186378479;0.418343186378479
833;0;3;male;;7.2292;0;0;C;Saad, Mr. Amin;;2671;0.047782182693481445;0;True;true_negative;0.9522178173065186;0.45221781730651855
670;1;1;female;;52.0;1;0;S;Taylor, Mrs. Elmer Zebley (Juliet Cummins Wright);C126;19996;0.996211051940918;1;True;true_positive;0.996211051940918;0.49621105194091797
735;0;2;male;23.0;13.0;0;0;S;Troupiansky, Mr. Moses Aaron;;233639;0.10647854208946228;0;True;true_negative;0.8935214579105377;0.3935214579105377
875;1;2;female;28.0;24.0;1;0;C;Abelson, Mrs. Samuel (Hannah Wizosky);;P/PP 3381;0.904728889465332;1;True;true_positive;0.904728889465332;0.40472888946533203
464;0;2;male;48.0;13.0;0;0;S;Milling, Mr. Jacob Christian;;234360;0.20039457082748413;0;True;true_negative;0.7996054291725159;0.29960542917251587
288;0;3;male;22.0;7.8958;0;0;S;Naidenoff, Mr. Penko;;349206;0.26563432812690735;0;True;true_negative;0.7343656718730927;0.23436567187309265
91;0;3;male;29.0;8.05;0;0;S;Christmann, Mr. Emil;;343276;0.09323666244745255;0;True;true_negative;0.9067633375525475;0.40676333755254745
376;1;1;female;;82.1708;1;0;C;Meyer, Mrs. Edgar Joseph (Leila Saks);;PC 17604;0.996613085269928;1;True;true_positive;0.996613085269928;0.496613085269928
397;0;3;female;31.0;7.8542;0;0;S;Olsson, Miss. Elina;;350407;0.8441120982170105;1;False;false_positive;0.8441120982170105;0.3441120982170105
103;0;1;male;21.0;77.2875;0;1;S;White, Mr. Richard Frasar;D26;35281;0.14147432148456573;0;True;true_negative;0.8585256785154343;0.35852567851543427
82;1;3;male;29.0;9.5;0;0;S;Sheerlinck, Mr. Jan Baptist;;345779;0.07933936268091202;0;False;false_negative;0.920660637319088;0.420660637319088
637;0;3;male;32.0;7.925;0;0;S;Leinonen, Mr. Antti Gustaf;;STON/O 2. 3101292;0.2769719064235687;0;True;true_negative;0.7230280935764313;0.22302809357643127
225;1;1;male;38.0;90.0;1;0;S;Hoyt, Mr. Frederick Maxfield;C93;19943;0.3519749939441681;0;False;false_negative;0.6480250060558319;0.1480250060558319
523;0;3;male;;7.225;0;0;C;Lahoud, Mr. Sarkis;;2624;0.10857858508825302;0;True;true_negative;0.891421414911747;0.391421414911747
200;0;2;female;24.0;13.0;0;0;S;"Yrois, Miss. Henriette (""Mrs Harbeck"")";;248747;0.9136273860931396;1;False;false_positive;0.9136273860931396;0.41362738609313965
285;0;1;male;;26.0;0;0;S;Smith, Mr. Richard William;A19;113056;0.12709374725818634;0;True;true_negative;0.8729062527418137;0.37290625274181366
139;0;3;male;16.0;9.2167;0;0;S;Osen, Mr. Olaf Elon;;7534;0.11529246717691422;0;True;true_negative;0.8847075328230858;0.3847075328230858
271;0;1;male;;31.0;0;0;S;Cairns, Mr. Alexander;;113798;0.43257132172584534;0;True;true_negative;0.5674286782741547;0.06742867827415466
113;0;3;male;22.0;8.05;0;0;S;Barton, Mr. David John;;324669;0.04255311191082001;0;True;true_negative;0.95744688808918;0.45744688808918
721;1;2;female;6.0;33.0;0;1;S;"Harper, Miss. Annie Jessie ""Nina""";;248727;0.9186692833900452;1;True;true_positive;0.9186692833900452;0.41866928339004517
181;0;3;female;;69.55;8;2;S;Sage, Miss. Constance Gladys;;CA. 2343;0.05437244102358818;0;True;true_negative;0.9456275589764118;0.4456275589764118
636;1;2;female;28.0;13.0;0;0;S;Davis, Miss. Mary;;237668;0.5747479200363159;1;True;true_positive;0.5747479200363159;0.07474792003631592
862;0;2;male;21.0;11.5;1;0;S;Giles, Mr. Frederick Edward;;28134;0.08685847371816635;0;True;true_negative;0.9131415262818336;0.41314152628183365
412;0;3;male;;6.8583;0;0;Q;Hart, Mr. Henry;;394140;0.009178278036415577;0;True;true_negative;0.9908217219635844;0.4908217219635844
18;1;2;male;;13.0;0;0;S;Williams, Mr. Charles Eugene;;244373;0.06514303386211395;0;False;false_negative;0.934856966137886;0.43485696613788605
222;0;2;male;27.0;13.0;0;0;S;Bracken, Mr. James H;;220367;0.26563432812690735;0;True;true_negative;0.7343656718730927;0.23436567187309265
170;0;3;male;28.0;56.4958;0;0;S;Ling, Mr. Lee;;1601;0.3593238294124603;0;True;true_negative;0.6406761705875397;0.14067617058753967
234;1;3;female;5.0;31.3875;4;2;S;Asplund, Miss. Lillian Gertrud;;347077;0.07728928327560425;0;False;false_negative;0.9227107167243958;0.42271071672439575
434;0;3;male;17.0;7.125;0;0;S;Kallio, Mr. Nikolai Erland;;STON/O 2. 3101274;0.12124794721603394;0;True;true_negative;0.8787520527839661;0.37875205278396606
847;0;3;male;;69.55;8;2;S;Sage, Mr. Douglas Bullen;;CA. 2343;0.015122772194445133;0;True;true_negative;0.9848772278055549;0.48487722780555487
711;1;1;female;24.0;49.5042;0;0;C;"Mayne, Mlle. Berthe Antonine (""Mrs de Villiers"")";C90;PC 17482;0.5747479200363159;1;True;true_positive;0.5747479200363159;0.07474792003631592
325;0;3;male;;69.55;8;2;S;Sage, Mr. George John Jr;;CA. 2343;0.03813624754548073;0;True;true_negative;0.9618637524545193;0.46186375245451927
526;0;3;male;40.5;7.75;0;0;Q;Farrell, Mr. James;;367232;0.011166678741574287;0;True;true_negative;0.9888333212584257;0.4888333212584257
78;0;3;male;;8.05;0;0;S;Moutal, Mr. Rahamin Haim;;374746;0.13069698214530945;0;True;true_negative;0.8693030178546906;0.36930301785469055
642;1;1;female;24.0;69.3;0;0;C;Sagesser, Mlle. Emma;B35;PC 17477;0.9909340143203735;1;True;true_positive;0.9909340143203735;0.49093401432037354
348;1;3;female;;16.1;1;0;S;Davison, Mrs. Thomas Henry (Mary E Finck);;386525;0.7761718034744263;1;True;true_positive;0.7761718034744263;0.27617180347442627
758;0;2;male;18.0;11.5;0;0;S;Bailey, Mr. Percy Andrew;;29108;0.10232428461313248;0;True;true_negative;0.8976757153868675;0.3976757153868675
374;0;1;male;22.0;135.6333;0;0;C;Ringhini, Mr. Sante;;PC 17760;0.37774792313575745;0;True;true_negative;0.6222520768642426;0.12225207686424255
124;1;2;female;32.5;13.0;0;0;S;Webber, Miss. Susan;E101;27267;0.8882612586021423;1;True;true_positive;0.8882612586021423;0.38826125860214233
473;1;2;female;33.0;27.75;1;2;S;West, Mrs. Edwy Arthur (Ada Mary Worth);;C.A. 34651;0.9843878746032715;1;True;true_positive;0.9843878746032715;0.4843878746032715
204;0;3;male;45.5;7.225;0;0;C;Youseff, Mr. Gerious;;2628;0.049353595823049545;0;True;true_negative;0.9506464041769505;0.45064640417695045
231;1;1;female;35.0;83.475;1;0;S;Harris, Mrs. Henry Birkhardt (Irene Wallach);C83;36973;0.9951964020729065;1;True;true_positive;0.9951964020729065;0.4951964020729065
47;0;3;male;;15.5;1;0;Q;Lennon, Mr. Denis;;370371;0.03293948248028755;0;True;true_negative;0.9670605175197124;0.46706051751971245
692;1;3;female;4.0;13.4167;0;1;C;Karun, Miss. Manca;;349256;0.9586973786354065;1;True;true_positive;0.9586973786354065;0.4586973786354065
647;0;3;male;19.0;7.8958;0;0;S;Cor, Mr. Liudevit;;349231;0.04065500944852829;0;True;true_negative;0.9593449905514717;0.4593449905514717
696;0;2;male;52.0;13.5;0;0;S;Chapman, Mr. Charles Henry;;248731;0.09749509394168854;0;True;true_negative;0.9025049060583115;0.40250490605831146
857;1;1;female;45.0;164.8667;1;1;S;Wick, Mrs. George Dennick (Mary Hitchcock);;36928;0.9484562277793884;1;True;true_positive;0.9484562277793884;0.4484562277793884
720;0;3;male;33.0;7.775;0;0;S;Johnson, Mr. Malkolm Joackim;;347062;0.08786188066005707;0;True;true_negative;0.9121381193399429;0.41213811933994293
429;0;3;male;;7.75;0;0;Q;Flynn, Mr. James;;364851;0.017883779481053352;0;True;true_negative;0.9821162205189466;0.48211622051894665
461;1;1;male;48.0;26.55;0;0;S;Anderson, Mr. Harry;E12;19952;0.5463817119598389;1;True;true_positive;0.5463817119598389;0.04638171195983887
820;0;3;male;10.0;27.9;3;2;S;Skoog, Master. Karl Thorsten;;347088;0.06143903732299805;0;True;true_negative;0.938560962677002;0.43856096267700195
311;1;1;female;24.0;83.1583;0;0;C;Hays, Miss. Margaret Bechstein;C54;11767;0.9854972958564758;1;True;true_positive;0.9854972958564758;0.48549729585647583
760;1;1;female;33.0;86.5;0;0;S;Rothes, the Countess. of (Lucy Noel Martha Dyer-Edwards);B77;110152;0.9777075052261353;1;True;true_positive;0.9777075052261353;0.47770750522613525
350;0;3;male;42.0;8.6625;0;0;S;Dimic, Mr. Jovan;;315088;0.14832885563373566;0;True;true_negative;0.8516711443662643;0.35167114436626434
445;1;3;male;;8.1125;0;0;S;Johannesen-Bratthammer, Mr. Bernt;;65306;0.09323666244745255;0;False;false_negative;0.9067633375525475;0.40676333755254745
136;0;2;male;23.0;15.0458;0;0;C;Richard, Mr. Emile;;SC/PARIS 2133;0.26563432812690735;0;True;true_negative;0.7343656718730927;0.23436567187309265
848;0;3;male;35.0;7.8958;0;0;C;Markoff, Mr. Marin;;349213;0.26563432812690735;0;True;true_negative;0.7343656718730927;0.23436567187309265
66;1;3;male;;15.2458;1;1;C;Moubarek, Master. Gerios;;2661;0.799960732460022;1;True;true_positive;0.799960732460022;0.299960732460022
654;1;3;female;;7.8292;0;0;Q;"O'Leary, Miss. Hanora ""Norah""";;330919;0.653609573841095;1;True;true_positive;0.653609573841095;0.15360957384109497
750;0;3;male;31.0;7.75;0;0;Q;Connaghton, Mr. Michael;;335097;0.26563432812690735;0;True;true_negative;0.7343656718730927;0.23436567187309265
362;0;2;male;29.0;27.7208;1;0;C;del Carlo, Mr. Sebastiano;;SC/PARIS 2167;0.06008359417319298;0;True;true_negative;0.939916405826807;0.439916405826807
387;0;3;male;1.0;46.9;5;2;S;Goodwin, Master. Sidney Leonard;;CA 2144;0.10572649538516998;0;True;true_negative;0.89427350461483;0.39427350461483
122;0;3;male;;8.05;0;0;S;Moore, Mr. Leonard Charles;;A4. 54510;0.26563432812690735;0;True;true_negative;0.7343656718730927;0.23436567187309265
535;0;3;female;30.0;8.6625;0;0;S;Cacic, Miss. Marija;;315084;0.3820430636405945;0;True;true_negative;0.6179569363594055;0.11795693635940552
827;0;3;male;;56.4958;0;0;S;Lam, Mr. Len;;1601;0.3695126473903656;0;True;true_negative;0.6304873526096344;0.1304873526096344
685;0;2;male;60.0;39.0;1;1;S;Brown, Mr. Thomas William Solomon;;29750;0.0479714497923851;0;True;true_negative;0.9520285502076149;0.4520285502076149
347;1;2;female;40.0;13.0;0;0;S;Smith, Miss. Marion Elsie;;31418;0.8642430901527405;1;True;true_positive;0.8642430901527405;0.3642430901527405
889;0;3;female;;23.45;1;2;S;"Johnston, Miss. Catherine Helen ""Carrie""";;W./C. 6607;0.13810712099075317;0;True;true_negative;0.8618928790092468;0.3618928790092468
319;1;1;female;31.0;164.8667;0;2;S;Wick, Miss. Mary Natalie;C7;36928;0.5747479200363159;1;True;true_positive;0.5747479200363159;0.07474792003631592
252;0;3;female;29.0;10.4625;1;1;S;Strom, Mrs. Wilhelm (Elna Matilda Persson);G6;347054;0.6192858219146729;1;False;false_positive;0.6192858219146729;0.11928582191467285
301;1;3;female;;7.75;0;0;Q;"Kelly, Miss. Anna Katherine ""Annie Kate""";;9234;0.7571558356285095;1;True;true_positive;0.7571558356285095;0.2571558356285095
580;1;3;male;32.0;7.925;0;0;S;Jussila, Mr. Eiriik;;STON/O 2. 3101286;0.12035128474235535;0;False;false_negative;0.8796487152576447;0.37964871525764465
407;0;3;male;51.0;7.75;0;0;S;Widegren, Mr. Carl/Charles Peter;;347064;0.08615022152662277;0;True;true_negative;0.9138497784733772;0.41384977847337723
338;1;1;female;41.0;134.5;0;0;C;Burns, Miss. Elizabeth Margaret;E40;16966;0.5747479200363159;1;True;true_positive;0.5747479200363159;0.07474792003631592
717;1;1;female;38.0;227.525;0;0;C;Endres, Miss. Caroline Louise;C45;PC 17757;0.5747479200363159;1;True;true_positive;0.5747479200363159;0.07474792003631592
298;0;1;female;2.0;151.55;1;2;S;Allison, Miss. Helen Loraine;C22 C26;113781;0.9923509955406189;1;False;false_positive;0.9923509955406189;0.4923509955406189
573;1;1;male;36.0;26.3875;0;0;S;"Flynn, Mr. John Irwin (""Irving"")";E25;PC 17474;0.7417852878570557;1;True;true_positive;0.7417852878570557;0.24178528785705566
51;0;3;male;7.0;39.6875;4;1;S;Panula, Master. Juha Niilo;;3101295;0.1384512484073639;0;True;true_negative;0.8615487515926361;0.3615487515926361
676;0;3;male;18.0;7.775;0;0;S;Edvardsson, Mr. Gustaf Hjalmar;;349912;0.09571900963783264;0;True;true_negative;0.9042809903621674;0.40428099036216736
571;1;2;male;62.0;10.5;0;0;S;Harris, Mr. George;;S.W./PP 752;0.028854694217443466;0;False;false_negative;0.9711453057825565;0.47114530578255653
756;1;2;male;0.67;14.5;1;1;S;Hamalainen, Master. Viljo;;250649;0.8484119772911072;1;True;true_positive;0.8484119772911072;0.3484119772911072
120;0;3;female;2.0;31.275;4;2;S;Andersson, Miss. Ellis Anna Maria;;347082;0.26868900656700134;0;True;true_negative;0.7313109934329987;0.23131099343299866
466;0;3;male;38.0;7.05;0;0;S;Goncalves, Mr. Manuel Estanslas;;SOTON/O.Q. 3101306;0.01596003584563732;0;True;true_negative;0.9840399641543627;0.4840399641543627
570;1;3;male;32.0;7.8542;0;0;S;Jonsson, Mr. Carl;;350417;0.11953891813755035;0;False;false_negative;0.8804610818624496;0.38046108186244965
418;1;2;female;18.0;13.0;0;2;S;Silven, Miss. Lyyli Karoliina;;250652;0.5747479200363159;1;True;true_positive;0.5747479200363159;0.07474792003631592
17;0;3;male;2.0;29.125;4;1;Q;Rice, Master. Eugene;;382652;0.31407076120376587;0;True;true_negative;0.6859292387962341;0.18592923879623413
264;0;1;male;40.0;0.0;0;0;S;Harrison, Mr. William;B94;112059;0.07171380519866943;0;True;true_negative;0.9282861948013306;0.42828619480133057
64;0;3;male;4.0;27.9;3;2;S;Skoog, Master. Harald;;347088;0.31407076120376587;0;True;true_negative;0.6859292387962341;0.18592923879623413
448;1;1;male;34.0;26.55;0;0;S;Seward, Mr. Frederic Kimber;;113794;0.24970293045043945;0;False;false_negative;0.7502970695495605;0.25029706954956055
689;0;3;male;18.0;7.7958;0;0;S;Fischer, Mr. Eberhard Thelander;;350036;0.0487043596804142;0;True;true_negative;0.9512956403195858;0.4512956403195858
877;0;3;male;20.0;9.8458;0;0;S;Gustafsson, Mr. Alfred Ossian;;7534;0.03072378598153591;0;True;true_negative;0.9692762140184641;0.4692762140184641
475;0;3;female;22.0;9.8375;0;0;S;Strandberg, Miss. Ida Sofia;;7553;0.47412487864494324;0;True;true_negative;0.5258751213550568;0.025875121355056763
840;1;1;male;;29.7;0;0;C;Marechal, Mr. Pierre;C47;11774;0.15675628185272217;0;False;false_negative;0.8432437181472778;0.34324371814727783
398;0;2;male;46.0;26.0;0;0;S;McKane, Mr. Peter David;;28403;0.027358403429389;0;True;true_negative;0.972641596570611;0.472641596570611
114;0;3;female;20.0;9.825;1;0;S;Jussila, Miss. Katriina;;4136;0.3953765630722046;0;True;true_negative;0.6046234369277954;0.10462343692779541
83;1;3;female;;7.7875;0;0;Q;McDermott, Miss. Brigdet Delia;;330932;0.8706300854682922;1;True;true_positive;0.8706300854682922;0.37063008546829224
882;0;3;male;33.0;7.8958;0;0;S;Markun, Mr. Johann;;349257;0.08697400242090225;0;True;true_negative;0.9130259975790977;0.41302599757909775
98;1;1;male;23.0;63.3583;0;1;C;Greenfield, Mr. William Bertram;D10 D12;PC 17759;0.38174617290496826;0;False;false_negative;0.6182538270950317;0.11825382709503174
469;0;3;male;;7.725;0;0;Q;Scanlan, Mr. James;;36209;0.02015106752514839;0;True;true_negative;0.9798489324748516;0.4798489324748516
612;0;3;male;;7.05;0;0;S;Jardin, Mr. Jose Neto;;SOTON/O.Q. 3101305;0.06572262942790985;0;True;true_negative;0.9342773705720901;0.43427737057209015
549;0;3;male;33.0;20.525;1;1;S;Goldsmith, Mr. Frank John;;363291;0.12175986915826797;0;True;true_negative;0.878240130841732;0.378240130841732
773;0;2;female;57.0;10.5;0;0;S;Mack, Mrs. (Mary);E77;S.O./P.P. 3;0.9568082690238953;1;False;false_positive;0.9568082690238953;0.45680826902389526
678;1;3;female;18.0;9.8417;0;0;S;Turja, Miss. Anna Sofia;;4138;0.2919245660305023;0;False;false_negative;0.7080754339694977;0.20807543396949768
182;0;2;male;;15.05;0;0;C;Pernot, Mr. Rene;;SC/PARIS 2131;0.05089985951781273;0;True;true_negative;0.9491001404821873;0.44910014048218727
36;0;1;male;42.0;52.0;1;0;S;Holverson, Mr. Alexander Oskar;;113789;0.28392982482910156;0;True;true_negative;0.7160701751708984;0.21607017517089844
295;0;3;male;24.0;7.8958;0;0;S;Mineff, Mr. Ivan;;349233;0.055019836872816086;0;True;true_negative;0.9449801631271839;0.4449801631271839
871;0;3;male;26.0;7.8958;0;0;S;Balkic, Mr. Cerin;;349248;0.16498182713985443;0;True;true_negative;0.8350181728601456;0.33501817286014557
714;0;3;male;29.0;9.4833;0;0;S;Larsson, Mr. August Viktor;;7545;0.14019359648227692;0;True;true_negative;0.8598064035177231;0.3598064035177231
148;0;3;female;9.0;34.375;2;2;S;"Ford, Miss. Robina Maggie ""Ruby""";;W./C. 6608;0.06852231919765472;0;True;true_negative;0.9314776808023453;0.4314776808023453
128;1;3;male;24.0;7.1417;0;0;S;Madsen, Mr. Fridtjof Arne;;C 17369;0.11075768619775772;0;False;false_negative;0.8892423138022423;0.3892423138022423
502;0;3;female;21.0;7.75;0;0;Q;Canavan, Miss. Mary;;364846;0.5324833989143372;1;False;false_positive;0.5324833989143372;0.03248339891433716
191;1;2;female;32.0;13.0;0;0;S;Pinsky, Mrs. (Rosa);;234604;0.5747479200363159;1;True;true_positive;0.5747479200363159;0.07474792003631592
659;0;2;male;23.0;13.0;0;0;S;Eitemiller, Mr. George Floyd;;29751;0.010496101342141628;0;True;true_negative;0.9895038986578584;0.48950389865785837
283;0;3;male;16.0;9.5;0;0;S;de Pelsmaeker, Mr. Alfons;;345778;0.0788835659623146;0;True;true_negative;0.9211164340376854;0.4211164340376854
608;1;1;male;27.0;30.5;0;0;S;Daniel, Mr. Robert Williams;;113804;0.5049110054969788;1;True;true_positive;0.5049110054969788;0.00491100549697876
375;0;3;female;3.0;21.075;3;1;S;Palsson, Miss. Stina Viola;;349909;0.2876507341861725;0;True;true_negative;0.7123492658138275;0.21234926581382751
384;1;1;female;35.0;52.0;1;0;S;Holverson, Mrs. Alexander Oskar (Mary Aline Towner);;113789;0.5747479200363159;1;True;true_positive;0.5747479200363159;0.07474792003631592
183;0;3;male;9.0;31.3875;4;2;S;Asplund, Master. Clarence Gustaf Hugo;;347077;0.1145087406039238;0;True;true_negative;0.8854912593960762;0.3854912593960762
75;1;3;male;32.0;56.4958;0;0;S;Bing, Mr. Lee;;1601;0.6424643993377686;1;True;true_positive;0.6424643993377686;0.14246439933776855
169;0;1;male;;25.925;0;0;S;Baumann, Mr. John D;;PC 17318;0.14287930727005005;0;True;true_negative;0.85712069272995;0.35712069272994995
390;1;2;female;17.0;12.0;0;0;C;Lehmann, Miss. Bertha;;SC 1748;0.9684808254241943;1;True;true_positive;0.9684808254241943;0.46848082542419434
67;1;2;female;29.0;10.5;0;0;S;Nye, Mrs. (Elizabeth Ramell);F33;C.A. 29395;0.8967355489730835;1;True;true_positive;0.8967355489730835;0.3967355489730835
766;1;1;female;51.0;77.9583;1;0;S;Hogeboom, Mrs. John C (Anna Andrews);D11;13502;0.9783384203910828;1;True;true_positive;0.9783384203910828;0.47833842039108276
213;0;3;male;22.0;7.25;0;0;S;Perkin, Mr. John Henry;;A/5 21174;0.142767995595932;0;True;true_negative;0.857232004404068;0.357232004404068
49;0;3;male;;21.6792;2;0;C;Samaan, Mr. Youssef;;2662;0.0990414097905159;0;True;true_negative;0.9009585902094841;0.4009585902094841
296;0;1;male;;27.7208;0;0;C;Lewy, Mr. Ervin G;;PC 17612;0.35152021050453186;0;True;true_negative;0.6484797894954681;0.14847978949546814
147;1;3;male;27.0;7.7958;0;0;S;"Andersson, Mr. August Edvard (""Wennerstrom"")";;350043;0.26563432812690735;0;False;false_negative;0.7343656718730927;0.23436567187309265
360;1;3;female;;7.8792;0;0;Q;"Mockler, Miss. Helen Mary ""Ellie""";;330980;0.653609573841095;1;True;true_positive;0.653609573841095;0.15360957384109497
322;0;3;male;27.0;7.8958;0;0;S;Danoff, Mr. Yoto;;349219;0.6268272399902344;1;False;false_positive;0.6268272399902344;0.12682723999023438
794;0;1;male;;30.6958;0;0;C;Hoyt, Mr. William Fisher;;PC 17600;0.5401780605316162;1;False;false_positive;0.5401780605316162;0.04017806053161621
25;0;3;female;8.0;21.075;3;1;S;Palsson, Miss. Torborg Danira;;349909;0.1175423189997673;0;True;true_negative;0.8824576810002327;0.3824576810002327
736;0;3;male;28.5;16.1;0;0;S;Williams, Mr. Leslie;;54636;0.10663700103759766;0;True;true_negative;0.8933629989624023;0.39336299896240234
111;0;1;male;47.0;52.0;0;0;S;Porter, Mr. Walter Chamberlain;C110;110465;0.22196100652217865;0;True;true_negative;0.7780389934778214;0.27803899347782135
340;0;1;male;45.0;35.5;0;0;S;Blackwell, Mr. Stephen Weart;T;113784;0.3795129358768463;0;True;true_negative;0.6204870641231537;0.12048706412315369
539;0;3;male;;14.5;0;0;S;Risien, Mr. Samuel Beard;;364498;0.03558334708213806;0;True;true_negative;0.9644166529178619;0.46441665291786194
394;1;1;female;23.0;113.275;1;0;C;Newell, Miss. Marjorie;D36;35273;0.9822583198547363;1;True;true_positive;0.9822583198547363;0.48225831985473633
443;0;3;male;25.0;7.775;1;0;S;Petterson, Mr. Johan Emil;;347076;0.10404383391141891;0;True;true_negative;0.8959561660885811;0.3959561660885811
416;0;3;female;;8.05;0;0;S;Meek, Mrs. Thomas (Annie Louise Rowley);;343095;0.7529714703559875;1;False;false_positive;0.7529714703559875;0.25297147035598755
364;0;3;male;35.0;7.05;0;0;S;Asim, Mr. Adola;;SOTON/O.Q. 3101310;0.26563432812690735;0;True;true_negative;0.7343656718730927;0.23436567187309265
392;1;3;male;21.0;7.7958;0;0;S;Jansson, Mr. Carl Olof;;350034;0.08779410272836685;0;False;false_negative;0.9122058972716331;0.41220589727163315
643;0;3;female;2.0;27.9;3;2;S;Skoog, Miss. Margit Elizabeth;;347088;0.03269483521580696;0;True;true_negative;0.967305164784193;0.46730516478419304
699;0;1;male;49.0;110.8833;1;1;C;Thayer, Mr. John Borland;C68;17421;0.15644225478172302;0;True;true_negative;0.843557745218277;0.343557745218277
787;1;3;female;18.0;7.4958;0;0;S;Sjoblom, Miss. Anna Sofia;;3101265;0.48164960741996765;0;False;false_negative;0.5183503925800323;0.01835039258003235
70;0;3;male;26.0;8.6625;2;0;S;Kink, Mr. Vincenz;;315151;0.26563432812690735;0;True;true_negative;0.7343656718730927;0.23436567187309265
467;0;2;male;;0.0;0;0;S;Campbell, Mr. William;;239853;0.05115697160363197;0;True;true_negative;0.948843028396368;0.448843028396368
176;0;3;male;18.0;7.8542;1;1;S;Klasen, Mr. Klas Albin;;350404;0.039592668414115906;0;True;true_negative;0.9604073315858841;0.4604073315858841
281;0;3;male;65.0;7.75;0;0;Q;Duane, Mr. Frank;;336439;0.008246893994510174;0;True;true_negative;0.9917531060054898;0.4917531060054898
835;0;3;male;18.0;8.3;0;0;S;Allum, Mr. Owen George;;2223;0.08866892009973526;0;True;true_negative;0.9113310799002647;0.41133107990026474
669;0;3;male;43.0;8.05;0;0;S;Cook, Mr. Jacob;;A/5 3536;0.1061791405081749;0;True;true_negative;0.8938208594918251;0.3938208594918251
449;1;3;female;5.0;19.2583;2;1;C;Baclini, Miss. Marie Catherine;;2666;0.9027626514434814;1;True;true_positive;0.9027626514434814;0.40276265144348145
229;0;2;male;18.0;13.0;0;0;S;Fahlstrom, Mr. Arne Jonas;;236171;0.10232428461313248;0;True;true_negative;0.8976757153868675;0.3976757153868675
421;0;3;male;;7.8958;0;0;C;Gheorgheff, Mr. Stanio;;349254;0.2277192324399948;0;True;true_negative;0.7722807675600052;0.2722807675600052
221;1;3;male;16.0;8.05;0;0;S;Sunderland, Mr. Victor Francis;;SOTON/OQ 392089;0.05353701487183571;0;False;false_negative;0.9464629851281643;0.4464629851281643
71;0;2;male;32.0;10.5;0;0;S;Jenkin, Mr. Stephen Curnow;;C.A. 33111;0.12141166627407074;0;True;true_negative;0.8785883337259293;0.37858833372592926
834;0;3;male;23.0;7.8542;0;0;S;Augustsson, Mr. Albert;;347468;0.11163481324911118;0;True;true_negative;0.8883651867508888;0.3883651867508888
886;0;3;female;39.0;29.125;0;5;Q;Rice, Mrs. William (Margaret Norton);;382652;0.18418055772781372;0;True;true_negative;0.8158194422721863;0.3158194422721863
16;1;2;female;55.0;16.0;0;0;S;Hewlett, Mrs. (Mary D Kingcome) ;;248706;0.8435356616973877;1;True;true_positive;0.8435356616973877;0.3435356616973877
587;0;2;male;47.0;15.0;0;0;S;Jarvis, Mr. John Denzil;;237565;0.05447864532470703;0;True;true_negative;0.945521354675293;0.44552135467529297
582;1;1;female;39.0;110.8833;1;1;C;Thayer, Mrs. John Borland (Marian Longstreth Morris);C68;17421;0.5747479200363159;1;True;true_positive;0.5747479200363159;0.07474792003631592
628;1;1;female;21.0;77.9583;0;0;S;Longley, Miss. Gretchen Fiske;D9;13502;0.9387392997741699;1;True;true_positive;0.9387392997741699;0.4387392997741699
330;1;1;female;16.0;57.9792;0;1;C;Hippach, Miss. Jean Gertrude;B18;111361;0.9936890602111816;1;True;true_positive;0.9936890602111816;0.49368906021118164
726;0;3;male;20.0;8.6625;0;0;S;Oreskovic, Mr. Luka;;315094;0.02261512540280819;0;True;true_negative;0.9773848745971918;0.4773848745971918
409;0;3;male;21.0;7.775;0;0;S;Birkeland, Mr. Hans Martin Monsen;;312992;0.08541953563690186;0;True;true_negative;0.9145804643630981;0.41458046436309814
664;0;3;male;36.0;7.4958;0;0;S;Coleff, Mr. Peju;;349210;0.08515497297048569;0;True;true_negative;0.9148450270295143;0.4148450270295143
507;1;2;female;33.0;26.0;0;2;S;Quick, Mrs. Frederick Charles (Jane Richards);;26360;0.5747479200363159;1;True;true_positive;0.5747479200363159;0.07474792003631592
737;0;3;female;48.0;34.375;1;3;S;Ford, Mrs. Edward (Margaret Ann Watson);;W./C. 6608;0.23144225776195526;0;True;true_negative;0.7685577422380447;0.26855774223804474
578;1;1;female;39.0;55.9;1;0;S;Silvey, Mrs. William Baird (Alice Munger);E44;13507;0.9704962968826294;1;True;true_positive;0.9704962968826294;0.4704962968826294
607;0;3;male;30.0;7.8958;0;0;S;Karaic, Mr. Milan;;349246;0.08120887726545334;0;True;true_negative;0.9187911227345467;0.41879112273454666
287;1;3;male;30.0;9.5;0;0;S;de Mulder, Mr. Theodore;;345774;0.07933936268091202;0;False;false_negative;0.920660637319088;0.420660637319088
839;1;3;male;32.0;56.4958;0;0;S;Chip, Mr. Chang;;1601;0.7579831480979919;1;True;true_positive;0.7579831480979919;0.25798314809799194
435;0;1;male;50.0;55.9;1;0;S;Silvey, Mr. William Baird;E44;13507;0.7883455753326416;1;False;false_positive;0.7883455753326416;0.2883455753326416
592;1;1;female;52.0;78.2667;1;0;C;Stephenson, Mrs. Walter Bertram (Martha Eustis);D20;36947;0.5747479200363159;1;True;true_positive;0.5747479200363159;0.07474792003631592
145;0;2;male;18.0;11.5;0;0;S;Andrew, Mr. Edgardo Samuel;;231945;0.0581374317407608;0;True;true_negative;0.9418625682592392;0.4418625682592392
243;0;2;male;29.0;10.5;0;0;S;Coleridge, Mr. Reginald Charles;;W./C. 14263;0.26563432812690735;0;True;true_negative;0.7343656718730927;0.23436567187309265
601;1;2;female;24.0;27.0;2;1;S;Jacobsohn, Mrs. Sidney Samuel (Amy Frances Christy);;243847;0.8024570941925049;1;True;true_positive;0.8024570941925049;0.3024570941925049
819;0;3;male;43.0;6.45;0;0;S;Holm, Mr. John Fredrik Alexander;;C 7075;0.28430745005607605;0;True;true_negative;0.715692549943924;0.21569254994392395
722;0;3;male;17.0;7.0542;1;0;S;Jensen, Mr. Svend Lauritz;;350048;0.26563432812690735;0;True;true_negative;0.7343656718730927;0.23436567187309265
19;0;3;female;31.0;18.0;1;0;S;Vander Planke, Mrs. Julius (Emelia Maria Vandemoortele);;345763;0.7612520456314087;1;False;false_positive;0.7612520456314087;0.2612520456314087
631;1;1;male;80.0;30.0;0;0;S;Barkworth, Mr. Algernon Henry Wilson;A23;27042;0.20596033334732056;0;False;false_negative;0.7940396666526794;0.29403966665267944
256;1;3;female;29.0;15.2458;0;2;C;Touma, Mrs. Darwis (Hanne Youssef Razi);;2650;0.26289141178131104;0;False;false_negative;0.737108588218689;0.23710858821868896
809;0;2;male;39.0;13.0;0;0;S;Meyer, Mr. August;;248723;0.11602503061294556;0;True;true_negative;0.8839749693870544;0.38397496938705444
39;0;3;female;18.0;18.0;2;0;S;Vander Planke, Miss. Augusta Maria;;345764;0.4964215159416199;0;True;true_negative;0.5035784840583801;0.003578484058380127
686;0;2;male;25.0;41.5792;1;2;C;Laroche, Mr. Joseph Philippe Lemercier;;SC/Paris 2123;0.07559998333454132;0;True;true_negative;0.9244000166654587;0.4244000166654587
299;1;1;male;;30.5;0;0;S;Saalfeld, Mr. Adolphe;C106;19988;0.507703959941864;1;True;true_positive;0.507703959941864;0.007703959941864014
369;1;3;female;;7.75;0;0;Q;Jermyn, Miss. Annie;;14313;0.7598100900650024;1;True;true_positive;0.7598100900650024;0.25981009006500244
112;0;3;female;14.5;14.4542;1;0;C;Zabour, Miss. Hileni;;2665;0.499299556016922;0;True;true_negative;0.500700443983078;0.0007004439830780029
501;0;3;male;17.0;8.6625;0;0;S;Calic, Mr. Petar;;315086;0.09003867208957672;0;True;true_negative;0.9099613279104233;0.4099613279104233
863;1;1;female;48.0;25.9292;0;0;S;Swift, Mrs. Frederick Joel (Margaret Welles Barron);D17;17466;0.5747479200363159;1;True;true_positive;0.5747479200363159;0.07474792003631592
388;1;2;female;36.0;13.0;0;0;S;Buss, Miss. Kate;;27849;0.5747479200363159;1;True;true_positive;0.5747479200363159;0.07474792003631592
593;0;3;male;47.0;7.25;0;0;S;Elsbury, Mr. William James;;A/5 3902;0.26563432812690735;0;True;true_negative;0.7343656718730927;0.23436567187309265
45;1;3;female;19.0;7.8792;0;0;Q;Devaney, Miss. Margaret Delia;;330958;0.6409658789634705;1;True;true_positive;0.6409658789634705;0.14096587896347046
594;0;3;female;;7.75;0;2;Q;Bourke, Miss. Mary;;364848;0.5324833989143372;1;False;false_positive;0.5324833989143372;0.03248339891433716
386;0;2;male;18.0;73.5;0;0;S;Davies, Mr. Charles Henry;;S.O.C. 14879;0.3243105113506317;0;True;true_negative;0.6756894886493683;0.1756894886493683
867;1;2;female;27.0;13.8583;1;0;C;Duran y More, Miss. Asuncion;;SC/PARIS 2149;0.8426119685173035;1;True;true_positive;0.8426119685173035;0.34261196851730347
572;1;1;female;53.0;51.4792;2;0;S;Appleton, Mrs. Edward Dale (Charlotte Lamson);C101;11769;0.929530680179596;1;True;true_positive;0.929530680179596;0.42953068017959595
764;1;1;female;36.0;120.0;1;2;S;Carter, Mrs. William Ernest (Lucile Polk);B96 B98;113760;0.988403856754303;1;True;true_positive;0.988403856754303;0.488403856754303
187;1;3;female;;15.5;1;0;Q;"O'Brien, Mrs. Thomas (Johanna ""Hannah"" Godfrey)";;370365;0.4964215159416199;0;False;false_negative;0.5035784840583801;0.003578484058380127
162;1;2;female;40.0;15.75;0;0;S;"Watt, Mrs. James (Elizabeth ""Bessie"" Inglis Milne)";;C.A. 33595;0.8867185115814209;1;True;true_positive;0.8867185115814209;0.3867185115814209
411;0;3;male;;7.8958;0;0;S;Sdycoff, Mr. Todor;;349222;0.12191082537174225;0;True;true_negative;0.8780891746282578;0.37808917462825775
408;1;2;male;3.0;18.75;1;1;S;Richards, Master. William Rowe;;29106;0.9509681463241577;1;True;true_positive;0.9509681463241577;0.4509681463241577
131;0;3;male;33.0;7.8958;0;0;C;Drazenoic, Mr. Jozef;;349241;0.132660910487175;0;True;true_negative;0.867339089512825;0.367339089512825
193;1;3;female;19.0;7.8542;1;0;S;Andersen-Jensen, Miss. Carla Christine Nielsine;;350046;0.4382198750972748;0;False;false_negative;0.5617801249027252;0.06178012490272522
450;1;1;male;52.0;30.5;0;0;S;Peuchen, Major. Arthur Godfrey;C104;113786;0.3452160656452179;0;False;false_negative;0.6547839343547821;0.1547839343547821
853;0;3;female;9.0;15.2458;1;1;C;Boulos, Miss. Nourelain;;2678;0.7138150930404663;1;False;false_positive;0.7138150930404663;0.2138150930404663
704;0;3;male;25.0;7.7417;0;0;Q;Gallagher, Mr. Martin;;36864;0.26563432812690735;0;True;true_negative;0.7343656718730927;0.23436567187309265
487;1;1;female;35.0;90.0;1;0;S;Hoyt, Mrs. Frederick Maxfield (Jane Anne Forby);C93;19943;0.9975416660308838;1;True;true_positive;0.9975416660308838;0.4975416660308838
309;0;2;male;30.0;24.0;1;0;C;Abelson, Mr. Samuel;;P/PP 3381;0.020160337910056114;0;True;true_negative;0.9798396620899439;0.4798396620899439
121;0;2;male;21.0;73.5;2;0;S;Hickman, Mr. Stanley George;;S.O.C. 14879;0.3243105113506317;0;True;true_negative;0.6756894886493683;0.1756894886493683
600;1;1;male;49.0;56.9292;1;0;C;"Duff Gordon, Sir. Cosmo Edmund (""Mr Morgan"")";A20;PC 17485;0.8162841200828552;1;True;true_positive;0.8162841200828552;0.3162841200828552
324;1;2;female;22.0;29.0;1;1;S;Caldwell, Mrs. Albert Francis (Sylvia Mae Harbaugh);;248738;0.9062652587890625;1;True;true_positive;0.9062652587890625;0.4062652587890625
457;0;1;male;65.0;26.55;0;0;S;Millet, Mr. Francis Davis;E38;13509;0.3440151810646057;0;True;true_negative;0.6559848189353943;0.1559848189353943
557;1;1;female;48.0;39.6;1;0;C;"Duff Gordon, Lady. (Lucille Christiana Sutherland) (""Mrs Morgan"")";A16;11755;0.7952857613563538;1;True;true_positive;0.7952857613563538;0.29528576135635376
186;0;1;male;;50.0;0;0;S;Rood, Mr. Hugh Roscoe;A32;113767;0.4495697319507599;0;True;true_negative;0.5504302680492401;0.05043026804924011
297;0;3;male;23.5;7.2292;0;0;C;Hanna, Mr. Mansour;;2693;0.3052591383457184;0;True;true_negative;0.6947408616542816;0.19474086165428162
796;0;2;male;39.0;13.0;0;0;S;Otter, Mr. Richard;;28213;0.09768150001764297;0;True;true_negative;0.902318499982357;0.402318499982357
144;0;3;male;19.0;6.75;0;0;Q;Burke, Mr. Jeremiah;;365222;0.08280538022518158;0;True;true_negative;0.9171946197748184;0.4171946197748184
241;0;3;female;;14.4542;1;0;C;Zabour, Miss. Thamine;;2665;0.4323975741863251;0;True;true_negative;0.5676024258136749;0.06760242581367493
836;1;1;female;39.0;83.1583;1;1;C;Compton, Miss. Sara Rebecca;E49;PC 17756;0.9884132742881775;1;True;true_positive;0.9884132742881775;0.4884132742881775
802;1;2;female;31.0;26.25;1;1;S;Collyer, Mrs. Harvey (Charlotte Annie Tate);;C.A. 31921;0.9747500419616699;1;True;true_positive;0.9747500419616699;0.4747500419616699
609;1;2;female;22.0;41.5792;1;2;C;Laroche, Mrs. Joseph (Juliette Marie Louise Lafargue);;SC/Paris 2123;0.9305455088615417;1;True;true_positive;0.9305455088615417;0.43054550886154175
488;0;1;male;58.0;29.7;0;0;C;Kent, Mr. Edward Austin;B37;11771;0.20537056028842926;0;True;true_negative;0.7946294397115707;0.29462943971157074
784;0;3;male;;23.45;1;2;S;Johnston, Mr. Andrew G;;W./C. 6607;0.26563432812690735;0;True;true_negative;0.7343656718730927;0.23436567187309265
239;0;2;male;19.0;10.5;0;0;S;Pengelly, Mr. Frederick William;;28665;0.034932296723127365;0;True;true_negative;0.9650677032768726;0.46506770327687263
638;0;2;male;31.0;26.25;1;1;S;Collyer, Mr. Harvey;;C.A. 31921;0.26563432812690735;0;True;true_negative;0.7343656718730927;0.23436567187309265
550;1;2;male;8.0;36.75;1;1;S;Davies, Master. John Morgan Jr;;C.A. 33112;0.5564813613891602;1;True;true_positive;0.5564813613891602;0.056481361389160156
190;0;3;male;36.0;7.8958;0;0;S;Turcin, Mr. Stjepan;;349247;0.08338482677936554;0;True;true_negative;0.9166151732206345;0.41661517322063446
660;0;1;male;58.0;113.275;0;2;C;Newell, Mr. Arthur Webster;D48;35273;0.18060334026813507;0;True;true_negative;0.8193966597318649;0.31939665973186493
399;0;2;male;23.0;10.5;0;0;S;Pain, Dr. Alfred;;244278;0.03222154825925827;0;True;true_negative;0.9677784517407417;0.46777845174074173
730;0;3;female;25.0;7.925;1;0;S;Ilmakangas, Miss. Pieta Sofia;;STON/O2. 3101271;0.5324833989143372;1;False;false_positive;0.5324833989143372;0.03248339891433716
606;0;3;male;36.0;15.55;1;0;S;Lindell, Mr. Edvard Bengtsson;;349910;0.09223809093236923;0;True;true_negative;0.9077619090676308;0.40776190906763077
198;0;3;male;42.0;8.4042;0;1;S;Olsen, Mr. Karl Siegwart Andreas;;4579;0.26563432812690735;0;True;true_negative;0.7343656718730927;0.23436567187309265
430;1;3;male;32.0;8.05;0;0;S;Pickard, Mr. Berk (Berk Trembisky);E10;SOTON/O.Q. 392078;0.26563432812690735;0;False;false_negative;0.7343656718730927;0.23436567187309265
230;0;3;female;;25.4667;3;1;S;Lefebre, Miss. Mathilde;;4133;0.06096451357007027;0;True;true_negative;0.9390354864299297;0.43903548642992973
812;0;3;male;39.0;24.15;0;0;S;Lester, Mr. James;;A/4 48871;0.08279763162136078;0;True;true_negative;0.9172023683786392;0.4172023683786392
887;0;2;male;27.0;13.0;0;0;S;Montvila, Rev. Juozas;;211536;0.6143085956573486;1;False;false_positive;0.6143085956573486;0.11430859565734863
858;1;1;male;51.0;26.55;0;0;S;Daly, Mr. Peter Denis ;E17;113055;0.29126104712486267;0;False;false_negative;0.7087389528751373;0.20873895287513733
300;1;1;female;50.0;247.5208;0;1;C;Baxter, Mrs. James (Helene DeLaudeniere Chaput);B58 B60;PC 17558;0.9773305654525757;1;True;true_positive;0.9773305654525757;0.4773305654525757
188;1;1;male;45.0;26.55;0;0;S;"Romaine, Mr. Charles Hallace (""Mr C Rolmane"")";;111428;0.13194376230239868;0;False;false_negative;0.8680562376976013;0.3680562376976013
155;0;3;male;;7.3125;0;0;S;Olsen, Mr. Ole Martin;;Fa 265302;0.0483909472823143;0;True;true_negative;0.9516090527176857;0.4516090527176857
344;0;2;male;25.0;13.0;0;0;S;Sedgwick, Mr. Charles Frederick Waddington;;244361;0.009519441053271294;0;True;true_negative;0.9904805589467287;0.4904805589467287
818;0;2;male;31.0;37.0042;1;1;C;Mallet, Mr. Albert;;S.C./PARIS 2079;0.10445617139339447;0;True;true_negative;0.8955438286066055;0.39554382860660553
94;0;3;male;26.0;20.575;1;2;S;Dean, Mr. Bertram Frank;;C.A. 2315;0.008203649893403053;0;True;true_negative;0.991796350106597;0.49179635010659695
635;0;3;female;9.0;27.9;3;2;S;Skoog, Miss. Mabel;;347088;0.035408370196819305;0;True;true_negative;0.9645916298031807;0.4645916298031807
561;0;3;male;;7.75;0;0;Q;Morrow, Mr. Thomas Rowan;;372622;0.07790045440196991;0;True;true_negative;0.9220995455980301;0.4220995455980301
586;1;1;female;18.0;79.65;0;2;S;Taussig, Miss. Ruth;E68;110413;0.9759820699691772;1;True;true_positive;0.9759820699691772;0.47598206996917725
146;0;2;male;19.0;36.75;1;1;S;Nicholls, Mr. Joseph Charles;;C.A. 33112;0.3243105113506317;0;True;true_negative;0.6756894886493683;0.1756894886493683
130;0;3;male;45.0;6.975;0;0;S;Ekstrom, Mr. Johan;;347061;0.021132145076990128;0;True;true_negative;0.9788678549230099;0.4788678549230099
69;1;3;female;17.0;7.925;4;2;S;Andersson, Miss. Erna Alexandra;;3101281;0.14894865453243256;0;False;false_negative;0.8510513454675674;0.35105134546756744
353;0;3;male;15.0;7.2292;1;1;C;Elias, Mr. Tannous;;2695;0.17148752510547638;0;True;true_negative;0.8285124748945236;0.3285124748945236
323;1;2;female;30.0;12.35;0;0;Q;Slayter, Miss. Hilda Mary;;234818;0.90554279088974;1;True;true_positive;0.90554279088974;0.40554279088974
841;0;3;male;20.0;7.925;0;0;S;Alhomaki, Mr. Ilmari Rudolf;;SOTON/O2 3101287;0.26563432812690735;0;True;true_negative;0.7343656718730927;0.23436567187309265
199;1;3;female;;7.75;0;0;Q;"Madigan, Miss. Margaret ""Maggie""";;370370;0.653609573841095;1;True;true_positive;0.653609573841095;0.15360957384109497
741;1;1;male;;30.0;0;0;S;Hawksford, Mr. Walter James;D45;16988;0.6935747861862183;1;True;true_positive;0.6935747861862183;0.19357478618621826
644;1;3;male;;56.4958;0;0;S;Foo, Mr. Choong;;1601;0.28819167613983154;0;False;false_negative;0.7118083238601685;0.21180832386016846
385;0;3;male;;7.8958;0;0;S;Plotcharsky, Mr. Vasil;;349227;0.12191082537174225;0;True;true_negative;0.8780891746282578;0.37808917462825775
171;0;1;male;61.0;33.5;0;0;S;Van der hoef, Mr. Wyckoff;B19;111240;0.05212252214550972;0;True;true_negative;0.9478774778544903;0.4478774778544903
453;0;1;male;30.0;27.75;0;0;C;Foreman, Mr. Benjamin Laventall;C111;113051;0.440711110830307;0;True;true_negative;0.559288889169693;0.05928888916969299
366;0;3;male;30.0;7.25;0;0;S;Adahl, Mr. Mauritz Nils Martin;;C 7076;0.07982208579778671;0;True;true_negative;0.9201779142022133;0.4201779142022133
480;1;3;female;2.0;12.2875;0;1;S;Hirvonen, Miss. Hildur E;;3101298;0.6853355765342712;1;True;true_positive;0.6853355765342712;0.18533557653427124
701;1;1;female;18.0;227.525;1;0;C;Astor, Mrs. John Jacob (Madeleine Talmadge Force);C62 C64;PC 17757;0.5747479200363159;1;True;true_positive;0.5747479200363159;0.07474792003631592
20;1;3;female;;7.225;0;0;C;Masselmani, Mrs. Fatima;;2649;0.612524688243866;1;True;true_positive;0.612524688243866;0.11252468824386597
880;1;1;female;56.0;83.1583;0;1;C;Potter, Mrs. Thomas Jr (Lily Alexenia Wilson);C50;11767;0.5747479200363159;1;True;true_positive;0.5747479200363159;0.07474792003631592
224;0;3;male;;7.8958;0;0;S;Nenkoff, Mr. Christo;;349234;0.12191082537174225;0;True;true_negative;0.8780891746282578;0.37808917462825775
843;1;1;female;30.0;31.0;0;0;C;Serepeca, Miss. Augusta;;113798;0.9614980220794678;1;True;true_positive;0.9614980220794678;0.4614980220794678
775;1;2;female;54.0;23.0;1;3;S;Hocking, Mrs. Elizabeth (Eliza Needs);;29105;0.6396170258522034;1;True;true_positive;0.6396170258522034;0.13961702585220337
462;0;3;male;34.0;8.05;0;0;S;Morley, Mr. William;;364506;0.1392347812652588;0;True;true_negative;0.8607652187347412;0.3607652187347412
770;0;3;male;32.0;8.3625;0;0;S;Gronnestad, Mr. Daniel Danielsen;;8471;0.26563432812690735;0;True;true_negative;0.7343656718730927;0.23436567187309265
806;0;3;male;31.0;7.775;0;0;S;Johansson, Mr. Karl Johan;;347063;0.26563432812690735;0;True;true_negative;0.7343656718730927;0.23436567187309265
559;1;1;female;39.0;79.65;1;1;S;Taussig, Mrs. Emil (Tillie Mandelbaum);E67;110413;0.5747479200363159;1;True;true_positive;0.5747479200363159;0.07474792003631592
518;0;3;male;;24.15;0;0;Q;Ryan, Mr. Patrick;;371110;0.04509150981903076;0;True;true_negative;0.9549084901809692;0.45490849018096924
95;0;3;male;59.0;7.25;0;0;S;Coxon, Mr. Daniel;;364500;0.016380222514271736;0;True;true_negative;0.9836197774857283;0.48361977748572826
619;1;2;female;4.0;39.0;2;1;S;Becker, Miss. Marion Louise;F4;230136;0.9341538548469543;1;True;true_positive;0.9341538548469543;0.43415385484695435
778;1;3;female;5.0;12.475;0;0;S;Emanuel, Miss. Virginia Ethel;;364516;0.8844491839408875;1;True;true_positive;0.8844491839408875;0.38444918394088745
693;1;3;male;;56.4958;0;0;S;Lam, Mr. Ali;;1601;0.3695126473903656;0;False;false_negative;0.6304873526096344;0.1304873526096344
117;0;3;male;70.5;7.75;0;0;Q;Connors, Mr. Patrick;;370369;0.08050942420959473;0;True;true_negative;0.9194905757904053;0.4194905757904053
228;0;3;male;20.5;7.25;0;0;S;"Lovell, Mr. John Hall (""Henry"")";;A/5 21173;0.048659197986125946;0;True;true_negative;0.951340802013874;0.45134080201387405
768;0;3;female;30.5;7.75;0;0;Q;Mangan, Miss. Mary;;364850;0.2510982155799866;0;True;true_negative;0.7489017844200134;0.24890178442001343
15;0;3;female;14.0;7.8542;0;0;S;Vestrom, Miss. Hulda Amanda Adolfina;;350406;0.8722060918807983;1;False;false_positive;0.8722060918807983;0.37220609188079834
749;0;1;male;19.0;53.1;1;0;S;Marvin, Mr. Daniel Warner;D30;113773;0.5730722546577454;1;False;false_positive;0.5730722546577454;0.07307225465774536
306;1;1;male;0.92;151.55;1;2;S;Allison, Master. Hudson Trevor;C22 C26;113781;0.7934361696243286;1;True;true_positive;0.7934361696243286;0.2934361696243286
872;1;1;female;47.0;52.5542;1;1;S;Beckwith, Mrs. Richard Leonard (Sallie Monypeny);D35;11751;0.9776347875595093;1;True;true_positive;0.9776347875595093;0.4776347875595093
666;0;2;male;32.0;73.5;2;0;S;Hickman, Mr. Lewis;;S.O.C. 14879;0.4584752023220062;0;True;true_negative;0.5415247976779938;0.041524797677993774
555;1;3;female;22.0;7.775;0;0;S;Ohman, Miss. Velin;;347085;0.8020994067192078;1;True;true_positive;0.8020994067192078;0.30209940671920776
27;0;3;male;;7.225;0;0;C;Emir, Mr. Farred Chehab;;2631;0.053742025047540665;0;True;true_negative;0.9462579749524593;0.44625797495245934
537;0;1;male;45.0;26.55;0;0;S;Butt, Major. Archibald Willingham;B38;113050;0.4554944336414337;0;True;true_negative;0.5445055663585663;0.044505566358566284
536;1;2;female;7.0;26.25;0;2;S;Hart, Miss. Eva Miriam;;F.C.C. 13529;0.9197107553482056;1;True;true_positive;0.9197107553482056;0.41971075534820557
356;0;3;male;28.0;9.5;0;0;S;Vanden Steen, Mr. Leo Peter;;345783;0.08270660787820816;0;True;true_negative;0.9172933921217918;0.41729339212179184
668;0;3;male;;7.775;0;0;S;Rommetvedt, Mr. Knud Paust;;312993;0.20626042783260345;0;True;true_negative;0.7937395721673965;0.29373957216739655
495;0;3;male;21.0;8.05;0;0;S;Stanley, Mr. Edward Roland;;A/4 45380;0.035778895020484924;0;True;true_negative;0.9642211049795151;0.4642211049795151
441;1;2;female;45.0;26.25;1;1;S;Hart, Mrs. Benjamin (Esther Ada Bloomfield);;F.C.C. 13529;0.7118911743164062;1;True;true_positive;0.7118911743164062;0.21189117431640625
870;1;3;male;4.0;11.1333;1;1;S;Johnson, Master. Harold Theodor;;347742;0.9599924683570862;1;True;true_positive;0.9599924683570862;0.4599924683570862
363;0;3;female;45.0;14.4542;0;1;C;Barbara, Mrs. (Catherine David);;2691;0.2361091524362564;0;True;true_negative;0.7638908475637436;0.2638908475637436
468;0;1;male;56.0;26.55;0;0;S;Smart, Mr. John Montgomery;;113792;0.39260342717170715;0;True;true_negative;0.6073965728282928;0.10739657282829285
35;0;1;male;28.0;82.1708;1;0;C;Meyer, Mr. Edgar Joseph;;PC 17604;0.3547511100769043;0;True;true_negative;0.6452488899230957;0.1452488899230957
554;1;3;male;22.0;7.225;0;0;C;"Leeni, Mr. Fahim (""Philip Zenni"")";;2620;0.26563432812690735;0;False;false_negative;0.7343656718730927;0.23436567187309265
891;0;3;male;32.0;7.75;0;0;Q;Dooley, Mr. Patrick;;370376;0.013105109333992004;0;True;true_negative;0.986894890666008;0.486894890666008
733;0;2;male;;0.0;0;0;S;Knight, Mr. Robert J;;239855;0.05115697160363197;0;True;true_negative;0.948843028396368;0.448843028396368
883;0;3;female;22.0;10.5167;0;0;S;Dahlberg, Miss. Gerda Ulrika;;7552;0.4480920732021332;0;True;true_negative;0.5519079267978668;0.05190792679786682
133;0;3;female;47.0;14.5;1;0;S;Robins, Mrs. Alexander A (Grace Charity Laury);;A/5. 3337;0.4964215159416199;0;True;true_negative;0.5035784840583801;0.003578484058380127
846;0;3;male;42.0;7.55;0;0;S;Abbing, Mr. Anthony;;C.A. 5547;0.26563432812690735;0;True;true_negative;0.7343656718730927;0.23436567187309265
873;0;1;male;33.0;5.0;0;0;S;Carlsson, Mr. Frans Olof;B51 B53 B55;695;0.06253304332494736;0;True;true_negative;0.9374669566750526;0.43746695667505264
618;0;3;female;26.0;16.1;1;0;S;Lobb, Mrs. William Arthur (Cordelia K Stanlick);;A/5. 3336;0.4964215159416199;0;True;true_negative;0.5035784840583801;0.003578484058380127
33;1;3;female;;7.75;0;0;Q;Glynn, Miss. Mary Agatha;;335677;0.7598100900650024;1;True;true_positive;0.7598100900650024;0.25981009006500244
716;0;3;male;19.0;7.65;0;0;S;Soholt, Mr. Peter Andreas Lauritz Andersen;F G73;348124;0.12029589712619781;0;True;true_negative;0.8797041028738022;0.3797041028738022
377;1;3;female;22.0;7.25;0;0;S;Landergren, Miss. Aurora Adelia;;C 7077;0.8084684610366821;1;True;true_positive;0.8084684610366821;0.30846846103668213
797;1;1;female;49.0;25.9292;0;0;S;Leader, Dr. Alice (Farnham);D17;17465;0.44761228561401367;0;False;false_negative;0.5523877143859863;0.05238771438598633
639;0;3;female;41.0;39.6875;0;5;S;Panula, Mrs. Juha (Maria Emilia Ojala);;3101295;0.16853982210159302;0;True;true_negative;0.831460177898407;0.331460177898407
308;1;1;female;17.0;108.9;1;0;C;Penasco y Castellana, Mrs. Victor de Satode (Maria Josefa Perez de Soto y Vallejo);C65;PC 17758;0.9941530823707581;1;True;true_positive;0.9941530823707581;0.49415308237075806
491;0;3;male;;19.9667;1;0;S;Hagland, Mr. Konrad Mathias Reiersen;;65304;0.02328067272901535;0;True;true_negative;0.9767193272709846;0.47671932727098465
414;0;2;male;;0.0;0;0;S;Cunningham, Mr. Alfred Fleming;;239853;0.28430745005607605;0;True;true_negative;0.715692549943924;0.21569254994392395
562;0;3;male;40.0;7.8958;0;0;S;Sivic, Mr. Husein;;349251;0.11262091994285583;0;True;true_negative;0.8873790800571442;0.38737908005714417
890;1;1;male;26.0;30.0;0;0;C;Behr, Mr. Karl Howell;C148;111369;0.440711110830307;0;False;false_negative;0.559288889169693;0.05928888916969299
739;0;3;male;;7.8958;0;0;S;Ivanoff, Mr. Kanio;;349201;0.26563432812690735;0;True;true_negative;0.7343656718730927;0.23436567187309265
72;0;3;female;16.0;46.9;5;2;S;Goodwin, Miss. Lillian Amy;;CA 2144;0.020590608939528465;0;True;true_negative;0.9794093910604715;0.47940939106047153
378;0;1;male;27.0;211.5;0;2;C;Widener, Mr. Harry Elkins;C82;113503;0.45384708046913147;0;True;true_negative;0.5461529195308685;0.04615291953086853
576;0;3;male;19.0;14.5;0;0;S;Patchett, Mr. George;;358585;0.007288618478924036;0;True;true_negative;0.992711381521076;0.49271138152107596
705;0;3;male;26.0;7.8542;1;0;S;Hansen, Mr. Henrik Juul;;350025;0.17657071352005005;0;True;true_negative;0.82342928647995;0.32342928647994995
531;1;2;female;2.0;26.0;1;1;S;Quick, Miss. Phyllis May;;26360;0.9583699107170105;1;True;true_positive;0.9583699107170105;0.4583699107170105
129;1;3;female;;22.3583;1;1;C;Peter, Miss. Anna;F E69;2668;0.629509449005127;1;True;true_positive;0.629509449005127;0.12950944900512695
824;1;3;female;27.0;12.475;0;1;S;Moor, Mrs. (Beila);E121;392096;0.7930974960327148;1;True;true_positive;0.7930974960327148;0.29309749603271484
724;0;2;male;50.0;13.0;0;0;S;Hodges, Mr. Henry Price;;250643;0.09457826614379883;0;True;true_negative;0.9054217338562012;0.40542173385620117
164;0;3;male;17.0;8.6625;0;0;S;Calic, Mr. Jovo;;315093;0.05695377662777901;0;True;true_negative;0.943046223372221;0.443046223372221
205;1;3;male;18.0;8.05;0;0;S;"Cohen, Mr. Gurshon ""Gus""";;A/5 3540;0.02596352994441986;0;False;false_negative;0.9740364700555801;0.47403647005558014
248;1;2;female;24.0;14.5;0;2;S;Hamalainen, Mrs. William (Anna);;250649;0.5747479200363159;1;True;true_positive;0.5747479200363159;0.07474792003631592
719;0;3;male;;15.5;0;0;Q;McEvoy, Mr. Michael;;36568;0.09340987354516983;0;True;true_negative;0.9065901264548302;0.40659012645483017
541;1;1;female;36.0;71.0;0;2;S;Crosby, Miss. Harriet R;B22;WE/P 5735;0.9902488589286804;1;True;true_positive;0.9902488589286804;0.4902488589286804
874;0;3;male;47.0;9.0;0;0;S;Vander Cruyssen, Mr. Victor;;345765;0.10487031191587448;0;True;true_negative;0.8951296880841255;0.3951296880841255
393;0;3;male;28.0;7.925;2;0;S;Gustafsson, Mr. Johan Birger;;3101277;0.1277633160352707;0;True;true_negative;0.8722366839647293;0.3722366839647293
73;0;2;male;21.0;73.5;0;0;S;Hood, Mr. Ambrose Jr;;S.O.C. 14879;0.1780358999967575;0;True;true_negative;0.8219641000032425;0.3219641000032425
528;0;1;male;;221.7792;0;0;S;Farthing, Mr. John;C95;PC 17483;0.32575953006744385;0;True;true_negative;0.6742404699325562;0.17424046993255615
783;0;1;male;29.0;30.0;0;0;S;Long, Mr. Milton Clyde;D6;113501;0.7117468118667603;1;False;false_positive;0.7117468118667603;0.21174681186676025
830;1;1;female;62.0;80.0;0;0;;Stone, Mrs. George Nelson (Martha Evelyn);B28;113572;0.9557256102561951;1;True;true_positive;0.9557256102561951;0.45572561025619507
613;1;3;female;;15.5;1;0;Q;Murphy, Miss. Margaret Jane;;367230;0.6029096841812134;1;True;true_positive;0.6029096841812134;0.10290968418121338
856;1;3;female;18.0;9.35;0;1;S;Aks, Mrs. Sam (Leah Rosen);;392091;0.36234959959983826;0;False;false_negative;0.6376504004001617;0.13765040040016174
663;0;1;male;47.0;25.5875;0;0;S;Colley, Mr. Edward Pomeroy;E58;5727;0.21704033017158508;0;True;true_negative;0.7829596698284149;0.2829596698284149
253;0;1;male;62.0;26.55;0;0;S;Stead, Mr. William Thomas;C87;113514;0.24718166887760162;0;True;true_negative;0.7528183311223984;0.2528183311223984
126;1;3;male;12.0;11.2417;1;0;C;Nicola-Yarred, Master. Elias;;2651;0.5472508668899536;1;True;true_positive;0.5472508668899536;0.04725086688995361
504;0;3;female;37.0;9.5875;0;0;S;Laitinen, Miss. Kristina Sofia;;4135;0.4247474670410156;0;True;true_negative;0.5752525329589844;0.07525253295898438
167;1;1;female;;55.0;0;1;S;Chibnall, Mrs. (Edith Martha Bowerman);E33;113505;0.9981479644775391;1;True;true_positive;0.9981479644775391;0.49814796447753906
382;1;3;female;1.0;15.7417;0;2;C;"Nakid, Miss. Maria (""Mary"")";;2653;0.8459883332252502;1;True;true_positive;0.8459883332252502;0.34598833322525024
832;1;2;male;0.83;18.75;1;1;S;Richards, Master. George Sibley;;29106;0.9711518883705139;1;True;true_positive;0.9711518883705139;0.4711518883705139
460;0;3;male;;7.75;0;0;Q;O'Connor, Mr. Maurice;;371060;0.024368014186620712;0;True;true_negative;0.9756319858133793;0.4756319858133793
226;0;3;male;22.0;9.35;0;0;S;Berglund, Mr. Karl Ivar Sven;;PP 4348;0.03308801352977753;0;True;true_negative;0.9669119864702225;0.4669119864702225
563;0;2;male;28.0;13.5;0;0;S;Norman, Mr. Robert Douglas;;218629;0.26563432812690735;0;True;true_negative;0.7343656718730927;0.23436567187309265
675;0;2;male;;0.0;0;0;S;Watson, Mr. Ennis Hastings;;239856;0.28430745005607605;0;True;true_negative;0.715692549943924;0.21569254994392395
734;0;2;male;23.0;13.0;0;0;S;Berriman, Mr. William John;;28425;0.02851049229502678;0;True;true_negative;0.9714895077049732;0.4714895077049732
589;0;3;male;22.0;8.05;0;0;S;Gilinski, Mr. Eliezer;;14973;0.03466114029288292;0;True;true_negative;0.9653388597071171;0.4653388597071171
799;0;3;male;30.0;7.2292;0;0;C;Ibrahim Shawah, Mr. Yousseff;;2685;0.10044229030609131;0;True;true_negative;0.8995577096939087;0.3995577096939087
333;0;1;male;38.0;153.4625;0;1;S;Graham, Mr. George Edward;C91;PC 17582;0.6540571451187134;1;False;false_positive;0.6540571451187134;0.15405714511871338
127;0;3;male;;7.75;0;0;Q;McMahon, Mr. Martin;;370372;0.01957692764699459;0;True;true_negative;0.9804230723530054;0.4804230723530054
57;1;2;female;21.0;10.5;0;0;S;Rugg, Miss. Emily;;C.A. 31026;0.7890040874481201;1;True;true_positive;0.7890040874481201;0.2890040874481201
496;0;3;male;;14.4583;0;0;C;Yousseff, Mr. Gerious;;2627;0.0464605987071991;0;True;true_negative;0.9535394012928009;0.4535394012928009
604;0;3;male;44.0;8.05;0;0;S;Torber, Mr. Ernst William;;364511;0.17897464334964752;0;True;true_negative;0.8210253566503525;0.3210253566503525
99;1;2;female;34.0;23.0;0;1;S;Doling, Mrs. John T (Ada Julia Bone);;231919;0.9560254216194153;1;True;true_positive;0.9560254216194153;0.4560254216194153
249;1;1;male;37.0;52.5542;1;1;S;Beckwith, Mr. Richard Leonard;D35;11751;0.3795129358768463;0;False;false_negative;0.6204870641231537;0.12048706412315369
575;0;3;male;16.0;8.05;0;0;S;Rush, Mr. Alfred George John;;A/4. 20589;0.26563432812690735;0;True;true_negative;0.7343656718730927;0.23436567187309265
439;0;1;male;64.0;263.0;1;4;S;Fortune, Mr. Mark;C23 C25 C27;19950;0.31150951981544495;0;True;true_negative;0.688490480184555;0.18849048018455505
861;0;3;male;41.0;14.1083;2;0;S;Hansen, Mr. Claus Peter;;350026;0.26563432812690735;0;True;true_negative;0.7343656718730927;0.23436567187309265
567;0;3;male;19.0;7.8958;0;0;S;Stoytcheff, Mr. Ilia;;349205;0.09787061810493469;0;True;true_negative;0.9021293818950653;0.4021293818950653
214;0;2;male;30.0;13.0;0;0;S;Givard, Mr. Hans Kristensen;;250646;0.1289893239736557;0;True;true_negative;0.8710106760263443;0.3710106760263443
653;0;3;male;21.0;8.4333;0;0;S;Kalvik, Mr. Johannes Halvorsen;;8475;0.03205718472599983;0;True;true_negative;0.9679428152740002;0.46794281527400017
564;0;3;male;;8.05;0;0;S;Simmons, Mr. John;;SOTON/OQ 392082;0.09555670619010925;0;True;true_negative;0.9044432938098907;0.40444329380989075
649;0;3;male;;7.55;0;0;S;Willey, Mr. Edward;;S.O./P.P. 751;0.048270080238580704;0;True;true_negative;0.9517299197614193;0.4517299197614193
2;1;1;female;38.0;71.2833;1;0;C;Cumings, Mrs. John Bradley (Florence Briggs Thayer);C85;PC 17599;0.9870226979255676;1;True;true_positive;0.9870226979255676;0.4870226979255676
422;0;3;male;21.0;7.7333;0;0;Q;Charters, Mr. David;;A/5. 13032;0.26563432812690735;0;True;true_negative;0.7343656718730927;0.23436567187309265
674;1;2;male;31.0;13.0;0;0;S;Wilhelms, Mr. Charles;;244270;0.26563432812690735;0;False;false_negative;0.7343656718730927;0.23436567187309265
119;0;1;male;24.0;247.5208;0;1;C;Baxter, Mr. Quigg Edmond;B58 B60;PC 17558;0.3314273953437805;0;True;true_negative;0.6685726046562195;0.16857260465621948
61;0;3;male;22.0;7.2292;0;0;C;Sirayanian, Mr. Orsen;;2669;0.42844778299331665;0;True;true_negative;0.5715522170066833;0.07155221700668335
37;1;3;male;;7.2292;0;0;C;Mamee, Mr. Hanna;;2677;0.047782182693481445;0;False;false_negative;0.9522178173065186;0.45221781730651855
708;1;1;male;42.0;26.2875;0;0;S;Calderhead, Mr. Edward Pennington;E24;PC 17476;0.42120662331581116;0;False;false_negative;0.5787933766841888;0.07879337668418884
703;0;3;female;18.0;14.4542;0;1;C;Barbara, Miss. Saiide;;2691;0.4964215159416199;0;True;true_negative;0.5035784840583801;0.003578484058380127
529;0;3;male;39.0;7.925;0;0;S;Salonen, Mr. Johan Werner;;3101296;0.26563432812690735;0;True;true_negative;0.7343656718730927;0.23436567187309265
63;0;1;male;45.0;83.475;1;0;S;Harris, Mr. Henry Birkhardt;C83;36973;0.30152881145477295;0;True;true_negative;0.698471188545227;0.19847118854522705
315;0;2;male;43.0;26.25;1;1;S;Hart, Mr. Benjamin;;F.C.C. 13529;0.08562477678060532;0;True;true_negative;0.9143752232193947;0.4143752232193947
742;0;1;male;36.0;78.85;1;0;S;Cavendish, Mr. Tyrell William;C46;19877;0.7988495230674744;1;False;false_positive;0.7988495230674744;0.29884952306747437
290;1;3;female;22.0;7.75;0;0;Q;Connolly, Miss. Kate;;370373;0.7571558356285095;1;True;true_positive;0.7571558356285095;0.2571558356285095
90;0;3;male;24.0;8.05;0;0;S;Celotti, Mr. Francesco;;343275;0.10695631802082062;0;True;true_negative;0.8930436819791794;0.3930436819791794
367;1;1;female;60.0;75.25;1;0;C;Warren, Mrs. Frank Manley (Anna Sophia Atkinson);D37;110813;0.9463312029838562;1;True;true_positive;0.9463312029838562;0.4463312029838562
74;0;3;male;26.0;14.4542;1;0;C;Chronopoulos, Mr. Apostolos;;2680;0.03744589537382126;0;True;true_negative;0.9625541046261787;0.46255410462617874
744;0;3;male;24.0;16.1;1;0;S;McNamee, Mr. Neal;;376566;0.03694099560379982;0;True;true_negative;0.9630590043962002;0.4630590043962002
682;1;1;male;27.0;76.7292;0;0;C;Hassab, Mr. Hammad;D49;PC 17572;0.510832667350769;1;True;true_positive;0.510832667350769;0.010832667350769043
96;0;3;male;;8.05;0;0;S;Shorney, Mr. Charles Joseph;;374910;0.13069698214530945;0;True;true_negative;0.8693030178546906;0.36930301785469055
14;0;3;male;39.0;31.275;1;5;S;Andersson, Mr. Anders Johan;;347082;0.0582754984498024;0;True;true_negative;0.9417245015501976;0.4417245015501976
240;0;2;male;33.0;12.275;0;0;S;Hunt, Mr. George Henry;;SCO/W 1585;0.12186072766780853;0;True;true_negative;0.8781392723321915;0.37813927233219147
406;0;2;male;34.0;21.0;1;0;S;Gale, Mr. Shadrach;;28664;0.26563432812690735;0;True;true_negative;0.7343656718730927;0.23436567187309265
707;1;2;female;45.0;13.5;0;0;S;"Kelly, Mrs. Florence ""Fannie""";;223596;0.5747479200363159;1;True;true_positive;0.5747479200363159;0.07474792003631592
695;0;1;male;60.0;26.55;0;0;S;Weir, Col. John;;113800;0.19832713901996613;0;True;true_negative;0.8016728609800339;0.3016728609800339
275;1;3;female;;7.75;0;0;Q;"Healy, Miss. Hanora ""Nora""";;370375;0.5324833989143372;1;True;true_positive;0.5324833989143372;0.03248339891433716
762;0;3;male;41.0;7.125;0;0;S;Nirva, Mr. Iisakki Antino Aijo;;SOTON/O2 3101272;0.032532770186662674;0;True;true_negative;0.9674672298133373;0.4674672298133373
321;0;3;male;22.0;7.25;0;0;S;Dennis, Mr. Samuel;;A/5 21172;0.09359965473413467;0;True;true_negative;0.9064003452658653;0.4064003452658653
23;1;3;female;15.0;8.0292;0;0;Q;"McGowan, Miss. Anna ""Annie""";;330923;0.9309860467910767;1;True;true_positive;0.9309860467910767;0.43098604679107666
544;1;2;male;32.0;26.0;1;0;S;Beane, Mr. Edward;;2908;0.040961697697639465;0;False;false_negative;0.9590383023023605;0.45903830230236053
683;0;3;male;20.0;9.225;0;0;S;Olsvigen, Mr. Thor Anderson;;6563;0.08370161801576614;0;True;true_negative;0.9162983819842339;0.41629838198423386
86;1;3;female;33.0;15.85;3;0;S;Backstrom, Mrs. Karl Alfred (Maria Mathilda Gustafsson);;3101278;0.5103724598884583;1;True;true_positive;0.5103724598884583;0.010372459888458252
354;0;3;male;25.0;17.8;1;0;S;Arnold-Franchi, Mr. Josef;;349237;0.054768916219472885;0;True;true_negative;0.9452310837805271;0.4452310837805271
178;0;1;female;50.0;28.7125;0;0;C;Isham, Miss. Ann Elizabeth;C49;PC 17595;0.5747479200363159;1;False;false_positive;0.5747479200363159;0.07474792003631592
6;0;3;male;;8.4583;0;0;Q;Moran, Mr. James;;330877;0.05528625473380089;0;True;true_negative;0.9447137452661991;0.4447137452661991
815;0;3;male;30.5;8.05;0;0;S;Tomlin, Mr. Ernest Portage;;364499;0.11226630210876465;0;True;true_negative;0.8877336978912354;0.38773369789123535
48;1;3;female;;7.75;0;0;Q;O'Driscoll, Miss. Bridget;;14311;0.7571558356285095;1;True;true_positive;0.7571558356285095;0.2571558356285095
516;0;1;male;47.0;34.0208;0;0;S;Walker, Mr. William Anderson;D46;36967;0.3795129358768463;0;True;true_negative;0.6204870641231537;0.12048706412315369
383;0;3;male;32.0;7.925;0;0;S;Tikkanen, Mr. Juho;;STON/O 2. 3101293;0.12035128474235535;0;True;true_negative;0.8796487152576447;0.37964871525764465
359;1;3;female;;7.8792;0;0;Q;McGovern, Miss. Mary;;330931;0.5324833989143372;1;True;true_positive;0.5324833989143372;0.03248339891433716
84;0;1;male;28.0;47.1;0;0;S;Carrau, Mr. Francisco M;;113059;0.04272429272532463;0;True;true_negative;0.9572757072746754;0.45727570727467537
579;0;3;female;;14.4583;1;0;C;Caram, Mrs. Joseph (Maria Elias);;2689;0.42098018527030945;0;True;true_negative;0.5790198147296906;0.07901981472969055
201;0;3;male;28.0;9.5;0;0;S;Vande Walle, Mr. Nestor Cyriel;;345770;0.26563432812690735;0;True;true_negative;0.7343656718730927;0.23436567187309265
671;1;2;female;40.0;39.0;1;1;S;Brown, Mrs. Thomas William Solomon (Elizabeth Catherine Ford);;29750;0.8584789037704468;1;True;true_positive;0.8584789037704468;0.3584789037704468
92;0;3;male;20.0;7.8542;0;0;S;Andreasson, Mr. Paul Edvin;;347466;0.061100032180547714;0;True;true_negative;0.9388999678194523;0.4388999678194523
352;0;1;male;;35.0;0;0;S;Williams-Lambert, Mr. Fletcher Fellows;C128;113510;0.48016151785850525;0;True;true_negative;0.5198384821414948;0.01983848214149475
842;0;2;male;16.0;10.5;0;0;S;Mudd, Mr. Thomas Charles;;S.O./P.P. 3;0.1289760321378708;0;True;true_negative;0.8710239678621292;0.3710239678621292
620;0;2;male;26.0;10.5;0;0;S;Gavey, Mr. Lawrence;;31028;0.11607018858194351;0;True;true_negative;0.8839298114180565;0.3839298114180565
242;1;3;female;;15.5;1;0;Q;"Murphy, Miss. Katherine ""Kate""";;367230;0.4964215159416199;0;False;false_negative;0.5035784840583801;0.003578484058380127
189;0;3;male;40.0;15.5;1;1;Q;Bourke, Mr. John;;364849;0.08260727673768997;0;True;true_negative;0.91739272326231;0.41739272326231003
810;1;1;female;33.0;53.1;1;0;S;Chambers, Mrs. Norman Campbell (Bertha Griggs);E8;113806;0.9981479644775391;1;True;true_positive;0.9981479644775391;0.49814796447753906
159;0;3;male;;8.6625;0;0;S;Smiljanic, Mr. Mile;;315037;0.07933936268091202;0;True;true_negative;0.920660637319088;0.420660637319088
454;1;1;male;49.0;89.1042;1;0;C;Goldenberg, Mr. Samuel L;C92;17453;0.23129110038280487;0;False;false_negative;0.7687088996171951;0.26870889961719513
140;0;1;male;24.0;79.2;0;0;C;Giglio, Mr. Victor;B86;PC 17593;0.5930380821228027;1;False;false_positive;0.5930380821228027;0.09303808212280273
4;1;1;female;35.0;53.1;1;0;S;Futrelle, Mrs. Jacques Heath (Lily May Peel);C123;113803;0.9793021082878113;1;True;true_positive;0.9793021082878113;0.4793021082878113
532;0;3;male;;7.2292;0;0;C;Toufik, Mr. Nakli;;2641;0.047782182693481445;0;True;true_negative;0.9522178173065186;0.45221781730651855
498;0;3;male;;15.1;0;0;S;Shellard, Mr. Frederick William;;C.A. 6212;0.26563432812690735;0;True;true_negative;0.7343656718730927;0.23436567187309265
455;0;3;male;;8.05;0;0;S;Peduzzi, Mr. Joseph;;A/5 2817;0.13069698214530945;0;True;true_negative;0.8693030178546906;0.36930301785469055
245;0;3;male;30.0;7.225;0;0;C;Attalah, Mr. Sleiman;;2694;0.10044229030609131;0;True;true_negative;0.8995577096939087;0.3995577096939087
88;0;3;male;;8.05;0;0;S;Slocovski, Mr. Selman Francis;;SOTON/OQ 392086;0.09323666244745255;0;True;true_negative;0.9067633375525475;0.40676333755254745
195;1;1;female;44.0;27.7208;0;0;C;Brown, Mrs. James Joseph (Margaret Tobin);B4;PC 17610;0.7446712851524353;1;True;true_positive;0.7446712851524353;0.2446712851524353
494;0;1;male;71.0;49.5042;0;0;C;Artagaveytia, Mr. Ramon;;PC 17609;0.09020230174064636;0;True;true_negative;0.9097976982593536;0.40979769825935364
484;1;3;female;63.0;9.5875;0;0;S;Turkula, Mrs. (Hedwig);;4134;0.3504822552204132;0;False;false_negative;0.6495177447795868;0.1495177447795868
828;1;2;male;1.0;37.0042;0;2;C;Mallet, Master. Andre;;S.C./PARIS 2079;0.944976806640625;1;True;true_positive;0.944976806640625;0.444976806640625
876;1;3;female;15.0;7.225;0;0;C;"Najib, Miss. Adele Kiamie ""Jane""";;2667;0.8868206739425659;1;True;true_positive;0.8868206739425659;0.3868206739425659
641;0;3;male;20.0;7.8542;0;0;S;Jensen, Mr. Hans Peder;;350050;0.061100032180547714;0;True;true_negative;0.9388999678194523;0.4388999678194523
339;1;3;male;45.0;8.05;0;0;S;Dahl, Mr. Karl Edwart;;7598;0.09949402511119843;0;False;false_negative;0.9005059748888016;0.4005059748888016
368;1;3;female;;7.2292;0;0;C;Moussa, Mrs. (Mantoura Boulos);;2626;0.6565800309181213;1;True;true_positive;0.6565800309181213;0.15658003091812134
803;1;1;male;11.0;120.0;1;2;S;Carter, Master. William Thornton II;B96 B98;113760;0.8700541853904724;1;True;true_positive;0.8700541853904724;0.3700541853904724
456;1;3;male;29.0;7.8958;0;0;C;Jalsevac, Mr. Ivan;;349240;0.26563432812690735;0;False;false_negative;0.7343656718730927;0.23436567187309265
485;1;1;male;25.0;91.0792;1;0;C;Bishop, Mr. Dickinson H;B49;11967;0.42639824748039246;0;False;false_negative;0.5736017525196075;0.07360175251960754
745;1;3;male;31.0;7.925;0;0;S;Stranden, Mr. Juho;;STON/O 2. 3101288;0.21491022408008575;0;False;false_negative;0.7850897759199142;0.28508977591991425
632;0;3;male;51.0;7.0542;0;0;S;Lundahl, Mr. Johan Svensson;;347743;0.0376148484647274;0;True;true_negative;0.9623851515352726;0.4623851515352726
627;0;2;male;57.0;12.35;0;0;Q;Kirkland, Rev. Charles Leonard;;219533;0.10750257968902588;0;True;true_negative;0.8924974203109741;0.3924974203109741
215;0;3;male;;7.75;1;0;Q;Kiernan, Mr. Philip;;367229;0.26563432812690735;0;True;true_negative;0.7343656718730927;0.23436567187309265
786;0;3;male;25.0;7.25;0;0;S;Harmer, Mr. Abraham (David Lishin);;374887;0.10804039239883423;0;True;true_negative;0.8919596076011658;0.39195960760116577
254;0;3;male;30.0;16.1;1;0;S;Lobb, Mr. William Arthur;;A/5. 3336;0.030212219804525375;0;True;true_negative;0.9697877801954746;0.4697877801954746
202;0;3;male;;69.55;8;2;S;Sage, Mr. Frederick;;CA. 2343;0.03813624754548073;0;True;true_negative;0.9618637524545193;0.46186375245451927
821;1;1;female;52.0;93.5;1;1;S;Hays, Mrs. Charles Melville (Clara Jennings Gregg);B69;12749;0.5747479200363159;1;True;true_positive;0.5747479200363159;0.07474792003631592
104;0;3;male;33.0;8.6542;0;0;S;Johansson, Mr. Gustaf Joel;;7540;0.09419979155063629;0;True;true_negative;0.9058002084493637;0.4058002084493637
220;0;2;male;30.0;10.5;0;0;S;Harris, Mr. Walter;;W/C 14208;0.05793250352144241;0;True;true_negative;0.9420674964785576;0.4420674964785576
134;1;2;female;29.0;26.0;1;0;S;Weisz, Mrs. Leopold (Mathilde Francoise Pede);;228414;0.9033631086349487;1;True;true_positive;0.9033631086349487;0.40336310863494873
427;1;2;female;28.0;26.0;1;0;S;Clarke, Mrs. Charles V (Ada Maria Winfield);;2003;0.7632262110710144;1;True;true_positive;0.7632262110710144;0.2632262110710144
556;0;1;male;62.0;26.55;0;0;S;Wright, Mr. George;;113807;0.31136757135391235;0;True;true_negative;0.6886324286460876;0.18863242864608765
530;0;2;male;23.0;11.5;2;1;S;Hocking, Mr. Richard George;;29104;0.015062347054481506;0;True;true_negative;0.9849376529455185;0.4849376529455185
331;1;3;female;;23.25;2;0;Q;McCoy, Miss. Agnes;;367226;0.45091670751571655;0;False;false_negative;0.5490832924842834;0.04908329248428345
334;0;3;male;16.0;18.0;2;0;S;Vander Planke, Mr. Leo Edmondus;;345764;0.26563432812690735;0;True;true_negative;0.7343656718730927;0.23436567187309265
255;0;3;female;41.0;20.2125;0;2;S;Rosblom, Mrs. Viktor (Helena Wilhelmina);;370129;0.3813050389289856;0;True;true_negative;0.6186949610710144;0.1186949610710144
106;0;3;male;28.0;7.8958;0;0;S;Mionoff, Mr. Stoytcho;;349207;0.24481253325939178;0;True;true_negative;0.7551874667406082;0.2551874667406082
428;1;2;female;19.0;26.0;0;0;S;"Phillips, Miss. Kate Florence (""Mrs Kate Louise Phillips Marshall"")";;250655;0.7724219560623169;1;True;true_positive;0.7724219560623169;0.2724219560623169
12;1;1;female;58.0;26.55;0;0;S;Bonnell, Miss. Elizabeth;C103;113783;0.5606685280799866;1;True;true_positive;0.5606685280799866;0.06066852807998657
662;0;3;male;40.0;7.225;0;0;C;Badt, Mr. Mohamed;;2623;0.0993189886212349;0;True;true_negative;0.9006810113787651;0.4006810113787651
42;0;2;female;27.0;21.0;1;0;S;Turpin, Mrs. William John Robert (Dorothy Ann Wonnacott);;11668;0.9733171463012695;1;False;false_positive;0.9733171463012695;0.47331714630126953
436;1;1;female;14.0;120.0;1;2;S;Carter, Miss. Lucile Polk;B96 B98;113760;0.9265944957733154;1;True;true_positive;0.9265944957733154;0.42659449577331543
553;0;3;male;;7.8292;0;0;Q;O'Brien, Mr. Timothy;;330979;0.11606188863515854;0;True;true_negative;0.8839381113648415;0.38393811136484146
